img_path,mask_path,shape,min,max,mean,std,msk_max
/home/grva-mintcave/Projects/Facies/Dataset/facies/tiles/images/img_00000.npy,/home/grva-mintcave/Projects/Facies/Dataset/facies/tiles/masks/img_00000.npy,"(4, 512, 512)",0.0,1.0,0.502945601940155,0.08682020008563995,5
/home/grva-mintcave/Projects/Facies/Dataset/facies/tiles/images/img_00001.npy,/home/grva-mintcave/Projects/Facies/Dataset/facies/tiles/masks/img_00001.npy,"(4, 512, 512)",0.0,1.0,0.502651035785675,0.09139631688594818,5
/home/grva-mintcave/Projects/Facies/Dataset/facies/tiles/images/img_00002.npy,/home/grva-mintcave/Projects/Facies/Dataset/facies/tiles/masks/img_00002.npy,"(4, 512, 512)",0.0,1.0,0.5034159421920776,0.1534791737794876,5
/home/grva-mintcave/Projects/Facies/Dataset/facies/tiles/images/img_00003.npy,/home/grva-mintcave/Projects/Facies/Dataset/facies/tiles/masks/img_00003.npy,"(4, 512, 512)",0.0,1.0,0.5033020973205566,0.16398151218891144,5
/home/grva-mintcave/Projects/Facies/Dataset/facies/tiles/images/img_00004.npy,/home/grva-mintcave/Projects/Facies/Dataset/facies/tiles/masks/img_00004.npy,"(4, 512, 512)",0.0,1.0,0.5032630562782288,0.16297376155853271,5
/home/grva-mintcave/Projects/Facies/Dataset/facies/tiles/images/img_00005.npy,/home/grva-mintcave/Projects/Facies/Dataset/facies/tiles/masks/img_00005.npy,"(4, 512, 512)",0.0,1.0,0.5032006502151489,0.08860869705677032,5
/home/grva-mintcave/Projects/Facies/Dataset/facies/tiles/images/img_00006.npy,/home/grva-mintcave/Projects/Facies/Dataset/facies/tiles/masks/img_00006.npy,"(4, 512, 512)",0.0,1.0,0.5027340054512024,0.09471415728330612,5
/home/grva-mintcave/Projects/Facies/Dataset/facies/tiles/images/img_00007.npy,/home/grva-mintcave/Projects/Facies/Dataset/facies/tiles/masks/img_00007.npy,"(4, 512, 512)",0.0,1.0,0.5033458471298218,0.1541934758424759,5
/home/grva-mintcave/Projects/Facies/Dataset/facies/tiles/images/img_00008.npy,/home/grva-mintcave/Projects/Facies/Dataset/facies/tiles/masks/img_00008.npy,"(4, 512, 512)",0.0,1.0,0.5026341080665588,0.165024533867836,5
/home/grva-mintcave/Projects/Facies/Dataset/facies/tiles/images/img_00009.npy,/home/grva-mintcave/Projects/Facies/Dataset/facies/tiles/masks/img_00009.npy,"(4, 512, 512)",0.0,1.0,0.5026021599769592,0.16402585804462433,5
/home/grva-mintcave/Projects/Facies/Dataset/facies/tiles/images/img_00010.npy,/home/grva-mintcave/Projects/Facies/Dataset/facies/tiles/masks/img_00010.npy,"(4, 512, 512)",0.0,1.0,0.5030725598335266,0.12538063526153564,5
/home/grva-mintcave/Projects/Facies/Dataset/facies/tiles/images/img_00011.npy,/home/grva-mintcave/Projects/Facies/Dataset/facies/tiles/masks/img_00011.npy,"(4, 512, 512)",0.0,1.0,0.5029742121696472,0.1280185729265213,5
/home/grva-mintcave/Projects/Facies/Dataset/facies/tiles/images/img_00012.npy,/home/grva-mintcave/Projects/Facies/Dataset/facies/tiles/masks/img_00012.npy,"(4, 512, 512)",0.0,1.0,0.5031876564025879,0.1719595342874527,5
/home/grva-mintcave/Projects/Facies/Dataset/facies/tiles/images/img_00013.npy,/home/grva-mintcave/Projects/Facies/Dataset/facies/tiles/masks/img_00013.npy,"(4, 512, 512)",0.0,1.0,0.502988338470459,0.18536435067653656,5
/home/grva-mintcave/Projects/Facies/Dataset/facies/tiles/images/img_00014.npy,/home/grva-mintcave/Projects/Facies/Dataset/facies/tiles/masks/img_00014.npy,"(4, 512, 512)",0.0,1.0,0.5029824376106262,0.1844792664051056,5
/home/grva-mintcave/Projects/Facies/Dataset/facies/tiles/images/img_00015.npy,/home/grva-mintcave/Projects/Facies/Dataset/facies/tiles/masks/img_00015.npy,"(4, 512, 512)",0.0,1.0,0.5032643675804138,0.1261984258890152,5
/home/grva-mintcave/Projects/Facies/Dataset/facies/tiles/images/img_00016.npy,/home/grva-mintcave/Projects/Facies/Dataset/facies/tiles/masks/img_00016.npy,"(4, 512, 512)",0.0,1.0,0.5027807354927063,0.13060685992240906,5
/home/grva-mintcave/Projects/Facies/Dataset/facies/tiles/images/img_00017.npy,/home/grva-mintcave/Projects/Facies/Dataset/facies/tiles/masks/img_00017.npy,"(4, 512, 512)",0.0,1.0,0.5031179189682007,0.17157094180583954,5
/home/grva-mintcave/Projects/Facies/Dataset/facies/tiles/images/img_00018.npy,/home/grva-mintcave/Projects/Facies/Dataset/facies/tiles/masks/img_00018.npy,"(4, 512, 512)",0.0,1.0,0.5017937421798706,0.1832687109708786,5
/home/grva-mintcave/Projects/Facies/Dataset/facies/tiles/images/img_00019.npy,/home/grva-mintcave/Projects/Facies/Dataset/facies/tiles/masks/img_00019.npy,"(4, 512, 512)",0.0,1.0,0.5017684102058411,0.1824159026145935,5
/home/grva-mintcave/Projects/Facies/Dataset/facies/tiles/images/img_00020.npy,/home/grva-mintcave/Projects/Facies/Dataset/facies/tiles/masks/img_00020.npy,"(4, 512, 512)",0.0,1.0,0.5035293698310852,0.14934572577476501,5
/home/grva-mintcave/Projects/Facies/Dataset/facies/tiles/images/img_00021.npy,/home/grva-mintcave/Projects/Facies/Dataset/facies/tiles/masks/img_00021.npy,"(4, 512, 512)",0.0,1.0,0.5025398135185242,0.15058939158916473,5
/home/grva-mintcave/Projects/Facies/Dataset/facies/tiles/images/img_00022.npy,/home/grva-mintcave/Projects/Facies/Dataset/facies/tiles/masks/img_00022.npy,"(4, 512, 512)",0.0,1.0,0.502194881439209,0.19893310964107513,5
/home/grva-mintcave/Projects/Facies/Dataset/facies/tiles/images/img_00023.npy,/home/grva-mintcave/Projects/Facies/Dataset/facies/tiles/masks/img_00023.npy,"(4, 512, 512)",0.0,1.0,0.5025900602340698,0.21078655123710632,5
/home/grva-mintcave/Projects/Facies/Dataset/facies/tiles/images/img_00024.npy,/home/grva-mintcave/Projects/Facies/Dataset/facies/tiles/masks/img_00024.npy,"(4, 512, 512)",0.0,1.0,0.5025599598884583,0.2101798802614212,5
/home/grva-mintcave/Projects/Facies/Dataset/facies/tiles/images/img_00025.npy,/home/grva-mintcave/Projects/Facies/Dataset/facies/tiles/masks/img_00025.npy,"(4, 512, 512)",0.0,1.0,0.5038330554962158,0.14884182810783386,5
/home/grva-mintcave/Projects/Facies/Dataset/facies/tiles/images/img_00026.npy,/home/grva-mintcave/Projects/Facies/Dataset/facies/tiles/masks/img_00026.npy,"(4, 512, 512)",0.0,1.0,0.5023730993270874,0.15250685811042786,5
/home/grva-mintcave/Projects/Facies/Dataset/facies/tiles/images/img_00027.npy,/home/grva-mintcave/Projects/Facies/Dataset/facies/tiles/masks/img_00027.npy,"(4, 512, 512)",0.0,1.0,0.5020994544029236,0.19701409339904785,5
/home/grva-mintcave/Projects/Facies/Dataset/facies/tiles/images/img_00028.npy,/home/grva-mintcave/Projects/Facies/Dataset/facies/tiles/masks/img_00028.npy,"(4, 512, 512)",0.0,1.0,0.5020900368690491,0.2072373330593109,5
/home/grva-mintcave/Projects/Facies/Dataset/facies/tiles/images/img_00029.npy,/home/grva-mintcave/Projects/Facies/Dataset/facies/tiles/masks/img_00029.npy,"(4, 512, 512)",0.0,1.0,0.5020630359649658,0.20660153031349182,5
/home/grva-mintcave/Projects/Facies/Dataset/facies/tiles/images/img_00030.npy,/home/grva-mintcave/Projects/Facies/Dataset/facies/tiles/masks/img_00030.npy,"(4, 512, 512)",0.0,1.0,0.5037932991981506,0.1730060577392578,5
/home/grva-mintcave/Projects/Facies/Dataset/facies/tiles/images/img_00031.npy,/home/grva-mintcave/Projects/Facies/Dataset/facies/tiles/masks/img_00031.npy,"(4, 512, 512)",0.0,1.0,0.5025701522827148,0.17619769275188446,5
/home/grva-mintcave/Projects/Facies/Dataset/facies/tiles/images/img_00032.npy,/home/grva-mintcave/Projects/Facies/Dataset/facies/tiles/masks/img_00032.npy,"(4, 512, 512)",0.0,1.0,0.5017693638801575,0.2241702526807785,5
/home/grva-mintcave/Projects/Facies/Dataset/facies/tiles/images/img_00033.npy,/home/grva-mintcave/Projects/Facies/Dataset/facies/tiles/masks/img_00033.npy,"(4, 512, 512)",0.0,1.0,0.502280592918396,0.22761887311935425,5
/home/grva-mintcave/Projects/Facies/Dataset/facies/tiles/images/img_00034.npy,/home/grva-mintcave/Projects/Facies/Dataset/facies/tiles/masks/img_00034.npy,"(4, 512, 512)",0.0,1.0,0.5022501945495605,0.22722256183624268,5
/home/grva-mintcave/Projects/Facies/Dataset/facies/tiles/images/img_00035.npy,/home/grva-mintcave/Projects/Facies/Dataset/facies/tiles/masks/img_00035.npy,"(4, 512, 512)",0.0,1.0,0.5043146014213562,0.17158526182174683,5
/home/grva-mintcave/Projects/Facies/Dataset/facies/tiles/images/img_00036.npy,/home/grva-mintcave/Projects/Facies/Dataset/facies/tiles/masks/img_00036.npy,"(4, 512, 512)",0.0,1.0,0.5022518038749695,0.17809168994426727,5
/home/grva-mintcave/Projects/Facies/Dataset/facies/tiles/images/img_00037.npy,/home/grva-mintcave/Projects/Facies/Dataset/facies/tiles/masks/img_00037.npy,"(4, 512, 512)",0.0,1.0,0.5017722845077515,0.22117456793785095,5
/home/grva-mintcave/Projects/Facies/Dataset/facies/tiles/images/img_00038.npy,/home/grva-mintcave/Projects/Facies/Dataset/facies/tiles/masks/img_00038.npy,"(4, 512, 512)",0.0,1.0,0.5020454525947571,0.22567012906074524,5
/home/grva-mintcave/Projects/Facies/Dataset/facies/tiles/images/img_00039.npy,/home/grva-mintcave/Projects/Facies/Dataset/facies/tiles/masks/img_00039.npy,"(4, 512, 512)",0.0,1.0,0.5020350813865662,0.2252785563468933,5
/home/grva-mintcave/Projects/Facies/Dataset/facies/tiles/images/img_00040.npy,/home/grva-mintcave/Projects/Facies/Dataset/facies/tiles/masks/img_00040.npy,"(4, 512, 512)",0.0,1.0,0.5039166212081909,0.18612980842590332,5
/home/grva-mintcave/Projects/Facies/Dataset/facies/tiles/images/img_00041.npy,/home/grva-mintcave/Projects/Facies/Dataset/facies/tiles/masks/img_00041.npy,"(4, 512, 512)",0.0,1.0,0.5031093955039978,0.19648529589176178,5
/home/grva-mintcave/Projects/Facies/Dataset/facies/tiles/images/img_00042.npy,/home/grva-mintcave/Projects/Facies/Dataset/facies/tiles/masks/img_00042.npy,"(4, 512, 512)",0.0,1.0,0.5028499960899353,0.22797273099422455,5
/home/grva-mintcave/Projects/Facies/Dataset/facies/tiles/images/img_00043.npy,/home/grva-mintcave/Projects/Facies/Dataset/facies/tiles/masks/img_00043.npy,"(4, 512, 512)",0.0,1.0,0.501792311668396,0.2383621335029602,5
/home/grva-mintcave/Projects/Facies/Dataset/facies/tiles/images/img_00044.npy,/home/grva-mintcave/Projects/Facies/Dataset/facies/tiles/masks/img_00044.npy,"(4, 512, 512)",0.0,1.0,0.5017792582511902,0.23805010318756104,5
/home/grva-mintcave/Projects/Facies/Dataset/facies/tiles/images/img_00045.npy,/home/grva-mintcave/Projects/Facies/Dataset/facies/tiles/masks/img_00045.npy,"(4, 512, 512)",0.0,1.0,0.5047259330749512,0.18721343576908112,5
/home/grva-mintcave/Projects/Facies/Dataset/facies/tiles/images/img_00046.npy,/home/grva-mintcave/Projects/Facies/Dataset/facies/tiles/masks/img_00046.npy,"(4, 512, 512)",0.0,1.0,0.5027701258659363,0.19890177249908447,5
/home/grva-mintcave/Projects/Facies/Dataset/facies/tiles/images/img_00047.npy,/home/grva-mintcave/Projects/Facies/Dataset/facies/tiles/masks/img_00047.npy,"(4, 512, 512)",0.0,1.0,0.503169596195221,0.22578878700733185,5
/home/grva-mintcave/Projects/Facies/Dataset/facies/tiles/images/img_00048.npy,/home/grva-mintcave/Projects/Facies/Dataset/facies/tiles/masks/img_00048.npy,"(4, 512, 512)",0.0,1.0,0.5015832185745239,0.2390325516462326,5
/home/grva-mintcave/Projects/Facies/Dataset/facies/tiles/images/img_00049.npy,/home/grva-mintcave/Projects/Facies/Dataset/facies/tiles/masks/img_00049.npy,"(4, 512, 512)",0.0,1.0,0.5015894174575806,0.2387254536151886,5
/home/grva-mintcave/Projects/Facies/Dataset/facies/tiles/images/img_00050.npy,/home/grva-mintcave/Projects/Facies/Dataset/facies/tiles/masks/img_00050.npy,"(4, 512, 512)",0.0,1.0,0.5048256516456604,0.18511438369750977,5
/home/grva-mintcave/Projects/Facies/Dataset/facies/tiles/images/img_00051.npy,/home/grva-mintcave/Projects/Facies/Dataset/facies/tiles/masks/img_00051.npy,"(4, 512, 512)",0.0,1.0,0.5035943388938904,0.19308488070964813,5
/home/grva-mintcave/Projects/Facies/Dataset/facies/tiles/images/img_00052.npy,/home/grva-mintcave/Projects/Facies/Dataset/facies/tiles/masks/img_00052.npy,"(4, 512, 512)",0.0,1.0,0.5039372444152832,0.2240411639213562,5
/home/grva-mintcave/Projects/Facies/Dataset/facies/tiles/images/img_00053.npy,/home/grva-mintcave/Projects/Facies/Dataset/facies/tiles/masks/img_00053.npy,"(4, 512, 512)",0.0,1.0,0.5025313496589661,0.23692560195922852,5
/home/grva-mintcave/Projects/Facies/Dataset/facies/tiles/images/img_00054.npy,/home/grva-mintcave/Projects/Facies/Dataset/facies/tiles/masks/img_00054.npy,"(4, 512, 512)",0.0,1.0,0.5024862885475159,0.23664352297782898,5
/home/grva-mintcave/Projects/Facies/Dataset/facies/tiles/images/img_00055.npy,/home/grva-mintcave/Projects/Facies/Dataset/facies/tiles/masks/img_00055.npy,"(4, 512, 512)",0.0,1.0,0.5051576495170593,0.1870490312576294,5
/home/grva-mintcave/Projects/Facies/Dataset/facies/tiles/images/img_00056.npy,/home/grva-mintcave/Projects/Facies/Dataset/facies/tiles/masks/img_00056.npy,"(4, 512, 512)",0.0,1.0,0.5034391283988953,0.1956457942724228,5
/home/grva-mintcave/Projects/Facies/Dataset/facies/tiles/images/img_00057.npy,/home/grva-mintcave/Projects/Facies/Dataset/facies/tiles/masks/img_00057.npy,"(4, 512, 512)",0.0,1.0,0.5040860772132874,0.22203309834003448,5
/home/grva-mintcave/Projects/Facies/Dataset/facies/tiles/images/img_00058.npy,/home/grva-mintcave/Projects/Facies/Dataset/facies/tiles/masks/img_00058.npy,"(4, 512, 512)",0.0,1.0,0.5022152662277222,0.23602904379367828,5
/home/grva-mintcave/Projects/Facies/Dataset/facies/tiles/images/img_00059.npy,/home/grva-mintcave/Projects/Facies/Dataset/facies/tiles/masks/img_00059.npy,"(4, 512, 512)",0.0,1.0,0.5021955966949463,0.23575924336910248,5
/home/grva-mintcave/Projects/Facies/Dataset/facies/tiles/images/img_00060.npy,/home/grva-mintcave/Projects/Facies/Dataset/facies/tiles/masks/img_00060.npy,"(4, 512, 512)",0.0,1.0,0.50416100025177,0.18117566406726837,5
/home/grva-mintcave/Projects/Facies/Dataset/facies/tiles/images/img_00061.npy,/home/grva-mintcave/Projects/Facies/Dataset/facies/tiles/masks/img_00061.npy,"(4, 512, 512)",0.0,1.0,0.5040770173072815,0.1813555359840393,5
/home/grva-mintcave/Projects/Facies/Dataset/facies/tiles/images/img_00062.npy,/home/grva-mintcave/Projects/Facies/Dataset/facies/tiles/masks/img_00062.npy,"(4, 512, 512)",0.0,1.0,0.504660427570343,0.21990661323070526,5
/home/grva-mintcave/Projects/Facies/Dataset/facies/tiles/images/img_00063.npy,/home/grva-mintcave/Projects/Facies/Dataset/facies/tiles/masks/img_00063.npy,"(4, 512, 512)",0.0,1.0,0.502559244632721,0.23283641040325165,5
/home/grva-mintcave/Projects/Facies/Dataset/facies/tiles/images/img_00064.npy,/home/grva-mintcave/Projects/Facies/Dataset/facies/tiles/masks/img_00064.npy,"(4, 512, 512)",0.0,1.0,0.5025321245193481,0.23242315649986267,5
/home/grva-mintcave/Projects/Facies/Dataset/facies/tiles/images/img_00065.npy,/home/grva-mintcave/Projects/Facies/Dataset/facies/tiles/masks/img_00065.npy,"(4, 512, 512)",0.0,1.0,0.503663957118988,0.1829531341791153,5
/home/grva-mintcave/Projects/Facies/Dataset/facies/tiles/images/img_00066.npy,/home/grva-mintcave/Projects/Facies/Dataset/facies/tiles/masks/img_00066.npy,"(4, 512, 512)",0.0,1.0,0.5038891434669495,0.18395626544952393,5
/home/grva-mintcave/Projects/Facies/Dataset/facies/tiles/images/img_00067.npy,/home/grva-mintcave/Projects/Facies/Dataset/facies/tiles/masks/img_00067.npy,"(4, 512, 512)",0.0,1.0,0.5047503709793091,0.21787838637828827,5
/home/grva-mintcave/Projects/Facies/Dataset/facies/tiles/images/img_00068.npy,/home/grva-mintcave/Projects/Facies/Dataset/facies/tiles/masks/img_00068.npy,"(4, 512, 512)",0.0,1.0,0.5024191737174988,0.23159143328666687,5
/home/grva-mintcave/Projects/Facies/Dataset/facies/tiles/images/img_00069.npy,/home/grva-mintcave/Projects/Facies/Dataset/facies/tiles/masks/img_00069.npy,"(4, 512, 512)",0.0,1.0,0.502395749092102,0.23121723532676697,5
/home/grva-mintcave/Projects/Facies/Dataset/facies/tiles/images/img_00070.npy,/home/grva-mintcave/Projects/Facies/Dataset/facies/tiles/masks/img_00070.npy,"(4, 512, 512)",0.0,1.0,0.504301130771637,0.17699329555034637,5
/home/grva-mintcave/Projects/Facies/Dataset/facies/tiles/images/img_00071.npy,/home/grva-mintcave/Projects/Facies/Dataset/facies/tiles/masks/img_00071.npy,"(4, 512, 512)",0.0,1.0,0.5039447546005249,0.17973358929157257,5
/home/grva-mintcave/Projects/Facies/Dataset/facies/tiles/images/img_00072.npy,/home/grva-mintcave/Projects/Facies/Dataset/facies/tiles/masks/img_00072.npy,"(4, 512, 512)",0.0,1.0,0.5041086673736572,0.22715367376804352,5
/home/grva-mintcave/Projects/Facies/Dataset/facies/tiles/images/img_00073.npy,/home/grva-mintcave/Projects/Facies/Dataset/facies/tiles/masks/img_00073.npy,"(4, 512, 512)",0.0,1.0,0.5026679039001465,0.23584626615047455,5
/home/grva-mintcave/Projects/Facies/Dataset/facies/tiles/images/img_00074.npy,/home/grva-mintcave/Projects/Facies/Dataset/facies/tiles/masks/img_00074.npy,"(4, 512, 512)",0.0,1.0,0.5026523470878601,0.2355710119009018,5
/home/grva-mintcave/Projects/Facies/Dataset/facies/tiles/images/img_00075.npy,/home/grva-mintcave/Projects/Facies/Dataset/facies/tiles/masks/img_00075.npy,"(4, 512, 512)",0.0,1.0,0.5032885670661926,0.17866584658622742,5
/home/grva-mintcave/Projects/Facies/Dataset/facies/tiles/images/img_00076.npy,/home/grva-mintcave/Projects/Facies/Dataset/facies/tiles/masks/img_00076.npy,"(4, 512, 512)",0.0,1.0,0.5040629506111145,0.18175266683101654,5
/home/grva-mintcave/Projects/Facies/Dataset/facies/tiles/images/img_00077.npy,/home/grva-mintcave/Projects/Facies/Dataset/facies/tiles/masks/img_00077.npy,"(4, 512, 512)",0.0,1.0,0.5038930773735046,0.2250031679868698,5
/home/grva-mintcave/Projects/Facies/Dataset/facies/tiles/images/img_00078.npy,/home/grva-mintcave/Projects/Facies/Dataset/facies/tiles/masks/img_00078.npy,"(4, 512, 512)",0.0,1.0,0.5018147826194763,0.2348291128873825,5
/home/grva-mintcave/Projects/Facies/Dataset/facies/tiles/images/img_00079.npy,/home/grva-mintcave/Projects/Facies/Dataset/facies/tiles/masks/img_00079.npy,"(4, 512, 512)",0.0,1.0,0.5018002390861511,0.234573096036911,5
/home/grva-mintcave/Projects/Facies/Dataset/facies/tiles/images/img_00080.npy,/home/grva-mintcave/Projects/Facies/Dataset/facies/tiles/masks/img_00080.npy,"(4, 512, 512)",0.0,1.0,0.5045093297958374,0.17493289709091187,5
/home/grva-mintcave/Projects/Facies/Dataset/facies/tiles/images/img_00081.npy,/home/grva-mintcave/Projects/Facies/Dataset/facies/tiles/masks/img_00081.npy,"(4, 512, 512)",0.0,1.0,0.5037476420402527,0.18094061315059662,5
/home/grva-mintcave/Projects/Facies/Dataset/facies/tiles/images/img_00082.npy,/home/grva-mintcave/Projects/Facies/Dataset/facies/tiles/masks/img_00082.npy,"(4, 512, 512)",0.0,1.0,0.5044273138046265,0.2324010580778122,5
/home/grva-mintcave/Projects/Facies/Dataset/facies/tiles/images/img_00083.npy,/home/grva-mintcave/Projects/Facies/Dataset/facies/tiles/masks/img_00083.npy,"(4, 512, 512)",0.0,1.0,0.5030494332313538,0.2355501353740692,5
/home/grva-mintcave/Projects/Facies/Dataset/facies/tiles/images/img_00084.npy,/home/grva-mintcave/Projects/Facies/Dataset/facies/tiles/masks/img_00084.npy,"(4, 512, 512)",0.0,1.0,0.5030349493026733,0.23518656194210052,5
/home/grva-mintcave/Projects/Facies/Dataset/facies/tiles/images/img_00085.npy,/home/grva-mintcave/Projects/Facies/Dataset/facies/tiles/masks/img_00085.npy,"(4, 512, 512)",0.0,1.0,0.5030807256698608,0.17585325241088867,5
/home/grva-mintcave/Projects/Facies/Dataset/facies/tiles/images/img_00086.npy,/home/grva-mintcave/Projects/Facies/Dataset/facies/tiles/masks/img_00086.npy,"(4, 512, 512)",0.0,1.0,0.5037142038345337,0.18187125027179718,5
/home/grva-mintcave/Projects/Facies/Dataset/facies/tiles/images/img_00087.npy,/home/grva-mintcave/Projects/Facies/Dataset/facies/tiles/masks/img_00087.npy,"(4, 512, 512)",0.0,1.0,0.504325807094574,0.22989918291568756,5
/home/grva-mintcave/Projects/Facies/Dataset/facies/tiles/images/img_00088.npy,/home/grva-mintcave/Projects/Facies/Dataset/facies/tiles/masks/img_00088.npy,"(4, 512, 512)",0.0,1.0,0.5031324028968811,0.23481056094169617,5
/home/grva-mintcave/Projects/Facies/Dataset/facies/tiles/images/img_00089.npy,/home/grva-mintcave/Projects/Facies/Dataset/facies/tiles/masks/img_00089.npy,"(4, 512, 512)",0.0,1.0,0.5030987858772278,0.2344527542591095,5
/home/grva-mintcave/Projects/Facies/Dataset/facies/tiles/images/img_00090.npy,/home/grva-mintcave/Projects/Facies/Dataset/facies/tiles/masks/img_00090.npy,"(4, 512, 512)",0.0,1.0,0.5048405528068542,0.17026303708553314,5
/home/grva-mintcave/Projects/Facies/Dataset/facies/tiles/images/img_00091.npy,/home/grva-mintcave/Projects/Facies/Dataset/facies/tiles/masks/img_00091.npy,"(4, 512, 512)",0.0,1.0,0.5039492845535278,0.1840512603521347,5
/home/grva-mintcave/Projects/Facies/Dataset/facies/tiles/images/img_00092.npy,/home/grva-mintcave/Projects/Facies/Dataset/facies/tiles/masks/img_00092.npy,"(4, 512, 512)",0.0,1.0,0.5043850541114807,0.23345419764518738,5
/home/grva-mintcave/Projects/Facies/Dataset/facies/tiles/images/img_00093.npy,/home/grva-mintcave/Projects/Facies/Dataset/facies/tiles/masks/img_00093.npy,"(4, 512, 512)",0.0,1.0,0.5032346248626709,0.23457661271095276,5
/home/grva-mintcave/Projects/Facies/Dataset/facies/tiles/images/img_00094.npy,/home/grva-mintcave/Projects/Facies/Dataset/facies/tiles/masks/img_00094.npy,"(4, 512, 512)",0.0,1.0,0.5032399296760559,0.23412413895130157,5
/home/grva-mintcave/Projects/Facies/Dataset/facies/tiles/images/img_00095.npy,/home/grva-mintcave/Projects/Facies/Dataset/facies/tiles/masks/img_00095.npy,"(4, 512, 512)",0.0,1.0,0.5032122731208801,0.17135198414325714,5
/home/grva-mintcave/Projects/Facies/Dataset/facies/tiles/images/img_00096.npy,/home/grva-mintcave/Projects/Facies/Dataset/facies/tiles/masks/img_00096.npy,"(4, 512, 512)",0.0,1.0,0.5036667585372925,0.18517182767391205,5
/home/grva-mintcave/Projects/Facies/Dataset/facies/tiles/images/img_00097.npy,/home/grva-mintcave/Projects/Facies/Dataset/facies/tiles/masks/img_00097.npy,"(4, 512, 512)",0.0,1.0,0.5044028162956238,0.23080718517303467,5
/home/grva-mintcave/Projects/Facies/Dataset/facies/tiles/images/img_00098.npy,/home/grva-mintcave/Projects/Facies/Dataset/facies/tiles/masks/img_00098.npy,"(4, 512, 512)",0.0,1.0,0.5032771825790405,0.23677819967269897,5
/home/grva-mintcave/Projects/Facies/Dataset/facies/tiles/images/img_00099.npy,/home/grva-mintcave/Projects/Facies/Dataset/facies/tiles/masks/img_00099.npy,"(4, 512, 512)",0.0,1.0,0.503248929977417,0.23638996481895447,5
/home/grva-mintcave/Projects/Facies/Dataset/facies/tiles/images/img_00100.npy,/home/grva-mintcave/Projects/Facies/Dataset/facies/tiles/masks/img_00100.npy,"(4, 512, 512)",0.0,1.0,0.5049334764480591,0.1668197512626648,5
/home/grva-mintcave/Projects/Facies/Dataset/facies/tiles/images/img_00101.npy,/home/grva-mintcave/Projects/Facies/Dataset/facies/tiles/masks/img_00101.npy,"(4, 512, 512)",0.0,1.0,0.5039840340614319,0.19128857553005219,5
/home/grva-mintcave/Projects/Facies/Dataset/facies/tiles/images/img_00102.npy,/home/grva-mintcave/Projects/Facies/Dataset/facies/tiles/masks/img_00102.npy,"(4, 512, 512)",0.0,1.0,0.5041844248771667,0.2286241501569748,5
/home/grva-mintcave/Projects/Facies/Dataset/facies/tiles/images/img_00103.npy,/home/grva-mintcave/Projects/Facies/Dataset/facies/tiles/masks/img_00103.npy,"(4, 512, 512)",0.0,1.0,0.5027958750724792,0.22766824066638947,5
/home/grva-mintcave/Projects/Facies/Dataset/facies/tiles/images/img_00104.npy,/home/grva-mintcave/Projects/Facies/Dataset/facies/tiles/masks/img_00104.npy,"(4, 512, 512)",0.0,1.0,0.5027804970741272,0.22724324464797974,5
/home/grva-mintcave/Projects/Facies/Dataset/facies/tiles/images/img_00105.npy,/home/grva-mintcave/Projects/Facies/Dataset/facies/tiles/masks/img_00105.npy,"(4, 512, 512)",0.0,1.0,0.5032154321670532,0.16875264048576355,5
/home/grva-mintcave/Projects/Facies/Dataset/facies/tiles/images/img_00106.npy,/home/grva-mintcave/Projects/Facies/Dataset/facies/tiles/masks/img_00106.npy,"(4, 512, 512)",0.0,1.0,0.5039592981338501,0.19304487109184265,5
/home/grva-mintcave/Projects/Facies/Dataset/facies/tiles/images/img_00107.npy,/home/grva-mintcave/Projects/Facies/Dataset/facies/tiles/masks/img_00107.npy,"(4, 512, 512)",0.0,1.0,0.5042673945426941,0.22564032673835754,5
/home/grva-mintcave/Projects/Facies/Dataset/facies/tiles/images/img_00108.npy,/home/grva-mintcave/Projects/Facies/Dataset/facies/tiles/masks/img_00108.npy,"(4, 512, 512)",0.0,1.0,0.5027480721473694,0.23279337584972382,5
/home/grva-mintcave/Projects/Facies/Dataset/facies/tiles/images/img_00109.npy,/home/grva-mintcave/Projects/Facies/Dataset/facies/tiles/masks/img_00109.npy,"(4, 512, 512)",0.0,1.0,0.5027173757553101,0.23243285715579987,5
/home/grva-mintcave/Projects/Facies/Dataset/facies/tiles/images/img_00110.npy,/home/grva-mintcave/Projects/Facies/Dataset/facies/tiles/masks/img_00110.npy,"(4, 512, 512)",0.0,1.0,0.504746675491333,0.16556739807128906,5
/home/grva-mintcave/Projects/Facies/Dataset/facies/tiles/images/img_00111.npy,/home/grva-mintcave/Projects/Facies/Dataset/facies/tiles/masks/img_00111.npy,"(4, 512, 512)",0.0,1.0,0.5041860342025757,0.19355855882167816,5
/home/grva-mintcave/Projects/Facies/Dataset/facies/tiles/images/img_00112.npy,/home/grva-mintcave/Projects/Facies/Dataset/facies/tiles/masks/img_00112.npy,"(4, 512, 512)",0.0,1.0,0.5043575763702393,0.2289988100528717,5
/home/grva-mintcave/Projects/Facies/Dataset/facies/tiles/images/img_00113.npy,/home/grva-mintcave/Projects/Facies/Dataset/facies/tiles/masks/img_00113.npy,"(4, 512, 512)",0.0,1.0,0.5026374459266663,0.221077099442482,5
/home/grva-mintcave/Projects/Facies/Dataset/facies/tiles/images/img_00114.npy,/home/grva-mintcave/Projects/Facies/Dataset/facies/tiles/masks/img_00114.npy,"(4, 512, 512)",0.0,1.0,0.5026479363441467,0.2207467257976532,5
/home/grva-mintcave/Projects/Facies/Dataset/facies/tiles/images/img_00115.npy,/home/grva-mintcave/Projects/Facies/Dataset/facies/tiles/masks/img_00115.npy,"(4, 512, 512)",0.0,1.0,0.5034417510032654,0.16791954636573792,5
/home/grva-mintcave/Projects/Facies/Dataset/facies/tiles/images/img_00116.npy,/home/grva-mintcave/Projects/Facies/Dataset/facies/tiles/masks/img_00116.npy,"(4, 512, 512)",0.0,1.0,0.5041300058364868,0.1950966715812683,5
/home/grva-mintcave/Projects/Facies/Dataset/facies/tiles/images/img_00117.npy,/home/grva-mintcave/Projects/Facies/Dataset/facies/tiles/masks/img_00117.npy,"(4, 512, 512)",0.0,1.0,0.5045669078826904,0.2257988601922989,5
/home/grva-mintcave/Projects/Facies/Dataset/facies/tiles/images/img_00118.npy,/home/grva-mintcave/Projects/Facies/Dataset/facies/tiles/masks/img_00118.npy,"(4, 512, 512)",0.0,1.0,0.503395140171051,0.22817835211753845,5
/home/grva-mintcave/Projects/Facies/Dataset/facies/tiles/images/img_00119.npy,/home/grva-mintcave/Projects/Facies/Dataset/facies/tiles/masks/img_00119.npy,"(4, 512, 512)",0.0,1.0,0.5034050345420837,0.22790326178073883,5
/home/grva-mintcave/Projects/Facies/Dataset/facies/tiles/images/img_00120.npy,/home/grva-mintcave/Projects/Facies/Dataset/facies/tiles/masks/img_00120.npy,"(4, 512, 512)",0.0,1.0,0.5045539736747742,0.16414675116539001,5
/home/grva-mintcave/Projects/Facies/Dataset/facies/tiles/images/img_00121.npy,/home/grva-mintcave/Projects/Facies/Dataset/facies/tiles/masks/img_00121.npy,"(4, 512, 512)",0.0,1.0,0.5041130185127258,0.19498655200004578,5
/home/grva-mintcave/Projects/Facies/Dataset/facies/tiles/images/img_00122.npy,/home/grva-mintcave/Projects/Facies/Dataset/facies/tiles/masks/img_00122.npy,"(4, 512, 512)",0.0,1.0,0.5048784017562866,0.22443583607673645,5
/home/grva-mintcave/Projects/Facies/Dataset/facies/tiles/images/img_00123.npy,/home/grva-mintcave/Projects/Facies/Dataset/facies/tiles/masks/img_00123.npy,"(4, 512, 512)",0.0,1.0,0.5031471848487854,0.22343914210796356,5
/home/grva-mintcave/Projects/Facies/Dataset/facies/tiles/images/img_00124.npy,/home/grva-mintcave/Projects/Facies/Dataset/facies/tiles/masks/img_00124.npy,"(4, 512, 512)",0.0,1.0,0.5031445622444153,0.22308406233787537,5
/home/grva-mintcave/Projects/Facies/Dataset/facies/tiles/images/img_00125.npy,/home/grva-mintcave/Projects/Facies/Dataset/facies/tiles/masks/img_00125.npy,"(4, 512, 512)",0.0,1.0,0.5040538907051086,0.16746637225151062,5
/home/grva-mintcave/Projects/Facies/Dataset/facies/tiles/images/img_00126.npy,/home/grva-mintcave/Projects/Facies/Dataset/facies/tiles/masks/img_00126.npy,"(4, 512, 512)",0.0,1.0,0.5038914084434509,0.19644048810005188,5
/home/grva-mintcave/Projects/Facies/Dataset/facies/tiles/images/img_00127.npy,/home/grva-mintcave/Projects/Facies/Dataset/facies/tiles/masks/img_00127.npy,"(4, 512, 512)",0.0,1.0,0.5050155520439148,0.22087690234184265,5
/home/grva-mintcave/Projects/Facies/Dataset/facies/tiles/images/img_00128.npy,/home/grva-mintcave/Projects/Facies/Dataset/facies/tiles/masks/img_00128.npy,"(4, 512, 512)",0.0,1.0,0.5027354955673218,0.2330188751220703,5
/home/grva-mintcave/Projects/Facies/Dataset/facies/tiles/images/img_00129.npy,/home/grva-mintcave/Projects/Facies/Dataset/facies/tiles/masks/img_00129.npy,"(4, 512, 512)",0.0,1.0,0.502744197845459,0.23274818062782288,5
/home/grva-mintcave/Projects/Facies/Dataset/facies/tiles/images/img_00130.npy,/home/grva-mintcave/Projects/Facies/Dataset/facies/tiles/masks/img_00130.npy,"(4, 512, 512)",0.0,1.0,0.5040691494941711,0.16140224039554596,5
/home/grva-mintcave/Projects/Facies/Dataset/facies/tiles/images/img_00131.npy,/home/grva-mintcave/Projects/Facies/Dataset/facies/tiles/masks/img_00131.npy,"(4, 512, 512)",0.0,1.0,0.504209041595459,0.19500850141048431,5
/home/grva-mintcave/Projects/Facies/Dataset/facies/tiles/images/img_00132.npy,/home/grva-mintcave/Projects/Facies/Dataset/facies/tiles/masks/img_00132.npy,"(4, 512, 512)",0.0,1.0,0.504578709602356,0.22813831269741058,5
/home/grva-mintcave/Projects/Facies/Dataset/facies/tiles/images/img_00133.npy,/home/grva-mintcave/Projects/Facies/Dataset/facies/tiles/masks/img_00133.npy,"(4, 512, 512)",0.0,1.0,0.5029826760292053,0.22348102927207947,5
/home/grva-mintcave/Projects/Facies/Dataset/facies/tiles/images/img_00134.npy,/home/grva-mintcave/Projects/Facies/Dataset/facies/tiles/masks/img_00134.npy,"(4, 512, 512)",0.0,1.0,0.502952516078949,0.22332021594047546,5
/home/grva-mintcave/Projects/Facies/Dataset/facies/tiles/images/img_00135.npy,/home/grva-mintcave/Projects/Facies/Dataset/facies/tiles/masks/img_00135.npy,"(4, 512, 512)",0.0,1.0,0.5043556690216064,0.1654433012008667,5
/home/grva-mintcave/Projects/Facies/Dataset/facies/tiles/images/img_00136.npy,/home/grva-mintcave/Projects/Facies/Dataset/facies/tiles/masks/img_00136.npy,"(4, 512, 512)",0.0,1.0,0.5040460824966431,0.1966901272535324,5
/home/grva-mintcave/Projects/Facies/Dataset/facies/tiles/images/img_00137.npy,/home/grva-mintcave/Projects/Facies/Dataset/facies/tiles/masks/img_00137.npy,"(4, 512, 512)",0.0,1.0,0.5049347281455994,0.22464384138584137,5
/home/grva-mintcave/Projects/Facies/Dataset/facies/tiles/images/img_00138.npy,/home/grva-mintcave/Projects/Facies/Dataset/facies/tiles/masks/img_00138.npy,"(4, 512, 512)",0.0,1.0,0.5025080442428589,0.2337508499622345,5
/home/grva-mintcave/Projects/Facies/Dataset/facies/tiles/images/img_00139.npy,/home/grva-mintcave/Projects/Facies/Dataset/facies/tiles/masks/img_00139.npy,"(4, 512, 512)",0.0,1.0,0.502509355545044,0.23374135792255402,5
/home/grva-mintcave/Projects/Facies/Dataset/facies/tiles/images/img_00140.npy,/home/grva-mintcave/Projects/Facies/Dataset/facies/tiles/masks/img_00140.npy,"(4, 512, 512)",0.0,1.0,0.503976047039032,0.1598673313856125,5
/home/grva-mintcave/Projects/Facies/Dataset/facies/tiles/images/img_00141.npy,/home/grva-mintcave/Projects/Facies/Dataset/facies/tiles/masks/img_00141.npy,"(4, 512, 512)",0.0,1.0,0.5040304064750671,0.19559992849826813,5
/home/grva-mintcave/Projects/Facies/Dataset/facies/tiles/images/img_00142.npy,/home/grva-mintcave/Projects/Facies/Dataset/facies/tiles/masks/img_00142.npy,"(4, 512, 512)",0.0,1.0,0.5039742588996887,0.23226337134838104,5
/home/grva-mintcave/Projects/Facies/Dataset/facies/tiles/images/img_00143.npy,/home/grva-mintcave/Projects/Facies/Dataset/facies/tiles/masks/img_00143.npy,"(4, 512, 512)",0.0,1.0,0.5031627416610718,0.22969800233840942,5
/home/grva-mintcave/Projects/Facies/Dataset/facies/tiles/images/img_00144.npy,/home/grva-mintcave/Projects/Facies/Dataset/facies/tiles/masks/img_00144.npy,"(4, 512, 512)",0.0,1.0,0.5031352043151855,0.22945861518383026,5
/home/grva-mintcave/Projects/Facies/Dataset/facies/tiles/images/img_00145.npy,/home/grva-mintcave/Projects/Facies/Dataset/facies/tiles/masks/img_00145.npy,"(4, 512, 512)",0.0,1.0,0.5041386485099792,0.16431382298469543,5
/home/grva-mintcave/Projects/Facies/Dataset/facies/tiles/images/img_00146.npy,/home/grva-mintcave/Projects/Facies/Dataset/facies/tiles/masks/img_00146.npy,"(4, 512, 512)",0.0,1.0,0.5040248036384583,0.19694535434246063,5
/home/grva-mintcave/Projects/Facies/Dataset/facies/tiles/images/img_00147.npy,/home/grva-mintcave/Projects/Facies/Dataset/facies/tiles/masks/img_00147.npy,"(4, 512, 512)",0.0,1.0,0.5042576789855957,0.2281976342201233,5
/home/grva-mintcave/Projects/Facies/Dataset/facies/tiles/images/img_00148.npy,/home/grva-mintcave/Projects/Facies/Dataset/facies/tiles/masks/img_00148.npy,"(4, 512, 512)",0.0,1.0,0.503717839717865,0.2390659600496292,5
/home/grva-mintcave/Projects/Facies/Dataset/facies/tiles/images/img_00149.npy,/home/grva-mintcave/Projects/Facies/Dataset/facies/tiles/masks/img_00149.npy,"(4, 512, 512)",0.0,1.0,0.5037434697151184,0.23900246620178223,5
/home/grva-mintcave/Projects/Facies/Dataset/facies/tiles/images/img_00150.npy,/home/grva-mintcave/Projects/Facies/Dataset/facies/tiles/masks/img_00150.npy,"(4, 512, 512)",0.0,1.0,0.5041130185127258,0.15704180300235748,5
/home/grva-mintcave/Projects/Facies/Dataset/facies/tiles/images/img_00151.npy,/home/grva-mintcave/Projects/Facies/Dataset/facies/tiles/masks/img_00151.npy,"(4, 512, 512)",0.0,1.0,0.5037413239479065,0.1925048828125,5
/home/grva-mintcave/Projects/Facies/Dataset/facies/tiles/images/img_00152.npy,/home/grva-mintcave/Projects/Facies/Dataset/facies/tiles/masks/img_00152.npy,"(4, 512, 512)",0.0,1.0,0.5043013095855713,0.2261376827955246,5
/home/grva-mintcave/Projects/Facies/Dataset/facies/tiles/images/img_00153.npy,/home/grva-mintcave/Projects/Facies/Dataset/facies/tiles/masks/img_00153.npy,"(4, 512, 512)",0.0,1.0,0.5040109157562256,0.23246245086193085,5
/home/grva-mintcave/Projects/Facies/Dataset/facies/tiles/images/img_00154.npy,/home/grva-mintcave/Projects/Facies/Dataset/facies/tiles/masks/img_00154.npy,"(4, 512, 512)",0.0,1.0,0.5040200352668762,0.23205578327178955,5
/home/grva-mintcave/Projects/Facies/Dataset/facies/tiles/images/img_00155.npy,/home/grva-mintcave/Projects/Facies/Dataset/facies/tiles/masks/img_00155.npy,"(4, 512, 512)",0.0,1.0,0.5033100247383118,0.16224901378154755,5
/home/grva-mintcave/Projects/Facies/Dataset/facies/tiles/images/img_00156.npy,/home/grva-mintcave/Projects/Facies/Dataset/facies/tiles/masks/img_00156.npy,"(4, 512, 512)",0.0,1.0,0.5040805339813232,0.19441574811935425,5
/home/grva-mintcave/Projects/Facies/Dataset/facies/tiles/images/img_00157.npy,/home/grva-mintcave/Projects/Facies/Dataset/facies/tiles/masks/img_00157.npy,"(4, 512, 512)",0.0,1.0,0.5045716762542725,0.22201739251613617,5
/home/grva-mintcave/Projects/Facies/Dataset/facies/tiles/images/img_00158.npy,/home/grva-mintcave/Projects/Facies/Dataset/facies/tiles/masks/img_00158.npy,"(4, 512, 512)",0.0,1.0,0.5045281052589417,0.24093811213970184,5
/home/grva-mintcave/Projects/Facies/Dataset/facies/tiles/images/img_00159.npy,/home/grva-mintcave/Projects/Facies/Dataset/facies/tiles/masks/img_00159.npy,"(4, 512, 512)",0.0,1.0,0.5044779181480408,0.24066895246505737,5
/home/grva-mintcave/Projects/Facies/Dataset/facies/tiles/images/img_00160.npy,/home/grva-mintcave/Projects/Facies/Dataset/facies/tiles/masks/img_00160.npy,"(4, 512, 512)",0.0,1.0,0.504265546798706,0.15322797000408173,5
/home/grva-mintcave/Projects/Facies/Dataset/facies/tiles/images/img_00161.npy,/home/grva-mintcave/Projects/Facies/Dataset/facies/tiles/masks/img_00161.npy,"(4, 512, 512)",0.0,1.0,0.5032666921615601,0.18839368224143982,5
/home/grva-mintcave/Projects/Facies/Dataset/facies/tiles/images/img_00162.npy,/home/grva-mintcave/Projects/Facies/Dataset/facies/tiles/masks/img_00162.npy,"(4, 512, 512)",0.0,1.0,0.5047134160995483,0.22517575323581696,5
/home/grva-mintcave/Projects/Facies/Dataset/facies/tiles/images/img_00163.npy,/home/grva-mintcave/Projects/Facies/Dataset/facies/tiles/masks/img_00163.npy,"(4, 512, 512)",0.0,1.0,0.5032325387001038,0.2277342677116394,5
/home/grva-mintcave/Projects/Facies/Dataset/facies/tiles/images/img_00164.npy,/home/grva-mintcave/Projects/Facies/Dataset/facies/tiles/masks/img_00164.npy,"(4, 512, 512)",0.0,1.0,0.5032233595848083,0.22720783948898315,5
/home/grva-mintcave/Projects/Facies/Dataset/facies/tiles/images/img_00165.npy,/home/grva-mintcave/Projects/Facies/Dataset/facies/tiles/masks/img_00165.npy,"(4, 512, 512)",0.0,1.0,0.5028377175331116,0.16019318997859955,5
/home/grva-mintcave/Projects/Facies/Dataset/facies/tiles/images/img_00166.npy,/home/grva-mintcave/Projects/Facies/Dataset/facies/tiles/masks/img_00166.npy,"(4, 512, 512)",0.0,1.0,0.5035495758056641,0.19083622097969055,5
/home/grva-mintcave/Projects/Facies/Dataset/facies/tiles/images/img_00167.npy,/home/grva-mintcave/Projects/Facies/Dataset/facies/tiles/masks/img_00167.npy,"(4, 512, 512)",0.0,1.0,0.5049630403518677,0.22127845883369446,5
/home/grva-mintcave/Projects/Facies/Dataset/facies/tiles/images/img_00168.npy,/home/grva-mintcave/Projects/Facies/Dataset/facies/tiles/masks/img_00168.npy,"(4, 512, 512)",0.0,1.0,0.5056170225143433,0.24093097448349,5
/home/grva-mintcave/Projects/Facies/Dataset/facies/tiles/images/img_00169.npy,/home/grva-mintcave/Projects/Facies/Dataset/facies/tiles/masks/img_00169.npy,"(4, 512, 512)",0.0,1.0,0.5056537985801697,0.24070633947849274,5
/home/grva-mintcave/Projects/Facies/Dataset/facies/tiles/images/img_00170.npy,/home/grva-mintcave/Projects/Facies/Dataset/facies/tiles/masks/img_00170.npy,"(4, 512, 512)",0.0,1.0,0.5039820671081543,0.15083637833595276,5
/home/grva-mintcave/Projects/Facies/Dataset/facies/tiles/images/img_00171.npy,/home/grva-mintcave/Projects/Facies/Dataset/facies/tiles/masks/img_00171.npy,"(4, 512, 512)",0.0,1.0,0.5033295750617981,0.18567439913749695,5
/home/grva-mintcave/Projects/Facies/Dataset/facies/tiles/images/img_00172.npy,/home/grva-mintcave/Projects/Facies/Dataset/facies/tiles/masks/img_00172.npy,"(4, 512, 512)",0.0,1.0,0.5044631958007812,0.22628554701805115,5
/home/grva-mintcave/Projects/Facies/Dataset/facies/tiles/images/img_00173.npy,/home/grva-mintcave/Projects/Facies/Dataset/facies/tiles/masks/img_00173.npy,"(4, 512, 512)",0.0,1.0,0.5034858584403992,0.21959097683429718,5
/home/grva-mintcave/Projects/Facies/Dataset/facies/tiles/images/img_00174.npy,/home/grva-mintcave/Projects/Facies/Dataset/facies/tiles/masks/img_00174.npy,"(4, 512, 512)",0.0,1.0,0.5034790635108948,0.21909429132938385,5
/home/grva-mintcave/Projects/Facies/Dataset/facies/tiles/images/img_00175.npy,/home/grva-mintcave/Projects/Facies/Dataset/facies/tiles/masks/img_00175.npy,"(4, 512, 512)",0.0,1.0,0.5025858283042908,0.15697872638702393,5
/home/grva-mintcave/Projects/Facies/Dataset/facies/tiles/images/img_00176.npy,/home/grva-mintcave/Projects/Facies/Dataset/facies/tiles/masks/img_00176.npy,"(4, 512, 512)",0.0,1.0,0.5035918354988098,0.18789173662662506,5
/home/grva-mintcave/Projects/Facies/Dataset/facies/tiles/images/img_00177.npy,/home/grva-mintcave/Projects/Facies/Dataset/facies/tiles/masks/img_00177.npy,"(4, 512, 512)",0.0,1.0,0.5048246383666992,0.22218646109104156,5
/home/grva-mintcave/Projects/Facies/Dataset/facies/tiles/images/img_00178.npy,/home/grva-mintcave/Projects/Facies/Dataset/facies/tiles/masks/img_00178.npy,"(4, 512, 512)",0.0,1.0,0.504093587398529,0.23730149865150452,5
/home/grva-mintcave/Projects/Facies/Dataset/facies/tiles/images/img_00179.npy,/home/grva-mintcave/Projects/Facies/Dataset/facies/tiles/masks/img_00179.npy,"(4, 512, 512)",0.0,1.0,0.5040900707244873,0.23721392452716827,5
/home/grva-mintcave/Projects/Facies/Dataset/facies/tiles/images/img_00180.npy,/home/grva-mintcave/Projects/Facies/Dataset/facies/tiles/masks/img_00180.npy,"(4, 512, 512)",0.0,1.0,0.5035709738731384,0.14106136560440063,5
/home/grva-mintcave/Projects/Facies/Dataset/facies/tiles/images/img_00181.npy,/home/grva-mintcave/Projects/Facies/Dataset/facies/tiles/masks/img_00181.npy,"(4, 512, 512)",0.0,1.0,0.5031148791313171,0.18004360795021057,5
/home/grva-mintcave/Projects/Facies/Dataset/facies/tiles/images/img_00182.npy,/home/grva-mintcave/Projects/Facies/Dataset/facies/tiles/masks/img_00182.npy,"(4, 512, 512)",0.0,1.0,0.5044057965278625,0.2227623611688614,5
/home/grva-mintcave/Projects/Facies/Dataset/facies/tiles/images/img_00183.npy,/home/grva-mintcave/Projects/Facies/Dataset/facies/tiles/masks/img_00183.npy,"(4, 512, 512)",0.0,1.0,0.5018091797828674,0.2123633474111557,5
/home/grva-mintcave/Projects/Facies/Dataset/facies/tiles/images/img_00184.npy,/home/grva-mintcave/Projects/Facies/Dataset/facies/tiles/masks/img_00184.npy,"(4, 512, 512)",0.0,1.0,0.5017957091331482,0.21197061240673065,5
/home/grva-mintcave/Projects/Facies/Dataset/facies/tiles/images/img_00185.npy,/home/grva-mintcave/Projects/Facies/Dataset/facies/tiles/masks/img_00185.npy,"(4, 512, 512)",0.0,1.0,0.5019658803939819,0.1454988569021225,5
/home/grva-mintcave/Projects/Facies/Dataset/facies/tiles/images/img_00186.npy,/home/grva-mintcave/Projects/Facies/Dataset/facies/tiles/masks/img_00186.npy,"(4, 512, 512)",0.0,1.0,0.5033599138259888,0.1824776977300644,5
/home/grva-mintcave/Projects/Facies/Dataset/facies/tiles/images/img_00187.npy,/home/grva-mintcave/Projects/Facies/Dataset/facies/tiles/masks/img_00187.npy,"(4, 512, 512)",0.0,1.0,0.5050421953201294,0.21864348649978638,5
/home/grva-mintcave/Projects/Facies/Dataset/facies/tiles/images/img_00188.npy,/home/grva-mintcave/Projects/Facies/Dataset/facies/tiles/masks/img_00188.npy,"(4, 512, 512)",0.0,1.0,0.502219021320343,0.23080219328403473,5
/home/grva-mintcave/Projects/Facies/Dataset/facies/tiles/images/img_00189.npy,/home/grva-mintcave/Projects/Facies/Dataset/facies/tiles/masks/img_00189.npy,"(4, 512, 512)",0.0,1.0,0.5021861791610718,0.23081909120082855,5
/home/grva-mintcave/Projects/Facies/Dataset/facies/tiles/images/img_00190.npy,/home/grva-mintcave/Projects/Facies/Dataset/facies/tiles/masks/img_00190.npy,"(4, 512, 512)",0.0,1.0,0.5037150382995605,0.13449782133102417,5
/home/grva-mintcave/Projects/Facies/Dataset/facies/tiles/images/img_00191.npy,/home/grva-mintcave/Projects/Facies/Dataset/facies/tiles/masks/img_00191.npy,"(4, 512, 512)",0.0,1.0,0.5030040144920349,0.17632818222045898,5
/home/grva-mintcave/Projects/Facies/Dataset/facies/tiles/images/img_00192.npy,/home/grva-mintcave/Projects/Facies/Dataset/facies/tiles/masks/img_00192.npy,"(4, 512, 512)",0.0,1.0,0.5048542618751526,0.22468818724155426,5
/home/grva-mintcave/Projects/Facies/Dataset/facies/tiles/images/img_00193.npy,/home/grva-mintcave/Projects/Facies/Dataset/facies/tiles/masks/img_00193.npy,"(4, 512, 512)",0.0,1.0,0.5009090900421143,0.20622862875461578,5
/home/grva-mintcave/Projects/Facies/Dataset/facies/tiles/images/img_00194.npy,/home/grva-mintcave/Projects/Facies/Dataset/facies/tiles/masks/img_00194.npy,"(4, 512, 512)",0.0,1.0,0.5008756518363953,0.2057887762784958,5
/home/grva-mintcave/Projects/Facies/Dataset/facies/tiles/images/img_00195.npy,/home/grva-mintcave/Projects/Facies/Dataset/facies/tiles/masks/img_00195.npy,"(4, 512, 512)",0.0,1.0,0.5018710494041443,0.138912633061409,5
/home/grva-mintcave/Projects/Facies/Dataset/facies/tiles/images/img_00196.npy,/home/grva-mintcave/Projects/Facies/Dataset/facies/tiles/masks/img_00196.npy,"(4, 512, 512)",0.0,1.0,0.5031320452690125,0.17892540991306305,5
/home/grva-mintcave/Projects/Facies/Dataset/facies/tiles/images/img_00197.npy,/home/grva-mintcave/Projects/Facies/Dataset/facies/tiles/masks/img_00197.npy,"(4, 512, 512)",0.0,1.0,0.5052633881568909,0.22099508345127106,5
/home/grva-mintcave/Projects/Facies/Dataset/facies/tiles/images/img_00198.npy,/home/grva-mintcave/Projects/Facies/Dataset/facies/tiles/masks/img_00198.npy,"(4, 512, 512)",0.0,1.0,0.5021454691886902,0.2257024198770523,5
/home/grva-mintcave/Projects/Facies/Dataset/facies/tiles/images/img_00199.npy,/home/grva-mintcave/Projects/Facies/Dataset/facies/tiles/masks/img_00199.npy,"(4, 512, 512)",0.0,1.0,0.5021504163742065,0.22572462260723114,5
/home/grva-mintcave/Projects/Facies/Dataset/facies/tiles/images/img_00200.npy,/home/grva-mintcave/Projects/Facies/Dataset/facies/tiles/masks/img_00200.npy,"(4, 512, 512)",0.0,1.0,0.503685474395752,0.1319650262594223,5
/home/grva-mintcave/Projects/Facies/Dataset/facies/tiles/images/img_00201.npy,/home/grva-mintcave/Projects/Facies/Dataset/facies/tiles/masks/img_00201.npy,"(4, 512, 512)",0.0,1.0,0.5029585361480713,0.1740177869796753,5
/home/grva-mintcave/Projects/Facies/Dataset/facies/tiles/images/img_00202.npy,/home/grva-mintcave/Projects/Facies/Dataset/facies/tiles/masks/img_00202.npy,"(4, 512, 512)",0.0,1.0,0.5050218105316162,0.2301158308982849,5
/home/grva-mintcave/Projects/Facies/Dataset/facies/tiles/images/img_00203.npy,/home/grva-mintcave/Projects/Facies/Dataset/facies/tiles/masks/img_00203.npy,"(4, 512, 512)",0.0,1.0,0.5003145337104797,0.20841071009635925,5
/home/grva-mintcave/Projects/Facies/Dataset/facies/tiles/images/img_00204.npy,/home/grva-mintcave/Projects/Facies/Dataset/facies/tiles/masks/img_00204.npy,"(4, 512, 512)",0.0,1.0,0.500265896320343,0.20799215137958527,5
/home/grva-mintcave/Projects/Facies/Dataset/facies/tiles/images/img_00205.npy,/home/grva-mintcave/Projects/Facies/Dataset/facies/tiles/masks/img_00205.npy,"(4, 512, 512)",0.0,1.0,0.5019776821136475,0.136382594704628,5
/home/grva-mintcave/Projects/Facies/Dataset/facies/tiles/images/img_00206.npy,/home/grva-mintcave/Projects/Facies/Dataset/facies/tiles/masks/img_00206.npy,"(4, 512, 512)",0.0,1.0,0.5029995441436768,0.1760702133178711,5
/home/grva-mintcave/Projects/Facies/Dataset/facies/tiles/images/img_00207.npy,/home/grva-mintcave/Projects/Facies/Dataset/facies/tiles/masks/img_00207.npy,"(4, 512, 512)",0.0,1.0,0.505333662033081,0.22623798251152039,5
/home/grva-mintcave/Projects/Facies/Dataset/facies/tiles/images/img_00208.npy,/home/grva-mintcave/Projects/Facies/Dataset/facies/tiles/masks/img_00208.npy,"(4, 512, 512)",0.0,1.0,0.5039079785346985,0.2282068282365799,5
/home/grva-mintcave/Projects/Facies/Dataset/facies/tiles/images/img_00209.npy,/home/grva-mintcave/Projects/Facies/Dataset/facies/tiles/masks/img_00209.npy,"(4, 512, 512)",0.0,1.0,0.5039710998535156,0.2282433956861496,5
/home/grva-mintcave/Projects/Facies/Dataset/facies/tiles/images/img_00210.npy,/home/grva-mintcave/Projects/Facies/Dataset/facies/tiles/masks/img_00210.npy,"(4, 512, 512)",0.0,1.0,0.5035136938095093,0.13475297391414642,5
/home/grva-mintcave/Projects/Facies/Dataset/facies/tiles/images/img_00211.npy,/home/grva-mintcave/Projects/Facies/Dataset/facies/tiles/masks/img_00211.npy,"(4, 512, 512)",0.0,1.0,0.5030360221862793,0.1702105849981308,5
/home/grva-mintcave/Projects/Facies/Dataset/facies/tiles/images/img_00212.npy,/home/grva-mintcave/Projects/Facies/Dataset/facies/tiles/masks/img_00212.npy,"(4, 512, 512)",0.0,1.0,0.5054787993431091,0.22528620064258575,5
/home/grva-mintcave/Projects/Facies/Dataset/facies/tiles/images/img_00213.npy,/home/grva-mintcave/Projects/Facies/Dataset/facies/tiles/masks/img_00213.npy,"(4, 512, 512)",0.0,1.0,0.5015137195587158,0.20566685497760773,5
/home/grva-mintcave/Projects/Facies/Dataset/facies/tiles/images/img_00214.npy,/home/grva-mintcave/Projects/Facies/Dataset/facies/tiles/masks/img_00214.npy,"(4, 512, 512)",0.0,1.0,0.5014671087265015,0.20523612201213837,5
/home/grva-mintcave/Projects/Facies/Dataset/facies/tiles/images/img_00215.npy,/home/grva-mintcave/Projects/Facies/Dataset/facies/tiles/masks/img_00215.npy,"(4, 512, 512)",0.0,1.0,0.5021287202835083,0.1393406242132187,5
/home/grva-mintcave/Projects/Facies/Dataset/facies/tiles/images/img_00216.npy,/home/grva-mintcave/Projects/Facies/Dataset/facies/tiles/masks/img_00216.npy,"(4, 512, 512)",0.0,1.0,0.5029730200767517,0.17217080295085907,5
/home/grva-mintcave/Projects/Facies/Dataset/facies/tiles/images/img_00217.npy,/home/grva-mintcave/Projects/Facies/Dataset/facies/tiles/masks/img_00217.npy,"(4, 512, 512)",0.0,1.0,0.5059009790420532,0.22192838788032532,5
/home/grva-mintcave/Projects/Facies/Dataset/facies/tiles/images/img_00218.npy,/home/grva-mintcave/Projects/Facies/Dataset/facies/tiles/masks/img_00218.npy,"(4, 512, 512)",0.0,1.0,0.5062217116355896,0.22240044176578522,5
/home/grva-mintcave/Projects/Facies/Dataset/facies/tiles/images/img_00219.npy,/home/grva-mintcave/Projects/Facies/Dataset/facies/tiles/masks/img_00219.npy,"(4, 512, 512)",0.0,1.0,0.5062629580497742,0.2224288135766983,5
/home/grva-mintcave/Projects/Facies/Dataset/facies/tiles/images/img_00220.npy,/home/grva-mintcave/Projects/Facies/Dataset/facies/tiles/masks/img_00220.npy,"(4, 512, 512)",0.0,1.0,0.503398597240448,0.14039188623428345,5
/home/grva-mintcave/Projects/Facies/Dataset/facies/tiles/images/img_00221.npy,/home/grva-mintcave/Projects/Facies/Dataset/facies/tiles/masks/img_00221.npy,"(4, 512, 512)",0.0,1.0,0.5030463933944702,0.17251238226890564,5
/home/grva-mintcave/Projects/Facies/Dataset/facies/tiles/images/img_00222.npy,/home/grva-mintcave/Projects/Facies/Dataset/facies/tiles/masks/img_00222.npy,"(4, 512, 512)",0.0,1.0,0.5052311420440674,0.2295042872428894,5
/home/grva-mintcave/Projects/Facies/Dataset/facies/tiles/images/img_00223.npy,/home/grva-mintcave/Projects/Facies/Dataset/facies/tiles/masks/img_00223.npy,"(4, 512, 512)",0.0,1.0,0.5023316740989685,0.20634347200393677,5
/home/grva-mintcave/Projects/Facies/Dataset/facies/tiles/images/img_00224.npy,/home/grva-mintcave/Projects/Facies/Dataset/facies/tiles/masks/img_00224.npy,"(4, 512, 512)",0.0,1.0,0.5023061633110046,0.2058015912771225,5
/home/grva-mintcave/Projects/Facies/Dataset/facies/tiles/images/img_00225.npy,/home/grva-mintcave/Projects/Facies/Dataset/facies/tiles/masks/img_00225.npy,"(4, 512, 512)",0.0,1.0,0.5022793412208557,0.14401261508464813,5
/home/grva-mintcave/Projects/Facies/Dataset/facies/tiles/images/img_00226.npy,/home/grva-mintcave/Projects/Facies/Dataset/facies/tiles/masks/img_00226.npy,"(4, 512, 512)",0.0,1.0,0.5027517676353455,0.1744164675474167,5
/home/grva-mintcave/Projects/Facies/Dataset/facies/tiles/images/img_00227.npy,/home/grva-mintcave/Projects/Facies/Dataset/facies/tiles/masks/img_00227.npy,"(4, 512, 512)",0.0,1.0,0.5057831406593323,0.22567732632160187,5
/home/grva-mintcave/Projects/Facies/Dataset/facies/tiles/images/img_00228.npy,/home/grva-mintcave/Projects/Facies/Dataset/facies/tiles/masks/img_00228.npy,"(4, 512, 512)",0.0,1.0,0.505611002445221,0.22137485444545746,5
/home/grva-mintcave/Projects/Facies/Dataset/facies/tiles/images/img_00229.npy,/home/grva-mintcave/Projects/Facies/Dataset/facies/tiles/masks/img_00229.npy,"(4, 512, 512)",0.0,1.0,0.5056580901145935,0.22127363085746765,5
/home/grva-mintcave/Projects/Facies/Dataset/facies/tiles/images/img_00230.npy,/home/grva-mintcave/Projects/Facies/Dataset/facies/tiles/masks/img_00230.npy,"(4, 512, 512)",0.0,1.0,0.5031829476356506,0.14435039460659027,5
/home/grva-mintcave/Projects/Facies/Dataset/facies/tiles/images/img_00231.npy,/home/grva-mintcave/Projects/Facies/Dataset/facies/tiles/masks/img_00231.npy,"(4, 512, 512)",0.0,1.0,0.5032752156257629,0.1807776242494583,5
/home/grva-mintcave/Projects/Facies/Dataset/facies/tiles/images/img_00232.npy,/home/grva-mintcave/Projects/Facies/Dataset/facies/tiles/masks/img_00232.npy,"(4, 512, 512)",0.0,1.0,0.5045598149299622,0.241492360830307,5
/home/grva-mintcave/Projects/Facies/Dataset/facies/tiles/images/img_00233.npy,/home/grva-mintcave/Projects/Facies/Dataset/facies/tiles/masks/img_00233.npy,"(4, 512, 512)",0.0,1.0,0.502089262008667,0.21013446152210236,5
/home/grva-mintcave/Projects/Facies/Dataset/facies/tiles/images/img_00234.npy,/home/grva-mintcave/Projects/Facies/Dataset/facies/tiles/masks/img_00234.npy,"(4, 512, 512)",0.0,1.0,0.5020548105239868,0.2095412313938141,5
/home/grva-mintcave/Projects/Facies/Dataset/facies/tiles/images/img_00235.npy,/home/grva-mintcave/Projects/Facies/Dataset/facies/tiles/masks/img_00235.npy,"(4, 512, 512)",0.0,1.0,0.5023671984672546,0.14695009589195251,5
/home/grva-mintcave/Projects/Facies/Dataset/facies/tiles/images/img_00236.npy,/home/grva-mintcave/Projects/Facies/Dataset/facies/tiles/masks/img_00236.npy,"(4, 512, 512)",0.0,1.0,0.5027357339859009,0.18245966732501984,5
/home/grva-mintcave/Projects/Facies/Dataset/facies/tiles/images/img_00237.npy,/home/grva-mintcave/Projects/Facies/Dataset/facies/tiles/masks/img_00237.npy,"(4, 512, 512)",0.0,1.0,0.5055066347122192,0.2373761534690857,5
/home/grva-mintcave/Projects/Facies/Dataset/facies/tiles/images/img_00238.npy,/home/grva-mintcave/Projects/Facies/Dataset/facies/tiles/masks/img_00238.npy,"(4, 512, 512)",0.0,1.0,0.5017797946929932,0.2261950522661209,5
/home/grva-mintcave/Projects/Facies/Dataset/facies/tiles/images/img_00239.npy,/home/grva-mintcave/Projects/Facies/Dataset/facies/tiles/masks/img_00239.npy,"(4, 512, 512)",0.0,1.0,0.5017543435096741,0.22607466578483582,5
/home/grva-mintcave/Projects/Facies/Dataset/facies/tiles/images/img_00240.npy,/home/grva-mintcave/Projects/Facies/Dataset/facies/tiles/masks/img_00240.npy,"(4, 512, 512)",0.0,1.0,0.5034162402153015,0.14636877179145813,5
/home/grva-mintcave/Projects/Facies/Dataset/facies/tiles/images/img_00241.npy,/home/grva-mintcave/Projects/Facies/Dataset/facies/tiles/masks/img_00241.npy,"(4, 512, 512)",0.0,1.0,0.5037882328033447,0.1874820590019226,5
/home/grva-mintcave/Projects/Facies/Dataset/facies/tiles/images/img_00242.npy,/home/grva-mintcave/Projects/Facies/Dataset/facies/tiles/masks/img_00242.npy,"(4, 512, 512)",0.0,1.0,0.5054345726966858,0.244825080037117,5
/home/grva-mintcave/Projects/Facies/Dataset/facies/tiles/images/img_00243.npy,/home/grva-mintcave/Projects/Facies/Dataset/facies/tiles/masks/img_00243.npy,"(4, 512, 512)",0.0,1.0,0.5025438070297241,0.20745866000652313,5
/home/grva-mintcave/Projects/Facies/Dataset/facies/tiles/images/img_00244.npy,/home/grva-mintcave/Projects/Facies/Dataset/facies/tiles/masks/img_00244.npy,"(4, 512, 512)",0.0,1.0,0.5024833679199219,0.20697300136089325,5
/home/grva-mintcave/Projects/Facies/Dataset/facies/tiles/images/img_00245.npy,/home/grva-mintcave/Projects/Facies/Dataset/facies/tiles/masks/img_00245.npy,"(4, 512, 512)",0.0,1.0,0.5030556321144104,0.1486535668373108,5
/home/grva-mintcave/Projects/Facies/Dataset/facies/tiles/images/img_00246.npy,/home/grva-mintcave/Projects/Facies/Dataset/facies/tiles/masks/img_00246.npy,"(4, 512, 512)",0.0,1.0,0.5032365322113037,0.18931077420711517,5
/home/grva-mintcave/Projects/Facies/Dataset/facies/tiles/images/img_00247.npy,/home/grva-mintcave/Projects/Facies/Dataset/facies/tiles/masks/img_00247.npy,"(4, 512, 512)",0.0,1.0,0.5064293742179871,0.24092328548431396,5
/home/grva-mintcave/Projects/Facies/Dataset/facies/tiles/images/img_00248.npy,/home/grva-mintcave/Projects/Facies/Dataset/facies/tiles/masks/img_00248.npy,"(4, 512, 512)",0.0,1.0,0.49913671612739563,0.2243361622095108,5
/home/grva-mintcave/Projects/Facies/Dataset/facies/tiles/images/img_00249.npy,/home/grva-mintcave/Projects/Facies/Dataset/facies/tiles/masks/img_00249.npy,"(4, 512, 512)",0.0,1.0,0.4989156723022461,0.2242984175682068,5
/home/grva-mintcave/Projects/Facies/Dataset/facies/tiles/images/img_00250.npy,/home/grva-mintcave/Projects/Facies/Dataset/facies/tiles/masks/img_00250.npy,"(4, 512, 512)",0.0,1.0,0.5036396980285645,0.14814996719360352,5
/home/grva-mintcave/Projects/Facies/Dataset/facies/tiles/images/img_00251.npy,/home/grva-mintcave/Projects/Facies/Dataset/facies/tiles/masks/img_00251.npy,"(4, 512, 512)",0.0,1.0,0.5037733316421509,0.19368913769721985,5
/home/grva-mintcave/Projects/Facies/Dataset/facies/tiles/images/img_00252.npy,/home/grva-mintcave/Projects/Facies/Dataset/facies/tiles/masks/img_00252.npy,"(4, 512, 512)",0.0,1.0,0.505312979221344,0.24504990875720978,5
/home/grva-mintcave/Projects/Facies/Dataset/facies/tiles/images/img_00253.npy,/home/grva-mintcave/Projects/Facies/Dataset/facies/tiles/masks/img_00253.npy,"(4, 512, 512)",0.0,1.0,0.5014098286628723,0.20087209343910217,5
/home/grva-mintcave/Projects/Facies/Dataset/facies/tiles/images/img_00254.npy,/home/grva-mintcave/Projects/Facies/Dataset/facies/tiles/masks/img_00254.npy,"(4, 512, 512)",0.0,1.0,0.5013543963432312,0.2004665732383728,5
/home/grva-mintcave/Projects/Facies/Dataset/facies/tiles/images/img_00255.npy,/home/grva-mintcave/Projects/Facies/Dataset/facies/tiles/masks/img_00255.npy,"(4, 512, 512)",0.0,1.0,0.5030462741851807,0.15118004381656647,5
/home/grva-mintcave/Projects/Facies/Dataset/facies/tiles/images/img_00256.npy,/home/grva-mintcave/Projects/Facies/Dataset/facies/tiles/masks/img_00256.npy,"(4, 512, 512)",0.0,1.0,0.5032671689987183,0.19617322087287903,5
/home/grva-mintcave/Projects/Facies/Dataset/facies/tiles/images/img_00257.npy,/home/grva-mintcave/Projects/Facies/Dataset/facies/tiles/masks/img_00257.npy,"(4, 512, 512)",0.0,1.0,0.5061389207839966,0.241029754281044,5
/home/grva-mintcave/Projects/Facies/Dataset/facies/tiles/images/img_00258.npy,/home/grva-mintcave/Projects/Facies/Dataset/facies/tiles/masks/img_00258.npy,"(4, 512, 512)",0.0,1.0,0.5003699064254761,0.21847017109394073,5
/home/grva-mintcave/Projects/Facies/Dataset/facies/tiles/images/img_00259.npy,/home/grva-mintcave/Projects/Facies/Dataset/facies/tiles/masks/img_00259.npy,"(4, 512, 512)",0.0,1.0,0.500257134437561,0.2185085117816925,5
/home/grva-mintcave/Projects/Facies/Dataset/facies/tiles/images/img_00260.npy,/home/grva-mintcave/Projects/Facies/Dataset/facies/tiles/masks/img_00260.npy,"(4, 512, 512)",0.0,1.0,0.5034656524658203,0.14705991744995117,5
/home/grva-mintcave/Projects/Facies/Dataset/facies/tiles/images/img_00261.npy,/home/grva-mintcave/Projects/Facies/Dataset/facies/tiles/masks/img_00261.npy,"(4, 512, 512)",0.0,1.0,0.503538966178894,0.19241543114185333,5
/home/grva-mintcave/Projects/Facies/Dataset/facies/tiles/images/img_00262.npy,/home/grva-mintcave/Projects/Facies/Dataset/facies/tiles/masks/img_00262.npy,"(4, 512, 512)",0.0,1.0,0.5052840709686279,0.24130867421627045,5
/home/grva-mintcave/Projects/Facies/Dataset/facies/tiles/images/img_00263.npy,/home/grva-mintcave/Projects/Facies/Dataset/facies/tiles/masks/img_00263.npy,"(4, 512, 512)",0.0,1.0,0.5017274022102356,0.19623106718063354,5
/home/grva-mintcave/Projects/Facies/Dataset/facies/tiles/images/img_00264.npy,/home/grva-mintcave/Projects/Facies/Dataset/facies/tiles/masks/img_00264.npy,"(4, 512, 512)",0.0,1.0,0.5016686320304871,0.19568286836147308,5
/home/grva-mintcave/Projects/Facies/Dataset/facies/tiles/images/img_00265.npy,/home/grva-mintcave/Projects/Facies/Dataset/facies/tiles/masks/img_00265.npy,"(4, 512, 512)",0.0,1.0,0.503296971321106,0.1509139984846115,5
/home/grva-mintcave/Projects/Facies/Dataset/facies/tiles/images/img_00266.npy,/home/grva-mintcave/Projects/Facies/Dataset/facies/tiles/masks/img_00266.npy,"(4, 512, 512)",0.0,1.0,0.5030910968780518,0.1954817920923233,5
/home/grva-mintcave/Projects/Facies/Dataset/facies/tiles/images/img_00267.npy,/home/grva-mintcave/Projects/Facies/Dataset/facies/tiles/masks/img_00267.npy,"(4, 512, 512)",0.0,1.0,0.50574791431427,0.23786714673042297,5
/home/grva-mintcave/Projects/Facies/Dataset/facies/tiles/images/img_00268.npy,/home/grva-mintcave/Projects/Facies/Dataset/facies/tiles/masks/img_00268.npy,"(4, 512, 512)",0.0,1.0,0.5024573802947998,0.21467168629169464,5
/home/grva-mintcave/Projects/Facies/Dataset/facies/tiles/images/img_00269.npy,/home/grva-mintcave/Projects/Facies/Dataset/facies/tiles/masks/img_00269.npy,"(4, 512, 512)",0.0,1.0,0.5023727416992188,0.2145410180091858,5
/home/grva-mintcave/Projects/Facies/Dataset/facies/tiles/images/img_00270.npy,/home/grva-mintcave/Projects/Facies/Dataset/facies/tiles/masks/img_00270.npy,"(4, 512, 512)",0.0,1.0,0.50304114818573,0.14497309923171997,5
/home/grva-mintcave/Projects/Facies/Dataset/facies/tiles/images/img_00271.npy,/home/grva-mintcave/Projects/Facies/Dataset/facies/tiles/masks/img_00271.npy,"(4, 512, 512)",0.0,1.0,0.503485381603241,0.18524472415447235,5
/home/grva-mintcave/Projects/Facies/Dataset/facies/tiles/images/img_00272.npy,/home/grva-mintcave/Projects/Facies/Dataset/facies/tiles/masks/img_00272.npy,"(4, 512, 512)",0.0,1.0,0.5052587985992432,0.2344217598438263,5
/home/grva-mintcave/Projects/Facies/Dataset/facies/tiles/images/img_00273.npy,/home/grva-mintcave/Projects/Facies/Dataset/facies/tiles/masks/img_00273.npy,"(4, 512, 512)",0.0,1.0,0.5020239949226379,0.18716712296009064,5
/home/grva-mintcave/Projects/Facies/Dataset/facies/tiles/images/img_00274.npy,/home/grva-mintcave/Projects/Facies/Dataset/facies/tiles/masks/img_00274.npy,"(4, 512, 512)",0.0,1.0,0.5019358992576599,0.1866869032382965,5
/home/grva-mintcave/Projects/Facies/Dataset/facies/tiles/images/img_00275.npy,/home/grva-mintcave/Projects/Facies/Dataset/facies/tiles/masks/img_00275.npy,"(4, 512, 512)",0.0,1.0,0.503882884979248,0.14921753108501434,5
/home/grva-mintcave/Projects/Facies/Dataset/facies/tiles/images/img_00276.npy,/home/grva-mintcave/Projects/Facies/Dataset/facies/tiles/masks/img_00276.npy,"(4, 512, 512)",0.0,1.0,0.5034372210502625,0.18876227736473083,5
/home/grva-mintcave/Projects/Facies/Dataset/facies/tiles/images/img_00277.npy,/home/grva-mintcave/Projects/Facies/Dataset/facies/tiles/masks/img_00277.npy,"(4, 512, 512)",0.0,1.0,0.5057447552680969,0.2312738597393036,5
/home/grva-mintcave/Projects/Facies/Dataset/facies/tiles/images/img_00278.npy,/home/grva-mintcave/Projects/Facies/Dataset/facies/tiles/masks/img_00278.npy,"(4, 512, 512)",0.0,1.0,0.5021753311157227,0.20547756552696228,5
/home/grva-mintcave/Projects/Facies/Dataset/facies/tiles/images/img_00279.npy,/home/grva-mintcave/Projects/Facies/Dataset/facies/tiles/masks/img_00279.npy,"(4, 512, 512)",0.0,1.0,0.5020488500595093,0.2054608315229416,5
/home/grva-mintcave/Projects/Facies/Dataset/facies/tiles/images/img_00280.npy,/home/grva-mintcave/Projects/Facies/Dataset/facies/tiles/masks/img_00280.npy,"(4, 512, 512)",0.0,1.0,0.5029380321502686,0.14336423575878143,5
/home/grva-mintcave/Projects/Facies/Dataset/facies/tiles/images/img_00281.npy,/home/grva-mintcave/Projects/Facies/Dataset/facies/tiles/masks/img_00281.npy,"(4, 512, 512)",0.0,1.0,0.5039574503898621,0.18940986692905426,5
/home/grva-mintcave/Projects/Facies/Dataset/facies/tiles/images/img_00282.npy,/home/grva-mintcave/Projects/Facies/Dataset/facies/tiles/masks/img_00282.npy,"(4, 512, 512)",0.0,1.0,0.5049148201942444,0.2364898920059204,5
/home/grva-mintcave/Projects/Facies/Dataset/facies/tiles/images/img_00283.npy,/home/grva-mintcave/Projects/Facies/Dataset/facies/tiles/masks/img_00283.npy,"(4, 512, 512)",0.0,1.0,0.5013379454612732,0.1842738389968872,5
/home/grva-mintcave/Projects/Facies/Dataset/facies/tiles/images/img_00284.npy,/home/grva-mintcave/Projects/Facies/Dataset/facies/tiles/masks/img_00284.npy,"(4, 512, 512)",0.0,1.0,0.5012573003768921,0.1839565932750702,5
/home/grva-mintcave/Projects/Facies/Dataset/facies/tiles/images/img_00285.npy,/home/grva-mintcave/Projects/Facies/Dataset/facies/tiles/masks/img_00285.npy,"(4, 512, 512)",0.0,1.0,0.504343569278717,0.14754585921764374,5
/home/grva-mintcave/Projects/Facies/Dataset/facies/tiles/images/img_00286.npy,/home/grva-mintcave/Projects/Facies/Dataset/facies/tiles/masks/img_00286.npy,"(4, 512, 512)",0.0,1.0,0.504218578338623,0.19293886423110962,5
/home/grva-mintcave/Projects/Facies/Dataset/facies/tiles/images/img_00287.npy,/home/grva-mintcave/Projects/Facies/Dataset/facies/tiles/masks/img_00287.npy,"(4, 512, 512)",0.0,1.0,0.505458652973175,0.23341748118400574,5
/home/grva-mintcave/Projects/Facies/Dataset/facies/tiles/images/img_00288.npy,/home/grva-mintcave/Projects/Facies/Dataset/facies/tiles/masks/img_00288.npy,"(4, 512, 512)",0.0,1.0,0.5009195804595947,0.2039070427417755,5
/home/grva-mintcave/Projects/Facies/Dataset/facies/tiles/images/img_00289.npy,/home/grva-mintcave/Projects/Facies/Dataset/facies/tiles/masks/img_00289.npy,"(4, 512, 512)",0.0,1.0,0.5008823871612549,0.20393377542495728,5
/home/grva-mintcave/Projects/Facies/Dataset/facies/tiles/images/img_00290.npy,/home/grva-mintcave/Projects/Facies/Dataset/facies/tiles/masks/img_00290.npy,"(4, 512, 512)",0.0,1.0,0.5027663111686707,0.1407790333032608,5
/home/grva-mintcave/Projects/Facies/Dataset/facies/tiles/images/img_00291.npy,/home/grva-mintcave/Projects/Facies/Dataset/facies/tiles/masks/img_00291.npy,"(4, 512, 512)",0.0,1.0,0.5042464733123779,0.19564910233020782,5
/home/grva-mintcave/Projects/Facies/Dataset/facies/tiles/images/img_00292.npy,/home/grva-mintcave/Projects/Facies/Dataset/facies/tiles/masks/img_00292.npy,"(4, 512, 512)",0.0,1.0,0.5049083828926086,0.23401467502117157,5
/home/grva-mintcave/Projects/Facies/Dataset/facies/tiles/images/img_00293.npy,/home/grva-mintcave/Projects/Facies/Dataset/facies/tiles/masks/img_00293.npy,"(4, 512, 512)",0.0,1.0,0.501556932926178,0.18006937205791473,5
/home/grva-mintcave/Projects/Facies/Dataset/facies/tiles/images/img_00294.npy,/home/grva-mintcave/Projects/Facies/Dataset/facies/tiles/masks/img_00294.npy,"(4, 512, 512)",0.0,1.0,0.5015153884887695,0.1796358823776245,5
/home/grva-mintcave/Projects/Facies/Dataset/facies/tiles/images/img_00295.npy,/home/grva-mintcave/Projects/Facies/Dataset/facies/tiles/masks/img_00295.npy,"(4, 512, 512)",0.0,1.0,0.5047646164894104,0.14459317922592163,5
/home/grva-mintcave/Projects/Facies/Dataset/facies/tiles/images/img_00296.npy,/home/grva-mintcave/Projects/Facies/Dataset/facies/tiles/masks/img_00296.npy,"(4, 512, 512)",0.0,1.0,0.5044634938240051,0.199148491024971,5
/home/grva-mintcave/Projects/Facies/Dataset/facies/tiles/images/img_00297.npy,/home/grva-mintcave/Projects/Facies/Dataset/facies/tiles/masks/img_00297.npy,"(4, 512, 512)",0.0,1.0,0.5053739547729492,0.2306760549545288,5
/home/grva-mintcave/Projects/Facies/Dataset/facies/tiles/images/img_00298.npy,/home/grva-mintcave/Projects/Facies/Dataset/facies/tiles/masks/img_00298.npy,"(4, 512, 512)",0.0,1.0,0.5003640651702881,0.19717811048030853,5
/home/grva-mintcave/Projects/Facies/Dataset/facies/tiles/images/img_00299.npy,/home/grva-mintcave/Projects/Facies/Dataset/facies/tiles/masks/img_00299.npy,"(4, 512, 512)",0.0,1.0,0.500311017036438,0.19698850810527802,5
/home/grva-mintcave/Projects/Facies/Dataset/facies/tiles/images/img_00300.npy,/home/grva-mintcave/Projects/Facies/Dataset/facies/tiles/masks/img_00300.npy,"(4, 512, 512)",0.0,1.0,0.502665638923645,0.13583950698375702,5
/home/grva-mintcave/Projects/Facies/Dataset/facies/tiles/images/img_00301.npy,/home/grva-mintcave/Projects/Facies/Dataset/facies/tiles/masks/img_00301.npy,"(4, 512, 512)",0.0,1.0,0.5043578147888184,0.1945333331823349,5
/home/grva-mintcave/Projects/Facies/Dataset/facies/tiles/images/img_00302.npy,/home/grva-mintcave/Projects/Facies/Dataset/facies/tiles/masks/img_00302.npy,"(4, 512, 512)",0.0,1.0,0.5044999122619629,0.2371722310781479,5
/home/grva-mintcave/Projects/Facies/Dataset/facies/tiles/images/img_00303.npy,/home/grva-mintcave/Projects/Facies/Dataset/facies/tiles/masks/img_00303.npy,"(4, 512, 512)",0.0,1.0,0.5013813972473145,0.17956237494945526,5
/home/grva-mintcave/Projects/Facies/Dataset/facies/tiles/images/img_00304.npy,/home/grva-mintcave/Projects/Facies/Dataset/facies/tiles/masks/img_00304.npy,"(4, 512, 512)",0.0,1.0,0.501345157623291,0.1791771650314331,5
/home/grva-mintcave/Projects/Facies/Dataset/facies/tiles/images/img_00305.npy,/home/grva-mintcave/Projects/Facies/Dataset/facies/tiles/masks/img_00305.npy,"(4, 512, 512)",0.0,1.0,0.5046941637992859,0.13988547027111053,5
/home/grva-mintcave/Projects/Facies/Dataset/facies/tiles/images/img_00306.npy,/home/grva-mintcave/Projects/Facies/Dataset/facies/tiles/masks/img_00306.npy,"(4, 512, 512)",0.0,1.0,0.5047090649604797,0.1982412040233612,5
/home/grva-mintcave/Projects/Facies/Dataset/facies/tiles/images/img_00307.npy,/home/grva-mintcave/Projects/Facies/Dataset/facies/tiles/masks/img_00307.npy,"(4, 512, 512)",0.0,1.0,0.5049870014190674,0.23390085995197296,5
/home/grva-mintcave/Projects/Facies/Dataset/facies/tiles/images/img_00308.npy,/home/grva-mintcave/Projects/Facies/Dataset/facies/tiles/masks/img_00308.npy,"(4, 512, 512)",0.0,1.0,0.5004961490631104,0.19348576664924622,5
/home/grva-mintcave/Projects/Facies/Dataset/facies/tiles/images/img_00309.npy,/home/grva-mintcave/Projects/Facies/Dataset/facies/tiles/masks/img_00309.npy,"(4, 512, 512)",0.0,1.0,0.5004160404205322,0.19334463775157928,5
/home/grva-mintcave/Projects/Facies/Dataset/facies/tiles/images/img_00310.npy,/home/grva-mintcave/Projects/Facies/Dataset/facies/tiles/masks/img_00310.npy,"(4, 512, 512)",0.0,1.0,0.5025874972343445,0.12996986508369446,5
/home/grva-mintcave/Projects/Facies/Dataset/facies/tiles/images/img_00311.npy,/home/grva-mintcave/Projects/Facies/Dataset/facies/tiles/masks/img_00311.npy,"(4, 512, 512)",0.0,1.0,0.5039380788803101,0.19161227345466614,5
/home/grva-mintcave/Projects/Facies/Dataset/facies/tiles/images/img_00312.npy,/home/grva-mintcave/Projects/Facies/Dataset/facies/tiles/masks/img_00312.npy,"(4, 512, 512)",0.0,1.0,0.5049208402633667,0.23541009426116943,5
/home/grva-mintcave/Projects/Facies/Dataset/facies/tiles/images/img_00313.npy,/home/grva-mintcave/Projects/Facies/Dataset/facies/tiles/masks/img_00313.npy,"(4, 512, 512)",0.0,1.0,0.5010361671447754,0.18224582076072693,5
/home/grva-mintcave/Projects/Facies/Dataset/facies/tiles/images/img_00314.npy,/home/grva-mintcave/Projects/Facies/Dataset/facies/tiles/masks/img_00314.npy,"(4, 512, 512)",0.0,1.0,0.5009510517120361,0.1819601058959961,5
/home/grva-mintcave/Projects/Facies/Dataset/facies/tiles/images/img_00315.npy,/home/grva-mintcave/Projects/Facies/Dataset/facies/tiles/masks/img_00315.npy,"(4, 512, 512)",0.0,1.0,0.504257082939148,0.13557209074497223,5
/home/grva-mintcave/Projects/Facies/Dataset/facies/tiles/images/img_00316.npy,/home/grva-mintcave/Projects/Facies/Dataset/facies/tiles/masks/img_00316.npy,"(4, 512, 512)",0.0,1.0,0.5043600797653198,0.19559159874916077,5
/home/grva-mintcave/Projects/Facies/Dataset/facies/tiles/images/img_00317.npy,/home/grva-mintcave/Projects/Facies/Dataset/facies/tiles/masks/img_00317.npy,"(4, 512, 512)",0.0,1.0,0.5052061676979065,0.23272523283958435,5
/home/grva-mintcave/Projects/Facies/Dataset/facies/tiles/images/img_00318.npy,/home/grva-mintcave/Projects/Facies/Dataset/facies/tiles/masks/img_00318.npy,"(4, 512, 512)",0.0,1.0,0.5008156299591064,0.19440621137619019,5
/home/grva-mintcave/Projects/Facies/Dataset/facies/tiles/images/img_00319.npy,/home/grva-mintcave/Projects/Facies/Dataset/facies/tiles/masks/img_00319.npy,"(4, 512, 512)",0.0,1.0,0.5007473230361938,0.19428123533725739,5
/home/grva-mintcave/Projects/Facies/Dataset/facies/tiles/images/img_00320.npy,/home/grva-mintcave/Projects/Facies/Dataset/facies/tiles/masks/img_00320.npy,"(4, 512, 512)",0.0,1.0,0.5027285218238831,0.12832336127758026,5
/home/grva-mintcave/Projects/Facies/Dataset/facies/tiles/images/img_00321.npy,/home/grva-mintcave/Projects/Facies/Dataset/facies/tiles/masks/img_00321.npy,"(4, 512, 512)",0.0,1.0,0.5040053725242615,0.18698710203170776,5
/home/grva-mintcave/Projects/Facies/Dataset/facies/tiles/images/img_00322.npy,/home/grva-mintcave/Projects/Facies/Dataset/facies/tiles/masks/img_00322.npy,"(4, 512, 512)",0.0,1.0,0.5041466355323792,0.23271684348583221,5
/home/grva-mintcave/Projects/Facies/Dataset/facies/tiles/images/img_00323.npy,/home/grva-mintcave/Projects/Facies/Dataset/facies/tiles/masks/img_00323.npy,"(4, 512, 512)",0.0,1.0,0.5011870861053467,0.18054336309432983,5
/home/grva-mintcave/Projects/Facies/Dataset/facies/tiles/images/img_00324.npy,/home/grva-mintcave/Projects/Facies/Dataset/facies/tiles/masks/img_00324.npy,"(4, 512, 512)",0.0,1.0,0.5011470317840576,0.1802293062210083,5
/home/grva-mintcave/Projects/Facies/Dataset/facies/tiles/images/img_00325.npy,/home/grva-mintcave/Projects/Facies/Dataset/facies/tiles/masks/img_00325.npy,"(4, 512, 512)",0.0,1.0,0.5040867924690247,0.1339133381843567,5
/home/grva-mintcave/Projects/Facies/Dataset/facies/tiles/images/img_00326.npy,/home/grva-mintcave/Projects/Facies/Dataset/facies/tiles/masks/img_00326.npy,"(4, 512, 512)",0.0,1.0,0.5042897462844849,0.19118468463420868,5
/home/grva-mintcave/Projects/Facies/Dataset/facies/tiles/images/img_00327.npy,/home/grva-mintcave/Projects/Facies/Dataset/facies/tiles/masks/img_00327.npy,"(4, 512, 512)",0.0,1.0,0.5042544007301331,0.2305671125650406,5
/home/grva-mintcave/Projects/Facies/Dataset/facies/tiles/images/img_00328.npy,/home/grva-mintcave/Projects/Facies/Dataset/facies/tiles/masks/img_00328.npy,"(4, 512, 512)",0.0,1.0,0.5010002851486206,0.1888941079378128,5
/home/grva-mintcave/Projects/Facies/Dataset/facies/tiles/images/img_00329.npy,/home/grva-mintcave/Projects/Facies/Dataset/facies/tiles/masks/img_00329.npy,"(4, 512, 512)",0.0,1.0,0.5010315179824829,0.18869070708751678,5
/home/grva-mintcave/Projects/Facies/Dataset/facies/tiles/images/img_00330.npy,/home/grva-mintcave/Projects/Facies/Dataset/facies/tiles/masks/img_00330.npy,"(4, 512, 512)",0.0,1.0,0.5026484131813049,0.12685751914978027,5
/home/grva-mintcave/Projects/Facies/Dataset/facies/tiles/images/img_00331.npy,/home/grva-mintcave/Projects/Facies/Dataset/facies/tiles/masks/img_00331.npy,"(4, 512, 512)",0.0,1.0,0.5038646459579468,0.18048574030399323,5
/home/grva-mintcave/Projects/Facies/Dataset/facies/tiles/images/img_00332.npy,/home/grva-mintcave/Projects/Facies/Dataset/facies/tiles/masks/img_00332.npy,"(4, 512, 512)",0.0,1.0,0.5042017102241516,0.23015747964382172,5
/home/grva-mintcave/Projects/Facies/Dataset/facies/tiles/images/img_00333.npy,/home/grva-mintcave/Projects/Facies/Dataset/facies/tiles/masks/img_00333.npy,"(4, 512, 512)",0.0,1.0,0.5016730427742004,0.18008224666118622,5
/home/grva-mintcave/Projects/Facies/Dataset/facies/tiles/images/img_00334.npy,/home/grva-mintcave/Projects/Facies/Dataset/facies/tiles/masks/img_00334.npy,"(4, 512, 512)",0.0,1.0,0.5016869902610779,0.1795489341020584,5
/home/grva-mintcave/Projects/Facies/Dataset/facies/tiles/images/img_00335.npy,/home/grva-mintcave/Projects/Facies/Dataset/facies/tiles/masks/img_00335.npy,"(4, 512, 512)",0.0,1.0,0.5044118165969849,0.13246691226959229,5
/home/grva-mintcave/Projects/Facies/Dataset/facies/tiles/images/img_00336.npy,/home/grva-mintcave/Projects/Facies/Dataset/facies/tiles/masks/img_00336.npy,"(4, 512, 512)",0.0,1.0,0.503734827041626,0.18494510650634766,5
/home/grva-mintcave/Projects/Facies/Dataset/facies/tiles/images/img_00337.npy,/home/grva-mintcave/Projects/Facies/Dataset/facies/tiles/masks/img_00337.npy,"(4, 512, 512)",0.0,1.0,0.5044695734977722,0.22829225659370422,5
/home/grva-mintcave/Projects/Facies/Dataset/facies/tiles/images/img_00338.npy,/home/grva-mintcave/Projects/Facies/Dataset/facies/tiles/masks/img_00338.npy,"(4, 512, 512)",0.0,1.0,0.50196373462677,0.18790586292743683,5
/home/grva-mintcave/Projects/Facies/Dataset/facies/tiles/images/img_00339.npy,/home/grva-mintcave/Projects/Facies/Dataset/facies/tiles/masks/img_00339.npy,"(4, 512, 512)",0.0,1.0,0.5020251274108887,0.18752235174179077,5
/home/grva-mintcave/Projects/Facies/Dataset/facies/tiles/images/img_00340.npy,/home/grva-mintcave/Projects/Facies/Dataset/facies/tiles/masks/img_00340.npy,"(4, 512, 512)",0.0,1.0,0.5023017525672913,0.1260191798210144,5
/home/grva-mintcave/Projects/Facies/Dataset/facies/tiles/images/img_00341.npy,/home/grva-mintcave/Projects/Facies/Dataset/facies/tiles/masks/img_00341.npy,"(4, 512, 512)",0.0,1.0,0.503782331943512,0.17717386782169342,5
/home/grva-mintcave/Projects/Facies/Dataset/facies/tiles/images/img_00342.npy,/home/grva-mintcave/Projects/Facies/Dataset/facies/tiles/masks/img_00342.npy,"(4, 512, 512)",0.0,1.0,0.5036078691482544,0.22722046077251434,5
/home/grva-mintcave/Projects/Facies/Dataset/facies/tiles/images/img_00343.npy,/home/grva-mintcave/Projects/Facies/Dataset/facies/tiles/masks/img_00343.npy,"(4, 512, 512)",0.0,1.0,0.5025432109832764,0.17029137909412384,5
/home/grva-mintcave/Projects/Facies/Dataset/facies/tiles/images/img_00344.npy,/home/grva-mintcave/Projects/Facies/Dataset/facies/tiles/masks/img_00344.npy,"(4, 512, 512)",0.0,1.0,0.5025529265403748,0.1696859896183014,5
/home/grva-mintcave/Projects/Facies/Dataset/facies/tiles/images/img_00345.npy,/home/grva-mintcave/Projects/Facies/Dataset/facies/tiles/masks/img_00345.npy,"(4, 512, 512)",0.0,1.0,0.5045309662818909,0.13139654695987701,5
/home/grva-mintcave/Projects/Facies/Dataset/facies/tiles/images/img_00346.npy,/home/grva-mintcave/Projects/Facies/Dataset/facies/tiles/masks/img_00346.npy,"(4, 512, 512)",0.0,1.0,0.5036985874176025,0.18080730736255646,5
/home/grva-mintcave/Projects/Facies/Dataset/facies/tiles/images/img_00347.npy,/home/grva-mintcave/Projects/Facies/Dataset/facies/tiles/masks/img_00347.npy,"(4, 512, 512)",0.0,1.0,0.5040437579154968,0.22527599334716797,5
/home/grva-mintcave/Projects/Facies/Dataset/facies/tiles/images/img_00348.npy,/home/grva-mintcave/Projects/Facies/Dataset/facies/tiles/masks/img_00348.npy,"(4, 512, 512)",0.0,1.0,0.5030069351196289,0.1760714203119278,5
/home/grva-mintcave/Projects/Facies/Dataset/facies/tiles/images/img_00349.npy,/home/grva-mintcave/Projects/Facies/Dataset/facies/tiles/masks/img_00349.npy,"(4, 512, 512)",0.0,1.0,0.5030332207679749,0.17567068338394165,5
/home/grva-mintcave/Projects/Facies/Dataset/facies/tiles/images/img_00350.npy,/home/grva-mintcave/Projects/Facies/Dataset/facies/tiles/masks/img_00350.npy,"(4, 512, 512)",0.0,1.0,0.5021584630012512,0.12346263229846954,5
/home/grva-mintcave/Projects/Facies/Dataset/facies/tiles/images/img_00351.npy,/home/grva-mintcave/Projects/Facies/Dataset/facies/tiles/masks/img_00351.npy,"(4, 512, 512)",0.0,1.0,0.5031338334083557,0.17839421331882477,5
/home/grva-mintcave/Projects/Facies/Dataset/facies/tiles/images/img_00352.npy,/home/grva-mintcave/Projects/Facies/Dataset/facies/tiles/masks/img_00352.npy,"(4, 512, 512)",0.0,1.0,0.5039335489273071,0.21727077662944794,5
/home/grva-mintcave/Projects/Facies/Dataset/facies/tiles/images/img_00353.npy,/home/grva-mintcave/Projects/Facies/Dataset/facies/tiles/masks/img_00353.npy,"(4, 512, 512)",0.0,1.0,0.5028344392776489,0.1612308770418167,5
/home/grva-mintcave/Projects/Facies/Dataset/facies/tiles/images/img_00354.npy,/home/grva-mintcave/Projects/Facies/Dataset/facies/tiles/masks/img_00354.npy,"(4, 512, 512)",0.0,1.0,0.5028427243232727,0.16077737510204315,5
/home/grva-mintcave/Projects/Facies/Dataset/facies/tiles/images/img_00355.npy,/home/grva-mintcave/Projects/Facies/Dataset/facies/tiles/masks/img_00355.npy,"(4, 512, 512)",0.0,1.0,0.5039356350898743,0.12806609272956848,5
/home/grva-mintcave/Projects/Facies/Dataset/facies/tiles/images/img_00356.npy,/home/grva-mintcave/Projects/Facies/Dataset/facies/tiles/masks/img_00356.npy,"(4, 512, 512)",0.0,1.0,0.5033280253410339,0.18222476541996002,5
/home/grva-mintcave/Projects/Facies/Dataset/facies/tiles/images/img_00357.npy,/home/grva-mintcave/Projects/Facies/Dataset/facies/tiles/masks/img_00357.npy,"(4, 512, 512)",0.0,1.0,0.5045062899589539,0.2161227911710739,5
/home/grva-mintcave/Projects/Facies/Dataset/facies/tiles/images/img_00358.npy,/home/grva-mintcave/Projects/Facies/Dataset/facies/tiles/masks/img_00358.npy,"(4, 512, 512)",0.0,1.0,0.5031434297561646,0.16787217557430267,5
/home/grva-mintcave/Projects/Facies/Dataset/facies/tiles/images/img_00359.npy,/home/grva-mintcave/Projects/Facies/Dataset/facies/tiles/masks/img_00359.npy,"(4, 512, 512)",0.0,1.0,0.5031617879867554,0.16758708655834198,5
/home/grva-mintcave/Projects/Facies/Dataset/facies/tiles/images/img_00360.npy,/home/grva-mintcave/Projects/Facies/Dataset/facies/tiles/masks/img_00360.npy,"(4, 512, 512)",0.0,1.0,0.5023605227470398,0.1164582148194313,5
/home/grva-mintcave/Projects/Facies/Dataset/facies/tiles/images/img_00361.npy,/home/grva-mintcave/Projects/Facies/Dataset/facies/tiles/masks/img_00361.npy,"(4, 512, 512)",0.0,1.0,0.5037312507629395,0.18048621714115143,5
/home/grva-mintcave/Projects/Facies/Dataset/facies/tiles/images/img_00362.npy,/home/grva-mintcave/Projects/Facies/Dataset/facies/tiles/masks/img_00362.npy,"(4, 512, 512)",0.0,1.0,0.5035632848739624,0.20922133326530457,5
/home/grva-mintcave/Projects/Facies/Dataset/facies/tiles/images/img_00363.npy,/home/grva-mintcave/Projects/Facies/Dataset/facies/tiles/masks/img_00363.npy,"(4, 512, 512)",0.0,1.0,0.5030357241630554,0.1583615392446518,5
/home/grva-mintcave/Projects/Facies/Dataset/facies/tiles/images/img_00364.npy,/home/grva-mintcave/Projects/Facies/Dataset/facies/tiles/masks/img_00364.npy,"(4, 512, 512)",0.0,1.0,0.503040611743927,0.1578802466392517,5
/home/grva-mintcave/Projects/Facies/Dataset/facies/tiles/images/img_00365.npy,/home/grva-mintcave/Projects/Facies/Dataset/facies/tiles/masks/img_00365.npy,"(4, 512, 512)",0.0,1.0,0.5038738250732422,0.12158586084842682,5
/home/grva-mintcave/Projects/Facies/Dataset/facies/tiles/images/img_00366.npy,/home/grva-mintcave/Projects/Facies/Dataset/facies/tiles/masks/img_00366.npy,"(4, 512, 512)",0.0,1.0,0.5037097930908203,0.18454037606716156,5
/home/grva-mintcave/Projects/Facies/Dataset/facies/tiles/images/img_00367.npy,/home/grva-mintcave/Projects/Facies/Dataset/facies/tiles/masks/img_00367.npy,"(4, 512, 512)",0.0,1.0,0.5041173696517944,0.2077031433582306,5
/home/grva-mintcave/Projects/Facies/Dataset/facies/tiles/images/img_00368.npy,/home/grva-mintcave/Projects/Facies/Dataset/facies/tiles/masks/img_00368.npy,"(4, 512, 512)",0.0,1.0,0.5033182501792908,0.16300727427005768,5
/home/grva-mintcave/Projects/Facies/Dataset/facies/tiles/images/img_00369.npy,/home/grva-mintcave/Projects/Facies/Dataset/facies/tiles/masks/img_00369.npy,"(4, 512, 512)",0.0,1.0,0.5033355951309204,0.16266390681266785,5
/home/grva-mintcave/Projects/Facies/Dataset/facies/tiles/images/img_00370.npy,/home/grva-mintcave/Projects/Facies/Dataset/facies/tiles/masks/img_00370.npy,"(4, 512, 512)",0.0,1.0,0.5022442936897278,0.1104753166437149,5
/home/grva-mintcave/Projects/Facies/Dataset/facies/tiles/images/img_00371.npy,/home/grva-mintcave/Projects/Facies/Dataset/facies/tiles/masks/img_00371.npy,"(4, 512, 512)",0.0,1.0,0.5036206841468811,0.1788398176431656,5
/home/grva-mintcave/Projects/Facies/Dataset/facies/tiles/images/img_00372.npy,/home/grva-mintcave/Projects/Facies/Dataset/facies/tiles/masks/img_00372.npy,"(4, 512, 512)",0.0,1.0,0.5037886500358582,0.20301294326782227,5
/home/grva-mintcave/Projects/Facies/Dataset/facies/tiles/images/img_00373.npy,/home/grva-mintcave/Projects/Facies/Dataset/facies/tiles/masks/img_00373.npy,"(4, 512, 512)",0.0,1.0,0.5023141503334045,0.16187483072280884,5
/home/grva-mintcave/Projects/Facies/Dataset/facies/tiles/images/img_00374.npy,/home/grva-mintcave/Projects/Facies/Dataset/facies/tiles/masks/img_00374.npy,"(4, 512, 512)",0.0,1.0,0.5023236274719238,0.16147950291633606,5
/home/grva-mintcave/Projects/Facies/Dataset/facies/tiles/images/img_00375.npy,/home/grva-mintcave/Projects/Facies/Dataset/facies/tiles/masks/img_00375.npy,"(4, 512, 512)",0.0,1.0,0.5038986802101135,0.11523311585187912,5
/home/grva-mintcave/Projects/Facies/Dataset/facies/tiles/images/img_00376.npy,/home/grva-mintcave/Projects/Facies/Dataset/facies/tiles/masks/img_00376.npy,"(4, 512, 512)",0.0,1.0,0.5035555958747864,0.18344032764434814,5
/home/grva-mintcave/Projects/Facies/Dataset/facies/tiles/images/img_00377.npy,/home/grva-mintcave/Projects/Facies/Dataset/facies/tiles/masks/img_00377.npy,"(4, 512, 512)",0.0,1.0,0.5042868852615356,0.20122385025024414,5
/home/grva-mintcave/Projects/Facies/Dataset/facies/tiles/images/img_00378.npy,/home/grva-mintcave/Projects/Facies/Dataset/facies/tiles/masks/img_00378.npy,"(4, 512, 512)",0.0,1.0,0.5025121569633484,0.16491620242595673,5
/home/grva-mintcave/Projects/Facies/Dataset/facies/tiles/images/img_00379.npy,/home/grva-mintcave/Projects/Facies/Dataset/facies/tiles/masks/img_00379.npy,"(4, 512, 512)",0.0,1.0,0.5025342702865601,0.1646270602941513,5
/home/grva-mintcave/Projects/Facies/Dataset/facies/tiles/images/img_00380.npy,/home/grva-mintcave/Projects/Facies/Dataset/facies/tiles/masks/img_00380.npy,"(4, 512, 512)",0.0,1.0,0.5023940801620483,0.11221647262573242,5
/home/grva-mintcave/Projects/Facies/Dataset/facies/tiles/images/img_00381.npy,/home/grva-mintcave/Projects/Facies/Dataset/facies/tiles/masks/img_00381.npy,"(4, 512, 512)",0.0,1.0,0.5033822655677795,0.17946180701255798,5
/home/grva-mintcave/Projects/Facies/Dataset/facies/tiles/images/img_00382.npy,/home/grva-mintcave/Projects/Facies/Dataset/facies/tiles/masks/img_00382.npy,"(4, 512, 512)",0.0,1.0,0.5048730373382568,0.2095644325017929,5
/home/grva-mintcave/Projects/Facies/Dataset/facies/tiles/images/img_00383.npy,/home/grva-mintcave/Projects/Facies/Dataset/facies/tiles/masks/img_00383.npy,"(4, 512, 512)",0.0,1.0,0.5018564462661743,0.16264382004737854,5
/home/grva-mintcave/Projects/Facies/Dataset/facies/tiles/images/img_00384.npy,/home/grva-mintcave/Projects/Facies/Dataset/facies/tiles/masks/img_00384.npy,"(4, 512, 512)",0.0,1.0,0.5018422603607178,0.1619173288345337,5
/home/grva-mintcave/Projects/Facies/Dataset/facies/tiles/images/img_00385.npy,/home/grva-mintcave/Projects/Facies/Dataset/facies/tiles/masks/img_00385.npy,"(4, 512, 512)",0.0,1.0,0.5038878917694092,0.11773309111595154,5
/home/grva-mintcave/Projects/Facies/Dataset/facies/tiles/images/img_00386.npy,/home/grva-mintcave/Projects/Facies/Dataset/facies/tiles/masks/img_00386.npy,"(4, 512, 512)",0.0,1.0,0.5031259059906006,0.18342739343643188,5
/home/grva-mintcave/Projects/Facies/Dataset/facies/tiles/images/img_00387.npy,/home/grva-mintcave/Projects/Facies/Dataset/facies/tiles/masks/img_00387.npy,"(4, 512, 512)",0.0,1.0,0.5053462386131287,0.20736455917358398,5
/home/grva-mintcave/Projects/Facies/Dataset/facies/tiles/images/img_00388.npy,/home/grva-mintcave/Projects/Facies/Dataset/facies/tiles/masks/img_00388.npy,"(4, 512, 512)",0.0,1.0,0.5020467042922974,0.1658894568681717,5
/home/grva-mintcave/Projects/Facies/Dataset/facies/tiles/images/img_00389.npy,/home/grva-mintcave/Projects/Facies/Dataset/facies/tiles/masks/img_00389.npy,"(4, 512, 512)",0.0,1.0,0.5020903944969177,0.16529713571071625,5
/home/grva-mintcave/Projects/Facies/Dataset/facies/tiles/images/img_00390.npy,/home/grva-mintcave/Projects/Facies/Dataset/facies/tiles/masks/img_00390.npy,"(4, 512, 512)",0.0,1.0,0.5025005340576172,0.11448623985052109,5
/home/grva-mintcave/Projects/Facies/Dataset/facies/tiles/images/img_00391.npy,/home/grva-mintcave/Projects/Facies/Dataset/facies/tiles/masks/img_00391.npy,"(4, 512, 512)",0.0,1.0,0.5033947825431824,0.18022169172763824,5
/home/grva-mintcave/Projects/Facies/Dataset/facies/tiles/images/img_00392.npy,/home/grva-mintcave/Projects/Facies/Dataset/facies/tiles/masks/img_00392.npy,"(4, 512, 512)",0.0,1.0,0.5053233504295349,0.22789637744426727,5
/home/grva-mintcave/Projects/Facies/Dataset/facies/tiles/images/img_00393.npy,/home/grva-mintcave/Projects/Facies/Dataset/facies/tiles/masks/img_00393.npy,"(4, 512, 512)",0.0,1.0,0.501738965511322,0.16102470457553864,5
/home/grva-mintcave/Projects/Facies/Dataset/facies/tiles/images/img_00394.npy,/home/grva-mintcave/Projects/Facies/Dataset/facies/tiles/masks/img_00394.npy,"(4, 512, 512)",0.0,1.0,0.5017262697219849,0.16036498546600342,5
/home/grva-mintcave/Projects/Facies/Dataset/facies/tiles/images/img_00395.npy,/home/grva-mintcave/Projects/Facies/Dataset/facies/tiles/masks/img_00395.npy,"(4, 512, 512)",0.0,1.0,0.5039687156677246,0.12043597549200058,5
/home/grva-mintcave/Projects/Facies/Dataset/facies/tiles/images/img_00396.npy,/home/grva-mintcave/Projects/Facies/Dataset/facies/tiles/masks/img_00396.npy,"(4, 512, 512)",0.0,1.0,0.5027135014533997,0.18337592482566833,5
/home/grva-mintcave/Projects/Facies/Dataset/facies/tiles/images/img_00397.npy,/home/grva-mintcave/Projects/Facies/Dataset/facies/tiles/masks/img_00397.npy,"(4, 512, 512)",0.0,1.0,0.5056084394454956,0.22498004138469696,5
/home/grva-mintcave/Projects/Facies/Dataset/facies/tiles/images/img_00398.npy,/home/grva-mintcave/Projects/Facies/Dataset/facies/tiles/masks/img_00398.npy,"(4, 512, 512)",0.0,1.0,0.5020669102668762,0.1639469712972641,5
/home/grva-mintcave/Projects/Facies/Dataset/facies/tiles/images/img_00399.npy,/home/grva-mintcave/Projects/Facies/Dataset/facies/tiles/masks/img_00399.npy,"(4, 512, 512)",0.0,1.0,0.5021029114723206,0.16339582204818726,5
/home/grva-mintcave/Projects/Facies/Dataset/facies/tiles/images/img_00400.npy,/home/grva-mintcave/Projects/Facies/Dataset/facies/tiles/masks/img_00400.npy,"(4, 512, 512)",0.0,1.0,0.5024766325950623,0.12067317962646484,5
/home/grva-mintcave/Projects/Facies/Dataset/facies/tiles/images/img_00401.npy,/home/grva-mintcave/Projects/Facies/Dataset/facies/tiles/masks/img_00401.npy,"(4, 512, 512)",0.0,1.0,0.5034300088882446,0.16589786112308502,5
/home/grva-mintcave/Projects/Facies/Dataset/facies/tiles/images/img_00402.npy,/home/grva-mintcave/Projects/Facies/Dataset/facies/tiles/masks/img_00402.npy,"(4, 512, 512)",0.0,1.0,0.5048725008964539,0.2290932834148407,5
/home/grva-mintcave/Projects/Facies/Dataset/facies/tiles/images/img_00403.npy,/home/grva-mintcave/Projects/Facies/Dataset/facies/tiles/masks/img_00403.npy,"(4, 512, 512)",0.0,1.0,0.5012030005455017,0.1693439781665802,5
/home/grva-mintcave/Projects/Facies/Dataset/facies/tiles/images/img_00404.npy,/home/grva-mintcave/Projects/Facies/Dataset/facies/tiles/masks/img_00404.npy,"(4, 512, 512)",0.0,1.0,0.5012045502662659,0.1686696708202362,5
/home/grva-mintcave/Projects/Facies/Dataset/facies/tiles/images/img_00405.npy,/home/grva-mintcave/Projects/Facies/Dataset/facies/tiles/masks/img_00405.npy,"(4, 512, 512)",0.0,1.0,0.5039950609207153,0.12748707830905914,5
/home/grva-mintcave/Projects/Facies/Dataset/facies/tiles/images/img_00406.npy,/home/grva-mintcave/Projects/Facies/Dataset/facies/tiles/masks/img_00406.npy,"(4, 512, 512)",0.0,1.0,0.5025588274002075,0.16924545168876648,5
/home/grva-mintcave/Projects/Facies/Dataset/facies/tiles/images/img_00407.npy,/home/grva-mintcave/Projects/Facies/Dataset/facies/tiles/masks/img_00407.npy,"(4, 512, 512)",0.0,1.0,0.5053219199180603,0.22582726180553436,5
/home/grva-mintcave/Projects/Facies/Dataset/facies/tiles/images/img_00408.npy,/home/grva-mintcave/Projects/Facies/Dataset/facies/tiles/masks/img_00408.npy,"(4, 512, 512)",0.0,1.0,0.5014355182647705,0.17327363789081573,5
/home/grva-mintcave/Projects/Facies/Dataset/facies/tiles/images/img_00409.npy,/home/grva-mintcave/Projects/Facies/Dataset/facies/tiles/masks/img_00409.npy,"(4, 512, 512)",0.0,1.0,0.5014614462852478,0.17269127070903778,5
/home/grva-mintcave/Projects/Facies/Dataset/facies/tiles/images/img_00410.npy,/home/grva-mintcave/Projects/Facies/Dataset/facies/tiles/masks/img_00410.npy,"(4, 512, 512)",0.0,1.0,0.5026429295539856,0.11177526414394379,5
/home/grva-mintcave/Projects/Facies/Dataset/facies/tiles/images/img_00411.npy,/home/grva-mintcave/Projects/Facies/Dataset/facies/tiles/masks/img_00411.npy,"(4, 512, 512)",0.0,1.0,0.5029194355010986,0.17016002535820007,5
/home/grva-mintcave/Projects/Facies/Dataset/facies/tiles/images/img_00412.npy,/home/grva-mintcave/Projects/Facies/Dataset/facies/tiles/masks/img_00412.npy,"(4, 512, 512)",0.0,1.0,0.5046502947807312,0.22885088622570038,5
/home/grva-mintcave/Projects/Facies/Dataset/facies/tiles/images/img_00413.npy,/home/grva-mintcave/Projects/Facies/Dataset/facies/tiles/masks/img_00413.npy,"(4, 512, 512)",0.0,1.0,0.5003649592399597,0.17083501815795898,5
/home/grva-mintcave/Projects/Facies/Dataset/facies/tiles/images/img_00414.npy,/home/grva-mintcave/Projects/Facies/Dataset/facies/tiles/masks/img_00414.npy,"(4, 512, 512)",0.0,1.0,0.5003358125686646,0.17021048069000244,5
/home/grva-mintcave/Projects/Facies/Dataset/facies/tiles/images/img_00415.npy,/home/grva-mintcave/Projects/Facies/Dataset/facies/tiles/masks/img_00415.npy,"(4, 512, 512)",0.0,1.0,0.5039618611335754,0.12021861225366592,5
/home/grva-mintcave/Projects/Facies/Dataset/facies/tiles/images/img_00416.npy,/home/grva-mintcave/Projects/Facies/Dataset/facies/tiles/masks/img_00416.npy,"(4, 512, 512)",0.0,1.0,0.5026191473007202,0.1735140085220337,5
/home/grva-mintcave/Projects/Facies/Dataset/facies/tiles/images/img_00417.npy,/home/grva-mintcave/Projects/Facies/Dataset/facies/tiles/masks/img_00417.npy,"(4, 512, 512)",0.0,1.0,0.50501549243927,0.2257865071296692,5
/home/grva-mintcave/Projects/Facies/Dataset/facies/tiles/images/img_00418.npy,/home/grva-mintcave/Projects/Facies/Dataset/facies/tiles/masks/img_00418.npy,"(4, 512, 512)",0.0,1.0,0.5009161829948425,0.17514754831790924,5
/home/grva-mintcave/Projects/Facies/Dataset/facies/tiles/images/img_00419.npy,/home/grva-mintcave/Projects/Facies/Dataset/facies/tiles/masks/img_00419.npy,"(4, 512, 512)",0.0,1.0,0.5009273290634155,0.17458197474479675,5
/home/grva-mintcave/Projects/Facies/Dataset/facies/tiles/images/img_00420.npy,/home/grva-mintcave/Projects/Facies/Dataset/facies/tiles/masks/img_00420.npy,"(4, 512, 512)",0.0,1.0,0.5028752088546753,0.11096251010894775,5
/home/grva-mintcave/Projects/Facies/Dataset/facies/tiles/images/img_00421.npy,/home/grva-mintcave/Projects/Facies/Dataset/facies/tiles/masks/img_00421.npy,"(4, 512, 512)",0.0,1.0,0.5027188658714294,0.17474400997161865,5
/home/grva-mintcave/Projects/Facies/Dataset/facies/tiles/images/img_00422.npy,/home/grva-mintcave/Projects/Facies/Dataset/facies/tiles/masks/img_00422.npy,"(4, 512, 512)",0.0,1.0,0.5045930743217468,0.23197311162948608,5
/home/grva-mintcave/Projects/Facies/Dataset/facies/tiles/images/img_00423.npy,/home/grva-mintcave/Projects/Facies/Dataset/facies/tiles/masks/img_00423.npy,"(4, 512, 512)",0.0,1.0,0.49997618794441223,0.16982850432395935,5
/home/grva-mintcave/Projects/Facies/Dataset/facies/tiles/images/img_00424.npy,/home/grva-mintcave/Projects/Facies/Dataset/facies/tiles/masks/img_00424.npy,"(4, 512, 512)",0.0,1.0,0.4999597668647766,0.16931191086769104,5
/home/grva-mintcave/Projects/Facies/Dataset/facies/tiles/images/img_00425.npy,/home/grva-mintcave/Projects/Facies/Dataset/facies/tiles/masks/img_00425.npy,"(4, 512, 512)",0.0,1.0,0.5038571357727051,0.1220482811331749,5
/home/grva-mintcave/Projects/Facies/Dataset/facies/tiles/images/img_00426.npy,/home/grva-mintcave/Projects/Facies/Dataset/facies/tiles/masks/img_00426.npy,"(4, 512, 512)",0.0,1.0,0.5027461647987366,0.17778798937797546,5
/home/grva-mintcave/Projects/Facies/Dataset/facies/tiles/images/img_00427.npy,/home/grva-mintcave/Projects/Facies/Dataset/facies/tiles/masks/img_00427.npy,"(4, 512, 512)",0.0,1.0,0.5045979619026184,0.2292092889547348,5
/home/grva-mintcave/Projects/Facies/Dataset/facies/tiles/images/img_00428.npy,/home/grva-mintcave/Projects/Facies/Dataset/facies/tiles/masks/img_00428.npy,"(4, 512, 512)",0.0,1.0,0.5007338523864746,0.17348913848400116,5
/home/grva-mintcave/Projects/Facies/Dataset/facies/tiles/images/img_00429.npy,/home/grva-mintcave/Projects/Facies/Dataset/facies/tiles/masks/img_00429.npy,"(4, 512, 512)",0.0,1.0,0.5007346272468567,0.17299427092075348,5
/home/grva-mintcave/Projects/Facies/Dataset/facies/tiles/images/img_00430.npy,/home/grva-mintcave/Projects/Facies/Dataset/facies/tiles/masks/img_00430.npy,"(4, 512, 512)",0.0,1.0,0.5030323266983032,0.11466190218925476,5
/home/grva-mintcave/Projects/Facies/Dataset/facies/tiles/images/img_00431.npy,/home/grva-mintcave/Projects/Facies/Dataset/facies/tiles/masks/img_00431.npy,"(4, 512, 512)",0.0,1.0,0.5029742121696472,0.16795405745506287,5
/home/grva-mintcave/Projects/Facies/Dataset/facies/tiles/images/img_00432.npy,/home/grva-mintcave/Projects/Facies/Dataset/facies/tiles/masks/img_00432.npy,"(4, 512, 512)",0.0,1.0,0.5048940181732178,0.22572776675224304,5
/home/grva-mintcave/Projects/Facies/Dataset/facies/tiles/images/img_00433.npy,/home/grva-mintcave/Projects/Facies/Dataset/facies/tiles/masks/img_00433.npy,"(4, 512, 512)",0.0,1.0,0.5006402730941772,0.16964919865131378,5
/home/grva-mintcave/Projects/Facies/Dataset/facies/tiles/images/img_00434.npy,/home/grva-mintcave/Projects/Facies/Dataset/facies/tiles/masks/img_00434.npy,"(4, 512, 512)",0.0,1.0,0.5006327629089355,0.16915562748908997,5
/home/grva-mintcave/Projects/Facies/Dataset/facies/tiles/images/img_00435.npy,/home/grva-mintcave/Projects/Facies/Dataset/facies/tiles/masks/img_00435.npy,"(4, 512, 512)",0.0,1.0,0.5037071108818054,0.12575140595436096,5
/home/grva-mintcave/Projects/Facies/Dataset/facies/tiles/images/img_00436.npy,/home/grva-mintcave/Projects/Facies/Dataset/facies/tiles/masks/img_00436.npy,"(4, 512, 512)",0.0,1.0,0.5028085708618164,0.17165632545948029,5
/home/grva-mintcave/Projects/Facies/Dataset/facies/tiles/images/img_00437.npy,/home/grva-mintcave/Projects/Facies/Dataset/facies/tiles/masks/img_00437.npy,"(4, 512, 512)",0.0,1.0,0.5048094391822815,0.22307224571704865,5
/home/grva-mintcave/Projects/Facies/Dataset/facies/tiles/images/img_00438.npy,/home/grva-mintcave/Projects/Facies/Dataset/facies/tiles/masks/img_00438.npy,"(4, 512, 512)",0.0,1.0,0.5009939074516296,0.17540177702903748,5
/home/grva-mintcave/Projects/Facies/Dataset/facies/tiles/images/img_00439.npy,/home/grva-mintcave/Projects/Facies/Dataset/facies/tiles/masks/img_00439.npy,"(4, 512, 512)",0.0,1.0,0.5009699463844299,0.1750229001045227,5
/home/grva-mintcave/Projects/Facies/Dataset/facies/tiles/images/img_00440.npy,/home/grva-mintcave/Projects/Facies/Dataset/facies/tiles/masks/img_00440.npy,"(4, 512, 512)",0.0,1.0,0.5031103491783142,0.11663547158241272,5
/home/grva-mintcave/Projects/Facies/Dataset/facies/tiles/images/img_00441.npy,/home/grva-mintcave/Projects/Facies/Dataset/facies/tiles/masks/img_00441.npy,"(4, 512, 512)",0.0,1.0,0.5029383301734924,0.17251132428646088,5
/home/grva-mintcave/Projects/Facies/Dataset/facies/tiles/images/img_00442.npy,/home/grva-mintcave/Projects/Facies/Dataset/facies/tiles/masks/img_00442.npy,"(4, 512, 512)",0.0,1.0,0.5048905611038208,0.21752692759037018,5
/home/grva-mintcave/Projects/Facies/Dataset/facies/tiles/images/img_00443.npy,/home/grva-mintcave/Projects/Facies/Dataset/facies/tiles/masks/img_00443.npy,"(4, 512, 512)",0.0,1.0,0.5007736682891846,0.17428195476531982,5
/home/grva-mintcave/Projects/Facies/Dataset/facies/tiles/images/img_00444.npy,/home/grva-mintcave/Projects/Facies/Dataset/facies/tiles/masks/img_00444.npy,"(4, 512, 512)",0.0,1.0,0.500767707824707,0.1739494502544403,5
/home/grva-mintcave/Projects/Facies/Dataset/facies/tiles/images/img_00445.npy,/home/grva-mintcave/Projects/Facies/Dataset/facies/tiles/masks/img_00445.npy,"(4, 512, 512)",0.0,1.0,0.5037861466407776,0.12775428593158722,5
/home/grva-mintcave/Projects/Facies/Dataset/facies/tiles/images/img_00446.npy,/home/grva-mintcave/Projects/Facies/Dataset/facies/tiles/masks/img_00446.npy,"(4, 512, 512)",0.0,1.0,0.5028051733970642,0.17647267878055573,5
/home/grva-mintcave/Projects/Facies/Dataset/facies/tiles/images/img_00447.npy,/home/grva-mintcave/Projects/Facies/Dataset/facies/tiles/masks/img_00447.npy,"(4, 512, 512)",0.0,1.0,0.5050243139266968,0.21577151119709015,5
/home/grva-mintcave/Projects/Facies/Dataset/facies/tiles/images/img_00448.npy,/home/grva-mintcave/Projects/Facies/Dataset/facies/tiles/masks/img_00448.npy,"(4, 512, 512)",0.0,1.0,0.5010719299316406,0.1817285120487213,5
/home/grva-mintcave/Projects/Facies/Dataset/facies/tiles/images/img_00449.npy,/home/grva-mintcave/Projects/Facies/Dataset/facies/tiles/masks/img_00449.npy,"(4, 512, 512)",0.0,1.0,0.5010883212089539,0.1814616173505783,5
/home/grva-mintcave/Projects/Facies/Dataset/facies/tiles/images/img_00450.npy,/home/grva-mintcave/Projects/Facies/Dataset/facies/tiles/masks/img_00450.npy,"(4, 512, 512)",0.0,1.0,0.5032057762145996,0.11690270900726318,5
/home/grva-mintcave/Projects/Facies/Dataset/facies/tiles/images/img_00451.npy,/home/grva-mintcave/Projects/Facies/Dataset/facies/tiles/masks/img_00451.npy,"(4, 512, 512)",0.0,1.0,0.5028933882713318,0.17314793169498444,5
/home/grva-mintcave/Projects/Facies/Dataset/facies/tiles/images/img_00452.npy,/home/grva-mintcave/Projects/Facies/Dataset/facies/tiles/masks/img_00452.npy,"(4, 512, 512)",0.0,1.0,0.5043898224830627,0.21364250779151917,5
/home/grva-mintcave/Projects/Facies/Dataset/facies/tiles/images/img_00453.npy,/home/grva-mintcave/Projects/Facies/Dataset/facies/tiles/masks/img_00453.npy,"(4, 512, 512)",0.0,1.0,0.5017460584640503,0.17537137866020203,5
/home/grva-mintcave/Projects/Facies/Dataset/facies/tiles/images/img_00454.npy,/home/grva-mintcave/Projects/Facies/Dataset/facies/tiles/masks/img_00454.npy,"(4, 512, 512)",0.0,1.0,0.5017526745796204,0.17498834431171417,5
/home/grva-mintcave/Projects/Facies/Dataset/facies/tiles/images/img_00455.npy,/home/grva-mintcave/Projects/Facies/Dataset/facies/tiles/masks/img_00455.npy,"(4, 512, 512)",0.0,1.0,0.5039336681365967,0.1280377209186554,5
/home/grva-mintcave/Projects/Facies/Dataset/facies/tiles/images/img_00456.npy,/home/grva-mintcave/Projects/Facies/Dataset/facies/tiles/masks/img_00456.npy,"(4, 512, 512)",0.0,1.0,0.5029503107070923,0.17783232033252716,5
/home/grva-mintcave/Projects/Facies/Dataset/facies/tiles/images/img_00457.npy,/home/grva-mintcave/Projects/Facies/Dataset/facies/tiles/masks/img_00457.npy,"(4, 512, 512)",0.0,1.0,0.5047367215156555,0.21218739449977875,5
/home/grva-mintcave/Projects/Facies/Dataset/facies/tiles/images/img_00458.npy,/home/grva-mintcave/Projects/Facies/Dataset/facies/tiles/masks/img_00458.npy,"(4, 512, 512)",0.0,1.0,0.5022647976875305,0.18291209638118744,5
/home/grva-mintcave/Projects/Facies/Dataset/facies/tiles/images/img_00459.npy,/home/grva-mintcave/Projects/Facies/Dataset/facies/tiles/masks/img_00459.npy,"(4, 512, 512)",0.0,1.0,0.5022513270378113,0.18267683684825897,5
/home/grva-mintcave/Projects/Facies/Dataset/facies/tiles/images/img_00460.npy,/home/grva-mintcave/Projects/Facies/Dataset/facies/tiles/masks/img_00460.npy,"(4, 512, 512)",0.0,1.0,0.503200113773346,0.11718938499689102,5
/home/grva-mintcave/Projects/Facies/Dataset/facies/tiles/images/img_00461.npy,/home/grva-mintcave/Projects/Facies/Dataset/facies/tiles/masks/img_00461.npy,"(4, 512, 512)",0.0,1.0,0.5028973817825317,0.1699983924627304,5
/home/grva-mintcave/Projects/Facies/Dataset/facies/tiles/images/img_00462.npy,/home/grva-mintcave/Projects/Facies/Dataset/facies/tiles/masks/img_00462.npy,"(4, 512, 512)",0.0,1.0,0.5044677257537842,0.2122172713279724,5
/home/grva-mintcave/Projects/Facies/Dataset/facies/tiles/images/img_00463.npy,/home/grva-mintcave/Projects/Facies/Dataset/facies/tiles/masks/img_00463.npy,"(4, 512, 512)",0.0,1.0,0.5021964907646179,0.1751716285943985,5
/home/grva-mintcave/Projects/Facies/Dataset/facies/tiles/images/img_00464.npy,/home/grva-mintcave/Projects/Facies/Dataset/facies/tiles/masks/img_00464.npy,"(4, 512, 512)",0.0,1.0,0.5022145509719849,0.17483273148536682,5
/home/grva-mintcave/Projects/Facies/Dataset/facies/tiles/images/img_00465.npy,/home/grva-mintcave/Projects/Facies/Dataset/facies/tiles/masks/img_00465.npy,"(4, 512, 512)",0.0,1.0,0.5035749077796936,0.1267206370830536,5
/home/grva-mintcave/Projects/Facies/Dataset/facies/tiles/images/img_00466.npy,/home/grva-mintcave/Projects/Facies/Dataset/facies/tiles/masks/img_00466.npy,"(4, 512, 512)",0.0,1.0,0.5034648180007935,0.17471782863140106,5
/home/grva-mintcave/Projects/Facies/Dataset/facies/tiles/images/img_00467.npy,/home/grva-mintcave/Projects/Facies/Dataset/facies/tiles/masks/img_00467.npy,"(4, 512, 512)",0.0,1.0,0.504837155342102,0.2109997570514679,5
/home/grva-mintcave/Projects/Facies/Dataset/facies/tiles/images/img_00468.npy,/home/grva-mintcave/Projects/Facies/Dataset/facies/tiles/masks/img_00468.npy,"(4, 512, 512)",0.0,1.0,0.5021334886550903,0.18137595057487488,5
/home/grva-mintcave/Projects/Facies/Dataset/facies/tiles/images/img_00469.npy,/home/grva-mintcave/Projects/Facies/Dataset/facies/tiles/masks/img_00469.npy,"(4, 512, 512)",0.0,1.0,0.5021560192108154,0.18114693462848663,5
/home/grva-mintcave/Projects/Facies/Dataset/facies/tiles/images/img_00470.npy,/home/grva-mintcave/Projects/Facies/Dataset/facies/tiles/masks/img_00470.npy,"(4, 512, 512)",0.0,1.0,0.5030674934387207,0.12239766120910645,5
/home/grva-mintcave/Projects/Facies/Dataset/facies/tiles/images/img_00471.npy,/home/grva-mintcave/Projects/Facies/Dataset/facies/tiles/masks/img_00471.npy,"(4, 512, 512)",0.0,1.0,0.5024353265762329,0.16224777698516846,5
/home/grva-mintcave/Projects/Facies/Dataset/facies/tiles/images/img_00472.npy,/home/grva-mintcave/Projects/Facies/Dataset/facies/tiles/masks/img_00472.npy,"(4, 512, 512)",0.0,1.0,0.5048166513442993,0.2097276896238327,5
/home/grva-mintcave/Projects/Facies/Dataset/facies/tiles/images/img_00473.npy,/home/grva-mintcave/Projects/Facies/Dataset/facies/tiles/masks/img_00473.npy,"(4, 512, 512)",0.0,1.0,0.5020133852958679,0.18025149405002594,5
/home/grva-mintcave/Projects/Facies/Dataset/facies/tiles/images/img_00474.npy,/home/grva-mintcave/Projects/Facies/Dataset/facies/tiles/masks/img_00474.npy,"(4, 512, 512)",0.0,1.0,0.5020422339439392,0.18014048039913177,5
/home/grva-mintcave/Projects/Facies/Dataset/facies/tiles/images/img_00475.npy,/home/grva-mintcave/Projects/Facies/Dataset/facies/tiles/masks/img_00475.npy,"(4, 512, 512)",0.0,1.0,0.503498375415802,0.1311863511800766,5
/home/grva-mintcave/Projects/Facies/Dataset/facies/tiles/images/img_00476.npy,/home/grva-mintcave/Projects/Facies/Dataset/facies/tiles/masks/img_00476.npy,"(4, 512, 512)",0.0,1.0,0.5026208758354187,0.166034996509552,5
/home/grva-mintcave/Projects/Facies/Dataset/facies/tiles/images/img_00477.npy,/home/grva-mintcave/Projects/Facies/Dataset/facies/tiles/masks/img_00477.npy,"(4, 512, 512)",0.0,1.0,0.5051454305648804,0.2088630199432373,5
/home/grva-mintcave/Projects/Facies/Dataset/facies/tiles/images/img_00478.npy,/home/grva-mintcave/Projects/Facies/Dataset/facies/tiles/masks/img_00478.npy,"(4, 512, 512)",0.0,1.0,0.5017334818840027,0.18903282284736633,5
/home/grva-mintcave/Projects/Facies/Dataset/facies/tiles/images/img_00479.npy,/home/grva-mintcave/Projects/Facies/Dataset/facies/tiles/masks/img_00479.npy,"(4, 512, 512)",0.0,1.0,0.5017589330673218,0.18902647495269775,5
/home/grva-mintcave/Projects/Facies/Dataset/facies/tiles/images/img_00480.npy,/home/grva-mintcave/Projects/Facies/Dataset/facies/tiles/masks/img_00480.npy,"(4, 512, 512)",0.0,1.0,0.5031041502952576,0.12260277569293976,5
/home/grva-mintcave/Projects/Facies/Dataset/facies/tiles/images/img_00481.npy,/home/grva-mintcave/Projects/Facies/Dataset/facies/tiles/masks/img_00481.npy,"(4, 512, 512)",0.0,1.0,0.5023207664489746,0.15708386898040771,5
/home/grva-mintcave/Projects/Facies/Dataset/facies/tiles/images/img_00482.npy,/home/grva-mintcave/Projects/Facies/Dataset/facies/tiles/masks/img_00482.npy,"(4, 512, 512)",0.0,1.0,0.5041853189468384,0.2015584260225296,5
/home/grva-mintcave/Projects/Facies/Dataset/facies/tiles/images/img_00483.npy,/home/grva-mintcave/Projects/Facies/Dataset/facies/tiles/masks/img_00483.npy,"(4, 512, 512)",0.0,1.0,0.5020830631256104,0.18610526621341705,5
/home/grva-mintcave/Projects/Facies/Dataset/facies/tiles/images/img_00484.npy,/home/grva-mintcave/Projects/Facies/Dataset/facies/tiles/masks/img_00484.npy,"(4, 512, 512)",0.0,1.0,0.5020925402641296,0.1859627515077591,5
/home/grva-mintcave/Projects/Facies/Dataset/facies/tiles/images/img_00485.npy,/home/grva-mintcave/Projects/Facies/Dataset/facies/tiles/masks/img_00485.npy,"(4, 512, 512)",0.0,1.0,0.5033524036407471,0.12922431528568268,5
/home/grva-mintcave/Projects/Facies/Dataset/facies/tiles/images/img_00486.npy,/home/grva-mintcave/Projects/Facies/Dataset/facies/tiles/masks/img_00486.npy,"(4, 512, 512)",0.0,1.0,0.5023442506790161,0.1601111739873886,5
/home/grva-mintcave/Projects/Facies/Dataset/facies/tiles/images/img_00487.npy,/home/grva-mintcave/Projects/Facies/Dataset/facies/tiles/masks/img_00487.npy,"(4, 512, 512)",0.0,1.0,0.5042727589607239,0.20029865205287933,5
/home/grva-mintcave/Projects/Facies/Dataset/facies/tiles/images/img_00488.npy,/home/grva-mintcave/Projects/Facies/Dataset/facies/tiles/masks/img_00488.npy,"(4, 512, 512)",0.0,1.0,0.5010560154914856,0.1949913650751114,5
/home/grva-mintcave/Projects/Facies/Dataset/facies/tiles/images/img_00489.npy,/home/grva-mintcave/Projects/Facies/Dataset/facies/tiles/masks/img_00489.npy,"(4, 512, 512)",0.0,1.0,0.5010813474655151,0.19497165083885193,5
/home/grva-mintcave/Projects/Facies/Dataset/facies/tiles/images/img_00490.npy,/home/grva-mintcave/Projects/Facies/Dataset/facies/tiles/masks/img_00490.npy,"(4, 512, 512)",0.0,1.0,0.5029566287994385,0.11457330733537674,5
/home/grva-mintcave/Projects/Facies/Dataset/facies/tiles/images/img_00491.npy,/home/grva-mintcave/Projects/Facies/Dataset/facies/tiles/masks/img_00491.npy,"(4, 512, 512)",0.0,1.0,0.5024327039718628,0.1558685004711151,5
/home/grva-mintcave/Projects/Facies/Dataset/facies/tiles/images/img_00492.npy,/home/grva-mintcave/Projects/Facies/Dataset/facies/tiles/masks/img_00492.npy,"(4, 512, 512)",0.0,1.0,0.5035647749900818,0.19933702051639557,5
/home/grva-mintcave/Projects/Facies/Dataset/facies/tiles/images/img_00493.npy,/home/grva-mintcave/Projects/Facies/Dataset/facies/tiles/masks/img_00493.npy,"(4, 512, 512)",0.0,1.0,0.5016186833381653,0.1929653286933899,5
/home/grva-mintcave/Projects/Facies/Dataset/facies/tiles/images/img_00494.npy,/home/grva-mintcave/Projects/Facies/Dataset/facies/tiles/masks/img_00494.npy,"(4, 512, 512)",0.0,1.0,0.501623272895813,0.1927192360162735,5
/home/grva-mintcave/Projects/Facies/Dataset/facies/tiles/images/img_00495.npy,/home/grva-mintcave/Projects/Facies/Dataset/facies/tiles/masks/img_00495.npy,"(4, 512, 512)",0.0,1.0,0.5033460855484009,0.11998960375785828,5
/home/grva-mintcave/Projects/Facies/Dataset/facies/tiles/images/img_00496.npy,/home/grva-mintcave/Projects/Facies/Dataset/facies/tiles/masks/img_00496.npy,"(4, 512, 512)",0.0,1.0,0.5022245049476624,0.1585017591714859,5
/home/grva-mintcave/Projects/Facies/Dataset/facies/tiles/images/img_00497.npy,/home/grva-mintcave/Projects/Facies/Dataset/facies/tiles/masks/img_00497.npy,"(4, 512, 512)",0.0,1.0,0.5035630464553833,0.19806160032749176,5
/home/grva-mintcave/Projects/Facies/Dataset/facies/tiles/images/img_00498.npy,/home/grva-mintcave/Projects/Facies/Dataset/facies/tiles/masks/img_00498.npy,"(4, 512, 512)",0.0,1.0,0.5006089806556702,0.20046474039554596,5
/home/grva-mintcave/Projects/Facies/Dataset/facies/tiles/images/img_00499.npy,/home/grva-mintcave/Projects/Facies/Dataset/facies/tiles/masks/img_00499.npy,"(4, 512, 512)",0.0,1.0,0.5006287693977356,0.2003008872270584,5
/home/grva-mintcave/Projects/Facies/Dataset/facies/tiles/images/img_00500.npy,/home/grva-mintcave/Projects/Facies/Dataset/facies/tiles/masks/img_00500.npy,"(4, 512, 512)",0.0,1.0,0.5030384063720703,0.11181342601776123,5
/home/grva-mintcave/Projects/Facies/Dataset/facies/tiles/images/img_00501.npy,/home/grva-mintcave/Projects/Facies/Dataset/facies/tiles/masks/img_00501.npy,"(4, 512, 512)",0.0,1.0,0.5027782320976257,0.14449480175971985,5
/home/grva-mintcave/Projects/Facies/Dataset/facies/tiles/images/img_00502.npy,/home/grva-mintcave/Projects/Facies/Dataset/facies/tiles/masks/img_00502.npy,"(4, 512, 512)",0.0,1.0,0.5033576488494873,0.20297732949256897,5
/home/grva-mintcave/Projects/Facies/Dataset/facies/tiles/images/img_00503.npy,/home/grva-mintcave/Projects/Facies/Dataset/facies/tiles/masks/img_00503.npy,"(4, 512, 512)",0.0,1.0,0.5022594928741455,0.1975969821214676,5
/home/grva-mintcave/Projects/Facies/Dataset/facies/tiles/images/img_00504.npy,/home/grva-mintcave/Projects/Facies/Dataset/facies/tiles/masks/img_00504.npy,"(4, 512, 512)",0.0,1.0,0.5022362470626831,0.19719360768795013,5
/home/grva-mintcave/Projects/Facies/Dataset/facies/tiles/images/img_00505.npy,/home/grva-mintcave/Projects/Facies/Dataset/facies/tiles/masks/img_00505.npy,"(4, 512, 512)",0.0,1.0,0.5030840039253235,0.1169433742761612,5
/home/grva-mintcave/Projects/Facies/Dataset/facies/tiles/images/img_00506.npy,/home/grva-mintcave/Projects/Facies/Dataset/facies/tiles/masks/img_00506.npy,"(4, 512, 512)",0.0,1.0,0.5025579333305359,0.14730139076709747,5
/home/grva-mintcave/Projects/Facies/Dataset/facies/tiles/images/img_00507.npy,/home/grva-mintcave/Projects/Facies/Dataset/facies/tiles/masks/img_00507.npy,"(4, 512, 512)",0.0,1.0,0.5035054683685303,0.20209363102912903,5
/home/grva-mintcave/Projects/Facies/Dataset/facies/tiles/images/img_00508.npy,/home/grva-mintcave/Projects/Facies/Dataset/facies/tiles/masks/img_00508.npy,"(4, 512, 512)",0.0,1.0,0.5008936524391174,0.20631834864616394,5
/home/grva-mintcave/Projects/Facies/Dataset/facies/tiles/images/img_00509.npy,/home/grva-mintcave/Projects/Facies/Dataset/facies/tiles/masks/img_00509.npy,"(4, 512, 512)",0.0,1.0,0.5008962154388428,0.205976203083992,5
/home/grva-mintcave/Projects/Facies/Dataset/facies/tiles/images/img_00510.npy,/home/grva-mintcave/Projects/Facies/Dataset/facies/tiles/masks/img_00510.npy,"(4, 512, 512)",0.0,1.0,0.5029223561286926,0.11575651168823242,5
/home/grva-mintcave/Projects/Facies/Dataset/facies/tiles/images/img_00511.npy,/home/grva-mintcave/Projects/Facies/Dataset/facies/tiles/masks/img_00511.npy,"(4, 512, 512)",0.0,1.0,0.5025848150253296,0.1380418986082077,5
/home/grva-mintcave/Projects/Facies/Dataset/facies/tiles/images/img_00512.npy,/home/grva-mintcave/Projects/Facies/Dataset/facies/tiles/masks/img_00512.npy,"(4, 512, 512)",0.0,1.0,0.502616822719574,0.20011578500270844,5
/home/grva-mintcave/Projects/Facies/Dataset/facies/tiles/images/img_00513.npy,/home/grva-mintcave/Projects/Facies/Dataset/facies/tiles/masks/img_00513.npy,"(4, 512, 512)",0.0,1.0,0.503301739692688,0.19582746922969818,5
/home/grva-mintcave/Projects/Facies/Dataset/facies/tiles/images/img_00514.npy,/home/grva-mintcave/Projects/Facies/Dataset/facies/tiles/masks/img_00514.npy,"(4, 512, 512)",0.0,1.0,0.5032920241355896,0.19549022614955902,5
/home/grva-mintcave/Projects/Facies/Dataset/facies/tiles/images/img_00515.npy,/home/grva-mintcave/Projects/Facies/Dataset/facies/tiles/masks/img_00515.npy,"(4, 512, 512)",0.0,1.0,0.5028174519538879,0.12244363129138947,5
/home/grva-mintcave/Projects/Facies/Dataset/facies/tiles/images/img_00516.npy,/home/grva-mintcave/Projects/Facies/Dataset/facies/tiles/masks/img_00516.npy,"(4, 512, 512)",0.0,1.0,0.5027238130569458,0.14113932847976685,5
/home/grva-mintcave/Projects/Facies/Dataset/facies/tiles/images/img_00517.npy,/home/grva-mintcave/Projects/Facies/Dataset/facies/tiles/masks/img_00517.npy,"(4, 512, 512)",0.0,1.0,0.5026993155479431,0.20002837479114532,5
/home/grva-mintcave/Projects/Facies/Dataset/facies/tiles/images/img_00518.npy,/home/grva-mintcave/Projects/Facies/Dataset/facies/tiles/masks/img_00518.npy,"(4, 512, 512)",0.0,1.0,0.501804769039154,0.20351901650428772,5
/home/grva-mintcave/Projects/Facies/Dataset/facies/tiles/images/img_00519.npy,/home/grva-mintcave/Projects/Facies/Dataset/facies/tiles/masks/img_00519.npy,"(4, 512, 512)",0.0,1.0,0.5018104314804077,0.20320691168308258,5
/home/grva-mintcave/Projects/Facies/Dataset/facies/tiles/images/img_00520.npy,/home/grva-mintcave/Projects/Facies/Dataset/facies/tiles/masks/img_00520.npy,"(4, 512, 512)",0.0,1.0,0.5026236176490784,0.12065389007329941,5
/home/grva-mintcave/Projects/Facies/Dataset/facies/tiles/images/img_00521.npy,/home/grva-mintcave/Projects/Facies/Dataset/facies/tiles/masks/img_00521.npy,"(4, 512, 512)",0.0,1.0,0.5022619366645813,0.14209839701652527,5
/home/grva-mintcave/Projects/Facies/Dataset/facies/tiles/images/img_00522.npy,/home/grva-mintcave/Projects/Facies/Dataset/facies/tiles/masks/img_00522.npy,"(4, 512, 512)",0.0,1.0,0.5027979016304016,0.19508634507656097,5
/home/grva-mintcave/Projects/Facies/Dataset/facies/tiles/images/img_00523.npy,/home/grva-mintcave/Projects/Facies/Dataset/facies/tiles/masks/img_00523.npy,"(4, 512, 512)",0.0,1.0,0.5031342506408691,0.18402735888957977,5
/home/grva-mintcave/Projects/Facies/Dataset/facies/tiles/images/img_00524.npy,/home/grva-mintcave/Projects/Facies/Dataset/facies/tiles/masks/img_00524.npy,"(4, 512, 512)",0.0,1.0,0.503098726272583,0.18402302265167236,5
/home/grva-mintcave/Projects/Facies/Dataset/facies/tiles/images/img_00525.npy,/home/grva-mintcave/Projects/Facies/Dataset/facies/tiles/masks/img_00525.npy,"(4, 512, 512)",0.0,1.0,0.5029523968696594,0.12899701297283173,5
/home/grva-mintcave/Projects/Facies/Dataset/facies/tiles/images/img_00526.npy,/home/grva-mintcave/Projects/Facies/Dataset/facies/tiles/masks/img_00526.npy,"(4, 512, 512)",0.0,1.0,0.5027020573616028,0.14559851586818695,5
/home/grva-mintcave/Projects/Facies/Dataset/facies/tiles/images/img_00527.npy,/home/grva-mintcave/Projects/Facies/Dataset/facies/tiles/masks/img_00527.npy,"(4, 512, 512)",0.0,1.0,0.5028716921806335,0.19418610632419586,5
/home/grva-mintcave/Projects/Facies/Dataset/facies/tiles/images/img_00528.npy,/home/grva-mintcave/Projects/Facies/Dataset/facies/tiles/masks/img_00528.npy,"(4, 512, 512)",0.0,1.0,0.5023273825645447,0.18872208893299103,5
/home/grva-mintcave/Projects/Facies/Dataset/facies/tiles/images/img_00529.npy,/home/grva-mintcave/Projects/Facies/Dataset/facies/tiles/masks/img_00529.npy,"(4, 512, 512)",0.0,1.0,0.5023200511932373,0.18883101642131805,5
/home/grva-mintcave/Projects/Facies/Dataset/facies/tiles/images/img_00530.npy,/home/grva-mintcave/Projects/Facies/Dataset/facies/tiles/masks/img_00530.npy,"(4, 512, 512)",0.0,1.0,0.5021764039993286,0.12779054045677185,5
/home/grva-mintcave/Projects/Facies/Dataset/facies/tiles/images/img_00531.npy,/home/grva-mintcave/Projects/Facies/Dataset/facies/tiles/masks/img_00531.npy,"(4, 512, 512)",0.0,1.0,0.5015347003936768,0.1480676531791687,5
/home/grva-mintcave/Projects/Facies/Dataset/facies/tiles/images/img_00532.npy,/home/grva-mintcave/Projects/Facies/Dataset/facies/tiles/masks/img_00532.npy,"(4, 512, 512)",0.0,1.0,0.5022892355918884,0.18969519436359406,5
/home/grva-mintcave/Projects/Facies/Dataset/facies/tiles/images/img_00533.npy,/home/grva-mintcave/Projects/Facies/Dataset/facies/tiles/masks/img_00533.npy,"(4, 512, 512)",0.0,1.0,0.5027666687965393,0.18382464349269867,5
/home/grva-mintcave/Projects/Facies/Dataset/facies/tiles/images/img_00534.npy,/home/grva-mintcave/Projects/Facies/Dataset/facies/tiles/masks/img_00534.npy,"(4, 512, 512)",0.0,1.0,0.5027596354484558,0.18409337103366852,5
/home/grva-mintcave/Projects/Facies/Dataset/facies/tiles/images/img_00535.npy,/home/grva-mintcave/Projects/Facies/Dataset/facies/tiles/masks/img_00535.npy,"(4, 512, 512)",0.0,1.0,0.5033400654792786,0.13723398745059967,5
/home/grva-mintcave/Projects/Facies/Dataset/facies/tiles/images/img_00536.npy,/home/grva-mintcave/Projects/Facies/Dataset/facies/tiles/masks/img_00536.npy,"(4, 512, 512)",0.0,1.0,0.5017961263656616,0.1529991775751114,5
/home/grva-mintcave/Projects/Facies/Dataset/facies/tiles/images/img_00537.npy,/home/grva-mintcave/Projects/Facies/Dataset/facies/tiles/masks/img_00537.npy,"(4, 512, 512)",0.0,1.0,0.5023356676101685,0.1879505068063736,5
/home/grva-mintcave/Projects/Facies/Dataset/facies/tiles/images/img_00538.npy,/home/grva-mintcave/Projects/Facies/Dataset/facies/tiles/masks/img_00538.npy,"(4, 512, 512)",0.0,1.0,0.5027124285697937,0.18636241555213928,5
/home/grva-mintcave/Projects/Facies/Dataset/facies/tiles/images/img_00539.npy,/home/grva-mintcave/Projects/Facies/Dataset/facies/tiles/masks/img_00539.npy,"(4, 512, 512)",0.0,1.0,0.5027355551719666,0.1866884082555771,5
/home/grva-mintcave/Projects/Facies/Dataset/facies/tiles/images/img_00540.npy,/home/grva-mintcave/Projects/Facies/Dataset/facies/tiles/masks/img_00540.npy,"(4, 512, 512)",0.0,1.0,0.5024325847625732,0.12207035720348358,5
/home/grva-mintcave/Projects/Facies/Dataset/facies/tiles/images/img_00541.npy,/home/grva-mintcave/Projects/Facies/Dataset/facies/tiles/masks/img_00541.npy,"(4, 512, 512)",0.0,1.0,0.5016847848892212,0.1523662954568863,5
/home/grva-mintcave/Projects/Facies/Dataset/facies/tiles/images/img_00542.npy,/home/grva-mintcave/Projects/Facies/Dataset/facies/tiles/masks/img_00542.npy,"(4, 512, 512)",0.0,1.0,0.5021675229072571,0.18222123384475708,5
/home/grva-mintcave/Projects/Facies/Dataset/facies/tiles/images/img_00543.npy,/home/grva-mintcave/Projects/Facies/Dataset/facies/tiles/masks/img_00543.npy,"(4, 512, 512)",0.0,1.0,0.5026331543922424,0.18624906241893768,5
/home/grva-mintcave/Projects/Facies/Dataset/facies/tiles/images/img_00544.npy,/home/grva-mintcave/Projects/Facies/Dataset/facies/tiles/masks/img_00544.npy,"(4, 512, 512)",0.0,1.0,0.5026164650917053,0.18622055649757385,5
/home/grva-mintcave/Projects/Facies/Dataset/facies/tiles/images/img_00545.npy,/home/grva-mintcave/Projects/Facies/Dataset/facies/tiles/masks/img_00545.npy,"(4, 512, 512)",0.0,1.0,0.5031017661094666,0.13058659434318542,5
/home/grva-mintcave/Projects/Facies/Dataset/facies/tiles/images/img_00546.npy,/home/grva-mintcave/Projects/Facies/Dataset/facies/tiles/masks/img_00546.npy,"(4, 512, 512)",0.0,1.0,0.501909613609314,0.15690238773822784,5
/home/grva-mintcave/Projects/Facies/Dataset/facies/tiles/images/img_00547.npy,/home/grva-mintcave/Projects/Facies/Dataset/facies/tiles/masks/img_00547.npy,"(4, 512, 512)",0.0,1.0,0.5024267435073853,0.18028180301189423,5
/home/grva-mintcave/Projects/Facies/Dataset/facies/tiles/images/img_00548.npy,/home/grva-mintcave/Projects/Facies/Dataset/facies/tiles/masks/img_00548.npy,"(4, 512, 512)",0.0,1.0,0.5030661225318909,0.19092996418476105,5
/home/grva-mintcave/Projects/Facies/Dataset/facies/tiles/images/img_00549.npy,/home/grva-mintcave/Projects/Facies/Dataset/facies/tiles/masks/img_00549.npy,"(4, 512, 512)",0.0,1.0,0.5030752420425415,0.1910167783498764,5
/home/grva-mintcave/Projects/Facies/Dataset/facies/tiles/images/img_00550.npy,/home/grva-mintcave/Projects/Facies/Dataset/facies/tiles/masks/img_00550.npy,"(4, 512, 512)",0.0,1.0,0.5023274421691895,0.11420399695634842,5
/home/grva-mintcave/Projects/Facies/Dataset/facies/tiles/images/img_00551.npy,/home/grva-mintcave/Projects/Facies/Dataset/facies/tiles/masks/img_00551.npy,"(4, 512, 512)",0.0,1.0,0.5017403960227966,0.14987726509571075,5
/home/grva-mintcave/Projects/Facies/Dataset/facies/tiles/images/img_00552.npy,/home/grva-mintcave/Projects/Facies/Dataset/facies/tiles/masks/img_00552.npy,"(4, 512, 512)",0.0,1.0,0.5028247833251953,0.1830405592918396,5
/home/grva-mintcave/Projects/Facies/Dataset/facies/tiles/images/img_00553.npy,/home/grva-mintcave/Projects/Facies/Dataset/facies/tiles/masks/img_00553.npy,"(4, 512, 512)",0.0,1.0,0.5032491683959961,0.1883617341518402,5
/home/grva-mintcave/Projects/Facies/Dataset/facies/tiles/images/img_00554.npy,/home/grva-mintcave/Projects/Facies/Dataset/facies/tiles/masks/img_00554.npy,"(4, 512, 512)",0.0,1.0,0.5032125115394592,0.1882258653640747,5
/home/grva-mintcave/Projects/Facies/Dataset/facies/tiles/images/img_00555.npy,/home/grva-mintcave/Projects/Facies/Dataset/facies/tiles/masks/img_00555.npy,"(4, 512, 512)",0.0,1.0,0.5027766227722168,0.1238446831703186,5
/home/grva-mintcave/Projects/Facies/Dataset/facies/tiles/images/img_00556.npy,/home/grva-mintcave/Projects/Facies/Dataset/facies/tiles/masks/img_00556.npy,"(4, 512, 512)",0.0,1.0,0.5018836855888367,0.15426869690418243,5
/home/grva-mintcave/Projects/Facies/Dataset/facies/tiles/images/img_00557.npy,/home/grva-mintcave/Projects/Facies/Dataset/facies/tiles/masks/img_00557.npy,"(4, 512, 512)",0.0,1.0,0.5028874278068542,0.18146222829818726,5
/home/grva-mintcave/Projects/Facies/Dataset/facies/tiles/images/img_00558.npy,/home/grva-mintcave/Projects/Facies/Dataset/facies/tiles/masks/img_00558.npy,"(4, 512, 512)",0.0,1.0,0.5034641623497009,0.19290506839752197,5
/home/grva-mintcave/Projects/Facies/Dataset/facies/tiles/images/img_00559.npy,/home/grva-mintcave/Projects/Facies/Dataset/facies/tiles/masks/img_00559.npy,"(4, 512, 512)",0.0,1.0,0.5034834742546082,0.1928849071264267,5
/home/grva-mintcave/Projects/Facies/Dataset/facies/tiles/images/img_00560.npy,/home/grva-mintcave/Projects/Facies/Dataset/facies/tiles/masks/img_00560.npy,"(4, 512, 512)",0.0,1.0,0.5022743344306946,0.11317284405231476,5
/home/grva-mintcave/Projects/Facies/Dataset/facies/tiles/images/img_00561.npy,/home/grva-mintcave/Projects/Facies/Dataset/facies/tiles/masks/img_00561.npy,"(4, 512, 512)",0.0,1.0,0.5016343593597412,0.1474415808916092,5
/home/grva-mintcave/Projects/Facies/Dataset/facies/tiles/images/img_00562.npy,/home/grva-mintcave/Projects/Facies/Dataset/facies/tiles/masks/img_00562.npy,"(4, 512, 512)",0.0,1.0,0.5021957755088806,0.1829918473958969,5
/home/grva-mintcave/Projects/Facies/Dataset/facies/tiles/images/img_00563.npy,/home/grva-mintcave/Projects/Facies/Dataset/facies/tiles/masks/img_00563.npy,"(4, 512, 512)",0.0,1.0,0.5030463337898254,0.17496442794799805,5
/home/grva-mintcave/Projects/Facies/Dataset/facies/tiles/images/img_00564.npy,/home/grva-mintcave/Projects/Facies/Dataset/facies/tiles/masks/img_00564.npy,"(4, 512, 512)",0.0,1.0,0.5030249357223511,0.1749534010887146,5
/home/grva-mintcave/Projects/Facies/Dataset/facies/tiles/images/img_00565.npy,/home/grva-mintcave/Projects/Facies/Dataset/facies/tiles/masks/img_00565.npy,"(4, 512, 512)",0.0,1.0,0.5026455521583557,0.12163382023572922,5
/home/grva-mintcave/Projects/Facies/Dataset/facies/tiles/images/img_00566.npy,/home/grva-mintcave/Projects/Facies/Dataset/facies/tiles/masks/img_00566.npy,"(4, 512, 512)",0.0,1.0,0.5017940998077393,0.151775062084198,5
/home/grva-mintcave/Projects/Facies/Dataset/facies/tiles/images/img_00567.npy,/home/grva-mintcave/Projects/Facies/Dataset/facies/tiles/masks/img_00567.npy,"(4, 512, 512)",0.0,1.0,0.5018516182899475,0.18097159266471863,5
/home/grva-mintcave/Projects/Facies/Dataset/facies/tiles/images/img_00568.npy,/home/grva-mintcave/Projects/Facies/Dataset/facies/tiles/masks/img_00568.npy,"(4, 512, 512)",0.0,1.0,0.5025800466537476,0.17980258166790009,5
/home/grva-mintcave/Projects/Facies/Dataset/facies/tiles/images/img_00569.npy,/home/grva-mintcave/Projects/Facies/Dataset/facies/tiles/masks/img_00569.npy,"(4, 512, 512)",0.0,1.0,0.5026057362556458,0.17990845441818237,5
/home/grva-mintcave/Projects/Facies/Dataset/facies/tiles/images/img_00570.npy,/home/grva-mintcave/Projects/Facies/Dataset/facies/tiles/masks/img_00570.npy,"(4, 512, 512)",0.0,1.0,0.5021678805351257,0.11226322501897812,5
/home/grva-mintcave/Projects/Facies/Dataset/facies/tiles/images/img_00571.npy,/home/grva-mintcave/Projects/Facies/Dataset/facies/tiles/masks/img_00571.npy,"(4, 512, 512)",0.0,1.0,0.5018712282180786,0.14643456041812897,5
/home/grva-mintcave/Projects/Facies/Dataset/facies/tiles/images/img_00572.npy,/home/grva-mintcave/Projects/Facies/Dataset/facies/tiles/masks/img_00572.npy,"(4, 512, 512)",0.0,1.0,0.502174437046051,0.16735711693763733,5
/home/grva-mintcave/Projects/Facies/Dataset/facies/tiles/images/img_00573.npy,/home/grva-mintcave/Projects/Facies/Dataset/facies/tiles/masks/img_00573.npy,"(4, 512, 512)",0.0,1.0,0.5029104948043823,0.17276208102703094,5
/home/grva-mintcave/Projects/Facies/Dataset/facies/tiles/images/img_00574.npy,/home/grva-mintcave/Projects/Facies/Dataset/facies/tiles/masks/img_00574.npy,"(4, 512, 512)",0.0,1.0,0.50291508436203,0.17270055413246155,5
/home/grva-mintcave/Projects/Facies/Dataset/facies/tiles/images/img_00575.npy,/home/grva-mintcave/Projects/Facies/Dataset/facies/tiles/masks/img_00575.npy,"(4, 512, 512)",0.0,1.0,0.502159833908081,0.12152545154094696,5
/home/grva-mintcave/Projects/Facies/Dataset/facies/tiles/images/img_00576.npy,/home/grva-mintcave/Projects/Facies/Dataset/facies/tiles/masks/img_00576.npy,"(4, 512, 512)",0.0,1.0,0.5017647743225098,0.15163393318653107,5
/home/grva-mintcave/Projects/Facies/Dataset/facies/tiles/images/img_00577.npy,/home/grva-mintcave/Projects/Facies/Dataset/facies/tiles/masks/img_00577.npy,"(4, 512, 512)",0.0,1.0,0.5019112229347229,0.16559335589408875,5
/home/grva-mintcave/Projects/Facies/Dataset/facies/tiles/images/img_00578.npy,/home/grva-mintcave/Projects/Facies/Dataset/facies/tiles/masks/img_00578.npy,"(4, 512, 512)",0.0,1.0,0.5028061270713806,0.17488200962543488,5
/home/grva-mintcave/Projects/Facies/Dataset/facies/tiles/images/img_00579.npy,/home/grva-mintcave/Projects/Facies/Dataset/facies/tiles/masks/img_00579.npy,"(4, 512, 512)",0.0,1.0,0.5028185844421387,0.17487609386444092,5
/home/grva-mintcave/Projects/Facies/Dataset/facies/tiles/images/img_00580.npy,/home/grva-mintcave/Projects/Facies/Dataset/facies/tiles/masks/img_00580.npy,"(4, 512, 512)",0.0,1.0,0.501979649066925,0.11806681752204895,5
/home/grva-mintcave/Projects/Facies/Dataset/facies/tiles/images/img_00581.npy,/home/grva-mintcave/Projects/Facies/Dataset/facies/tiles/masks/img_00581.npy,"(4, 512, 512)",0.0,1.0,0.5019786953926086,0.1459893137216568,5
/home/grva-mintcave/Projects/Facies/Dataset/facies/tiles/images/img_00582.npy,/home/grva-mintcave/Projects/Facies/Dataset/facies/tiles/masks/img_00582.npy,"(4, 512, 512)",0.0,1.0,0.5024530291557312,0.16248275339603424,5
/home/grva-mintcave/Projects/Facies/Dataset/facies/tiles/images/img_00583.npy,/home/grva-mintcave/Projects/Facies/Dataset/facies/tiles/masks/img_00583.npy,"(4, 512, 512)",0.0,1.0,0.5026326775550842,0.17557159066200256,5
/home/grva-mintcave/Projects/Facies/Dataset/facies/tiles/images/img_00584.npy,/home/grva-mintcave/Projects/Facies/Dataset/facies/tiles/masks/img_00584.npy,"(4, 512, 512)",0.0,1.0,0.5026432275772095,0.17538096010684967,5
/home/grva-mintcave/Projects/Facies/Dataset/facies/tiles/images/img_00585.npy,/home/grva-mintcave/Projects/Facies/Dataset/facies/tiles/masks/img_00585.npy,"(4, 512, 512)",0.0,1.0,0.5019689798355103,0.12607914209365845,5
/home/grva-mintcave/Projects/Facies/Dataset/facies/tiles/images/img_00586.npy,/home/grva-mintcave/Projects/Facies/Dataset/facies/tiles/masks/img_00586.npy,"(4, 512, 512)",0.0,1.0,0.501641035079956,0.1511072814464569,5
/home/grva-mintcave/Projects/Facies/Dataset/facies/tiles/images/img_00587.npy,/home/grva-mintcave/Projects/Facies/Dataset/facies/tiles/masks/img_00587.npy,"(4, 512, 512)",0.0,1.0,0.502380907535553,0.16125059127807617,5
/home/grva-mintcave/Projects/Facies/Dataset/facies/tiles/images/img_00588.npy,/home/grva-mintcave/Projects/Facies/Dataset/facies/tiles/masks/img_00588.npy,"(4, 512, 512)",0.0,1.0,0.5031619668006897,0.17745926976203918,5
/home/grva-mintcave/Projects/Facies/Dataset/facies/tiles/images/img_00589.npy,/home/grva-mintcave/Projects/Facies/Dataset/facies/tiles/masks/img_00589.npy,"(4, 512, 512)",0.0,1.0,0.5031669735908508,0.17726798355579376,5
/home/grva-mintcave/Projects/Facies/Dataset/facies/tiles/images/img_00590.npy,/home/grva-mintcave/Projects/Facies/Dataset/facies/tiles/masks/img_00590.npy,"(4, 512, 512)",0.0,1.0,0.5020161867141724,0.12505947053432465,5
/home/grva-mintcave/Projects/Facies/Dataset/facies/tiles/images/img_00591.npy,/home/grva-mintcave/Projects/Facies/Dataset/facies/tiles/masks/img_00591.npy,"(4, 512, 512)",0.0,1.0,0.5021803975105286,0.14067302644252777,5
/home/grva-mintcave/Projects/Facies/Dataset/facies/tiles/images/img_00592.npy,/home/grva-mintcave/Projects/Facies/Dataset/facies/tiles/masks/img_00592.npy,"(4, 512, 512)",0.0,1.0,0.501963198184967,0.1626599282026291,5
/home/grva-mintcave/Projects/Facies/Dataset/facies/tiles/images/img_00593.npy,/home/grva-mintcave/Projects/Facies/Dataset/facies/tiles/masks/img_00593.npy,"(4, 512, 512)",0.0,1.0,0.5024388432502747,0.17881132662296295,5
/home/grva-mintcave/Projects/Facies/Dataset/facies/tiles/images/img_00594.npy,/home/grva-mintcave/Projects/Facies/Dataset/facies/tiles/masks/img_00594.npy,"(4, 512, 512)",0.0,1.0,0.5024430751800537,0.1786157637834549,5
/home/grva-mintcave/Projects/Facies/Dataset/facies/tiles/images/img_00595.npy,/home/grva-mintcave/Projects/Facies/Dataset/facies/tiles/masks/img_00595.npy,"(4, 512, 512)",0.0,1.0,0.5020209550857544,0.1323239654302597,5
/home/grva-mintcave/Projects/Facies/Dataset/facies/tiles/images/img_00596.npy,/home/grva-mintcave/Projects/Facies/Dataset/facies/tiles/masks/img_00596.npy,"(4, 512, 512)",0.0,1.0,0.5018892288208008,0.14625060558319092,5
/home/grva-mintcave/Projects/Facies/Dataset/facies/tiles/images/img_00597.npy,/home/grva-mintcave/Projects/Facies/Dataset/facies/tiles/masks/img_00597.npy,"(4, 512, 512)",0.0,1.0,0.5024222731590271,0.16162577271461487,5
/home/grva-mintcave/Projects/Facies/Dataset/facies/tiles/images/img_00598.npy,/home/grva-mintcave/Projects/Facies/Dataset/facies/tiles/masks/img_00598.npy,"(4, 512, 512)",0.0,1.0,0.5027782917022705,0.18150950968265533,5
/home/grva-mintcave/Projects/Facies/Dataset/facies/tiles/images/img_00599.npy,/home/grva-mintcave/Projects/Facies/Dataset/facies/tiles/masks/img_00599.npy,"(4, 512, 512)",0.0,1.0,0.5027874112129211,0.18137919902801514,5
/home/grva-mintcave/Projects/Facies/Dataset/facies/tiles/images/img_00600.npy,/home/grva-mintcave/Projects/Facies/Dataset/facies/tiles/masks/img_00600.npy,"(4, 512, 512)",0.0,1.0,0.5028649568557739,0.11968890577554703,5
/home/grva-mintcave/Projects/Facies/Dataset/facies/tiles/images/img_00601.npy,/home/grva-mintcave/Projects/Facies/Dataset/facies/tiles/masks/img_00601.npy,"(4, 512, 512)",0.0,1.0,0.502597987651825,0.15064425766468048,5
/home/grva-mintcave/Projects/Facies/Dataset/facies/tiles/images/img_00602.npy,/home/grva-mintcave/Projects/Facies/Dataset/facies/tiles/masks/img_00602.npy,"(4, 512, 512)",0.0,1.0,0.5017665028572083,0.1591750830411911,5
/home/grva-mintcave/Projects/Facies/Dataset/facies/tiles/images/img_00603.npy,/home/grva-mintcave/Projects/Facies/Dataset/facies/tiles/masks/img_00603.npy,"(4, 512, 512)",0.0,1.0,0.5030129551887512,0.185450479388237,5
/home/grva-mintcave/Projects/Facies/Dataset/facies/tiles/images/img_00604.npy,/home/grva-mintcave/Projects/Facies/Dataset/facies/tiles/masks/img_00604.npy,"(4, 512, 512)",0.0,1.0,0.5029995441436768,0.18536679446697235,5
/home/grva-mintcave/Projects/Facies/Dataset/facies/tiles/images/img_00605.npy,/home/grva-mintcave/Projects/Facies/Dataset/facies/tiles/masks/img_00605.npy,"(4, 512, 512)",0.0,1.0,0.5013458728790283,0.12689773738384247,5
/home/grva-mintcave/Projects/Facies/Dataset/facies/tiles/images/img_00606.npy,/home/grva-mintcave/Projects/Facies/Dataset/facies/tiles/masks/img_00606.npy,"(4, 512, 512)",0.0,1.0,0.5022436380386353,0.15527339279651642,5
/home/grva-mintcave/Projects/Facies/Dataset/facies/tiles/images/img_00607.npy,/home/grva-mintcave/Projects/Facies/Dataset/facies/tiles/masks/img_00607.npy,"(4, 512, 512)",0.0,1.0,0.5020877122879028,0.15793712437152863,5
/home/grva-mintcave/Projects/Facies/Dataset/facies/tiles/images/img_00608.npy,/home/grva-mintcave/Projects/Facies/Dataset/facies/tiles/masks/img_00608.npy,"(4, 512, 512)",0.0,1.0,0.5032514333724976,0.1881212294101715,5
/home/grva-mintcave/Projects/Facies/Dataset/facies/tiles/images/img_00609.npy,/home/grva-mintcave/Projects/Facies/Dataset/facies/tiles/masks/img_00609.npy,"(4, 512, 512)",0.0,1.0,0.5032714605331421,0.18806767463684082,5
/home/grva-mintcave/Projects/Facies/Dataset/facies/tiles/images/img_00610.npy,/home/grva-mintcave/Projects/Facies/Dataset/facies/tiles/masks/img_00610.npy,"(4, 512, 512)",0.0,1.0,0.5030241012573242,0.11738327890634537,5
/home/grva-mintcave/Projects/Facies/Dataset/facies/tiles/images/img_00611.npy,/home/grva-mintcave/Projects/Facies/Dataset/facies/tiles/masks/img_00611.npy,"(4, 512, 512)",0.0,1.0,0.5025617480278015,0.1565699577331543,5
/home/grva-mintcave/Projects/Facies/Dataset/facies/tiles/images/img_00612.npy,/home/grva-mintcave/Projects/Facies/Dataset/facies/tiles/masks/img_00612.npy,"(4, 512, 512)",0.0,1.0,0.5021016001701355,0.1613934338092804,5
/home/grva-mintcave/Projects/Facies/Dataset/facies/tiles/images/img_00613.npy,/home/grva-mintcave/Projects/Facies/Dataset/facies/tiles/masks/img_00613.npy,"(4, 512, 512)",0.0,1.0,0.5033544301986694,0.18324624001979828,5
/home/grva-mintcave/Projects/Facies/Dataset/facies/tiles/images/img_00614.npy,/home/grva-mintcave/Projects/Facies/Dataset/facies/tiles/masks/img_00614.npy,"(4, 512, 512)",0.0,1.0,0.5033705830574036,0.1830088049173355,5
/home/grva-mintcave/Projects/Facies/Dataset/facies/tiles/images/img_00615.npy,/home/grva-mintcave/Projects/Facies/Dataset/facies/tiles/masks/img_00615.npy,"(4, 512, 512)",0.0,1.0,0.5008060336112976,0.12348571419715881,5
/home/grva-mintcave/Projects/Facies/Dataset/facies/tiles/images/img_00616.npy,/home/grva-mintcave/Projects/Facies/Dataset/facies/tiles/masks/img_00616.npy,"(4, 512, 512)",0.0,1.0,0.5025438666343689,0.16008837521076202,5
/home/grva-mintcave/Projects/Facies/Dataset/facies/tiles/images/img_00617.npy,/home/grva-mintcave/Projects/Facies/Dataset/facies/tiles/masks/img_00617.npy,"(4, 512, 512)",0.0,1.0,0.5021651983261108,0.16104945540428162,5
/home/grva-mintcave/Projects/Facies/Dataset/facies/tiles/images/img_00618.npy,/home/grva-mintcave/Projects/Facies/Dataset/facies/tiles/masks/img_00618.npy,"(4, 512, 512)",0.0,1.0,0.5026563405990601,0.1845400482416153,5
/home/grva-mintcave/Projects/Facies/Dataset/facies/tiles/images/img_00619.npy,/home/grva-mintcave/Projects/Facies/Dataset/facies/tiles/masks/img_00619.npy,"(4, 512, 512)",0.0,1.0,0.5026623606681824,0.18453870713710785,5
/home/grva-mintcave/Projects/Facies/Dataset/facies/tiles/images/img_00620.npy,/home/grva-mintcave/Projects/Facies/Dataset/facies/tiles/masks/img_00620.npy,"(4, 512, 512)",0.0,1.0,0.5028164386749268,0.11350231617689133,5
/home/grva-mintcave/Projects/Facies/Dataset/facies/tiles/images/img_00621.npy,/home/grva-mintcave/Projects/Facies/Dataset/facies/tiles/masks/img_00621.npy,"(4, 512, 512)",0.0,1.0,0.5026460886001587,0.15736740827560425,5
/home/grva-mintcave/Projects/Facies/Dataset/facies/tiles/images/img_00622.npy,/home/grva-mintcave/Projects/Facies/Dataset/facies/tiles/masks/img_00622.npy,"(4, 512, 512)",0.0,1.0,0.5022279024124146,0.15973220765590668,5
/home/grva-mintcave/Projects/Facies/Dataset/facies/tiles/images/img_00623.npy,/home/grva-mintcave/Projects/Facies/Dataset/facies/tiles/masks/img_00623.npy,"(4, 512, 512)",0.0,1.0,0.5030756592750549,0.1773151457309723,5
/home/grva-mintcave/Projects/Facies/Dataset/facies/tiles/images/img_00624.npy,/home/grva-mintcave/Projects/Facies/Dataset/facies/tiles/masks/img_00624.npy,"(4, 512, 512)",0.0,1.0,0.5030803680419922,0.17731346189975739,5
/home/grva-mintcave/Projects/Facies/Dataset/facies/tiles/images/img_00625.npy,/home/grva-mintcave/Projects/Facies/Dataset/facies/tiles/masks/img_00625.npy,"(4, 512, 512)",0.0,1.0,0.500705897808075,0.12095005065202713,5
/home/grva-mintcave/Projects/Facies/Dataset/facies/tiles/images/img_00626.npy,/home/grva-mintcave/Projects/Facies/Dataset/facies/tiles/masks/img_00626.npy,"(4, 512, 512)",0.0,1.0,0.5026809573173523,0.16103897988796234,5
/home/grva-mintcave/Projects/Facies/Dataset/facies/tiles/images/img_00627.npy,/home/grva-mintcave/Projects/Facies/Dataset/facies/tiles/masks/img_00627.npy,"(4, 512, 512)",0.0,1.0,0.5022808909416199,0.15910744667053223,5
/home/grva-mintcave/Projects/Facies/Dataset/facies/tiles/images/img_00628.npy,/home/grva-mintcave/Projects/Facies/Dataset/facies/tiles/masks/img_00628.npy,"(4, 512, 512)",0.0,1.0,0.5025510191917419,0.17849215865135193,5
/home/grva-mintcave/Projects/Facies/Dataset/facies/tiles/images/img_00629.npy,/home/grva-mintcave/Projects/Facies/Dataset/facies/tiles/masks/img_00629.npy,"(4, 512, 512)",0.0,1.0,0.5025830268859863,0.17861802875995636,5
/home/grva-mintcave/Projects/Facies/Dataset/facies/tiles/images/img_00630.npy,/home/grva-mintcave/Projects/Facies/Dataset/facies/tiles/masks/img_00630.npy,"(4, 512, 512)",0.0,1.0,0.502101480960846,0.11418122798204422,5
/home/grva-mintcave/Projects/Facies/Dataset/facies/tiles/images/img_00631.npy,/home/grva-mintcave/Projects/Facies/Dataset/facies/tiles/masks/img_00631.npy,"(4, 512, 512)",0.0,1.0,0.502362072467804,0.1465417444705963,5
/home/grva-mintcave/Projects/Facies/Dataset/facies/tiles/images/img_00632.npy,/home/grva-mintcave/Projects/Facies/Dataset/facies/tiles/masks/img_00632.npy,"(4, 512, 512)",0.0,1.0,0.5022839903831482,0.15605467557907104,5
/home/grva-mintcave/Projects/Facies/Dataset/facies/tiles/images/img_00633.npy,/home/grva-mintcave/Projects/Facies/Dataset/facies/tiles/masks/img_00633.npy,"(4, 512, 512)",0.0,1.0,0.503405749797821,0.174599751830101,5
/home/grva-mintcave/Projects/Facies/Dataset/facies/tiles/images/img_00634.npy,/home/grva-mintcave/Projects/Facies/Dataset/facies/tiles/masks/img_00634.npy,"(4, 512, 512)",0.0,1.0,0.5033966898918152,0.17474116384983063,5
/home/grva-mintcave/Projects/Facies/Dataset/facies/tiles/images/img_00635.npy,/home/grva-mintcave/Projects/Facies/Dataset/facies/tiles/masks/img_00635.npy,"(4, 512, 512)",0.0,1.0,0.5012944936752319,0.1200423538684845,5
/home/grva-mintcave/Projects/Facies/Dataset/facies/tiles/images/img_00636.npy,/home/grva-mintcave/Projects/Facies/Dataset/facies/tiles/masks/img_00636.npy,"(4, 512, 512)",0.0,1.0,0.5030733346939087,0.15064477920532227,5
/home/grva-mintcave/Projects/Facies/Dataset/facies/tiles/images/img_00637.npy,/home/grva-mintcave/Projects/Facies/Dataset/facies/tiles/masks/img_00637.npy,"(4, 512, 512)",0.0,1.0,0.5021771788597107,0.15549057722091675,5
/home/grva-mintcave/Projects/Facies/Dataset/facies/tiles/images/img_00638.npy,/home/grva-mintcave/Projects/Facies/Dataset/facies/tiles/masks/img_00638.npy,"(4, 512, 512)",0.0,1.0,0.5034953355789185,0.17722657322883606,5
/home/grva-mintcave/Projects/Facies/Dataset/facies/tiles/images/img_00639.npy,/home/grva-mintcave/Projects/Facies/Dataset/facies/tiles/masks/img_00639.npy,"(4, 512, 512)",0.0,1.0,0.5035049915313721,0.17760832607746124,5
/home/grva-mintcave/Projects/Facies/Dataset/facies/tiles/images/img_00640.npy,/home/grva-mintcave/Projects/Facies/Dataset/facies/tiles/masks/img_00640.npy,"(4, 512, 512)",0.0,1.0,0.5017189383506775,0.11657600104808807,5
/home/grva-mintcave/Projects/Facies/Dataset/facies/tiles/images/img_00641.npy,/home/grva-mintcave/Projects/Facies/Dataset/facies/tiles/masks/img_00641.npy,"(4, 512, 512)",0.0,1.0,0.5021782517433167,0.14335137605667114,5
/home/grva-mintcave/Projects/Facies/Dataset/facies/tiles/images/img_00642.npy,/home/grva-mintcave/Projects/Facies/Dataset/facies/tiles/masks/img_00642.npy,"(4, 512, 512)",0.0,1.0,0.5020034313201904,0.1630406230688095,5
/home/grva-mintcave/Projects/Facies/Dataset/facies/tiles/images/img_00643.npy,/home/grva-mintcave/Projects/Facies/Dataset/facies/tiles/masks/img_00643.npy,"(4, 512, 512)",0.0,1.0,0.5034714341163635,0.16579188406467438,5
/home/grva-mintcave/Projects/Facies/Dataset/facies/tiles/images/img_00644.npy,/home/grva-mintcave/Projects/Facies/Dataset/facies/tiles/masks/img_00644.npy,"(4, 512, 512)",0.0,1.0,0.5034468770027161,0.16590945422649384,5
/home/grva-mintcave/Projects/Facies/Dataset/facies/tiles/images/img_00645.npy,/home/grva-mintcave/Projects/Facies/Dataset/facies/tiles/masks/img_00645.npy,"(4, 512, 512)",0.0,1.0,0.5018375515937805,0.12196454405784607,5
/home/grva-mintcave/Projects/Facies/Dataset/facies/tiles/images/img_00646.npy,/home/grva-mintcave/Projects/Facies/Dataset/facies/tiles/masks/img_00646.npy,"(4, 512, 512)",0.0,1.0,0.5031719207763672,0.14729386568069458,5
/home/grva-mintcave/Projects/Facies/Dataset/facies/tiles/images/img_00647.npy,/home/grva-mintcave/Projects/Facies/Dataset/facies/tiles/masks/img_00647.npy,"(4, 512, 512)",0.0,1.0,0.5021213889122009,0.16306988894939423,5
/home/grva-mintcave/Projects/Facies/Dataset/facies/tiles/images/img_00648.npy,/home/grva-mintcave/Projects/Facies/Dataset/facies/tiles/masks/img_00648.npy,"(4, 512, 512)",0.0,1.0,0.5035691261291504,0.16729527711868286,5
/home/grva-mintcave/Projects/Facies/Dataset/facies/tiles/images/img_00649.npy,/home/grva-mintcave/Projects/Facies/Dataset/facies/tiles/masks/img_00649.npy,"(4, 512, 512)",0.0,1.0,0.5035306215286255,0.16757933795452118,5
/home/grva-mintcave/Projects/Facies/Dataset/facies/tiles/images/img_00650.npy,/home/grva-mintcave/Projects/Facies/Dataset/facies/tiles/masks/img_00650.npy,"(4, 512, 512)",0.0,1.0,0.5018472671508789,0.1176317110657692,5
/home/grva-mintcave/Projects/Facies/Dataset/facies/tiles/images/img_00651.npy,/home/grva-mintcave/Projects/Facies/Dataset/facies/tiles/masks/img_00651.npy,"(4, 512, 512)",0.0,1.0,0.5019468069076538,0.13888965547084808,5
/home/grva-mintcave/Projects/Facies/Dataset/facies/tiles/images/img_00652.npy,/home/grva-mintcave/Projects/Facies/Dataset/facies/tiles/masks/img_00652.npy,"(4, 512, 512)",0.0,1.0,0.5024656057357788,0.159627303481102,5
/home/grva-mintcave/Projects/Facies/Dataset/facies/tiles/images/img_00653.npy,/home/grva-mintcave/Projects/Facies/Dataset/facies/tiles/masks/img_00653.npy,"(4, 512, 512)",0.0,1.0,0.5039926767349243,0.16354788839817047,5
/home/grva-mintcave/Projects/Facies/Dataset/facies/tiles/images/img_00654.npy,/home/grva-mintcave/Projects/Facies/Dataset/facies/tiles/masks/img_00654.npy,"(4, 512, 512)",0.0,1.0,0.5039926767349243,0.16358999907970428,5
/home/grva-mintcave/Projects/Facies/Dataset/facies/tiles/images/img_00655.npy,/home/grva-mintcave/Projects/Facies/Dataset/facies/tiles/masks/img_00655.npy,"(4, 512, 512)",0.0,1.0,0.5015794038772583,0.1228189542889595,5
/home/grva-mintcave/Projects/Facies/Dataset/facies/tiles/images/img_00656.npy,/home/grva-mintcave/Projects/Facies/Dataset/facies/tiles/masks/img_00656.npy,"(4, 512, 512)",0.0,1.0,0.5027043223381042,0.14285719394683838,5
/home/grva-mintcave/Projects/Facies/Dataset/facies/tiles/images/img_00657.npy,/home/grva-mintcave/Projects/Facies/Dataset/facies/tiles/masks/img_00657.npy,"(4, 512, 512)",0.0,1.0,0.5026393532752991,0.15822073817253113,5
/home/grva-mintcave/Projects/Facies/Dataset/facies/tiles/images/img_00658.npy,/home/grva-mintcave/Projects/Facies/Dataset/facies/tiles/masks/img_00658.npy,"(4, 512, 512)",0.0,1.0,0.5037914514541626,0.16530174016952515,5
/home/grva-mintcave/Projects/Facies/Dataset/facies/tiles/images/img_00659.npy,/home/grva-mintcave/Projects/Facies/Dataset/facies/tiles/masks/img_00659.npy,"(4, 512, 512)",0.0,1.0,0.5037685036659241,0.1654355823993683,5
/home/grva-mintcave/Projects/Facies/Dataset/facies/tiles/images/img_00660.npy,/home/grva-mintcave/Projects/Facies/Dataset/facies/tiles/masks/img_00660.npy,"(4, 512, 512)",0.0,1.0,0.502009391784668,0.10891145467758179,5
/home/grva-mintcave/Projects/Facies/Dataset/facies/tiles/images/img_00661.npy,/home/grva-mintcave/Projects/Facies/Dataset/facies/tiles/masks/img_00661.npy,"(4, 512, 512)",0.0,1.0,0.5021913647651672,0.1350935697555542,5
/home/grva-mintcave/Projects/Facies/Dataset/facies/tiles/images/img_00662.npy,/home/grva-mintcave/Projects/Facies/Dataset/facies/tiles/masks/img_00662.npy,"(4, 512, 512)",0.0,1.0,0.5027790665626526,0.1493631899356842,5
/home/grva-mintcave/Projects/Facies/Dataset/facies/tiles/images/img_00663.npy,/home/grva-mintcave/Projects/Facies/Dataset/facies/tiles/masks/img_00663.npy,"(4, 512, 512)",0.0,1.0,0.5034477710723877,0.16119426488876343,5
/home/grva-mintcave/Projects/Facies/Dataset/facies/tiles/images/img_00664.npy,/home/grva-mintcave/Projects/Facies/Dataset/facies/tiles/masks/img_00664.npy,"(4, 512, 512)",0.0,1.0,0.5034322142601013,0.16128389537334442,5
/home/grva-mintcave/Projects/Facies/Dataset/facies/tiles/images/img_00665.npy,/home/grva-mintcave/Projects/Facies/Dataset/facies/tiles/masks/img_00665.npy,"(4, 512, 512)",0.0,1.0,0.5017384886741638,0.11527065932750702,5
/home/grva-mintcave/Projects/Facies/Dataset/facies/tiles/images/img_00666.npy,/home/grva-mintcave/Projects/Facies/Dataset/facies/tiles/masks/img_00666.npy,"(4, 512, 512)",0.0,1.0,0.5027121901512146,0.13965719938278198,5
/home/grva-mintcave/Projects/Facies/Dataset/facies/tiles/images/img_00667.npy,/home/grva-mintcave/Projects/Facies/Dataset/facies/tiles/masks/img_00667.npy,"(4, 512, 512)",0.0,1.0,0.5026567578315735,0.14722123742103577,5
/home/grva-mintcave/Projects/Facies/Dataset/facies/tiles/images/img_00668.npy,/home/grva-mintcave/Projects/Facies/Dataset/facies/tiles/masks/img_00668.npy,"(4, 512, 512)",0.0,1.0,0.5025929808616638,0.16251040995121002,5
/home/grva-mintcave/Projects/Facies/Dataset/facies/tiles/images/img_00669.npy,/home/grva-mintcave/Projects/Facies/Dataset/facies/tiles/masks/img_00669.npy,"(4, 512, 512)",0.0,1.0,0.5025665163993835,0.16282323002815247,5
/home/grva-mintcave/Projects/Facies/Dataset/facies/tiles/images/img_00670.npy,/home/grva-mintcave/Projects/Facies/Dataset/facies/tiles/masks/img_00670.npy,"(4, 512, 512)",0.0,1.0,0.5020780563354492,0.09949065744876862,5
/home/grva-mintcave/Projects/Facies/Dataset/facies/tiles/images/img_00671.npy,/home/grva-mintcave/Projects/Facies/Dataset/facies/tiles/masks/img_00671.npy,"(4, 512, 512)",0.0,1.0,0.5022194981575012,0.13151481747627258,5
/home/grva-mintcave/Projects/Facies/Dataset/facies/tiles/images/img_00672.npy,/home/grva-mintcave/Projects/Facies/Dataset/facies/tiles/masks/img_00672.npy,"(4, 512, 512)",0.0,1.0,0.5026317238807678,0.14956338703632355,5
/home/grva-mintcave/Projects/Facies/Dataset/facies/tiles/images/img_00673.npy,/home/grva-mintcave/Projects/Facies/Dataset/facies/tiles/masks/img_00673.npy,"(4, 512, 512)",0.0,1.0,0.5039235949516296,0.16350844502449036,5
/home/grva-mintcave/Projects/Facies/Dataset/facies/tiles/images/img_00674.npy,/home/grva-mintcave/Projects/Facies/Dataset/facies/tiles/masks/img_00674.npy,"(4, 512, 512)",0.0,1.0,0.5039264559745789,0.16379481554031372,5
/home/grva-mintcave/Projects/Facies/Dataset/facies/tiles/images/img_00675.npy,/home/grva-mintcave/Projects/Facies/Dataset/facies/tiles/masks/img_00675.npy,"(4, 512, 512)",0.0,1.0,0.5015703439712524,0.10721337050199509,5
/home/grva-mintcave/Projects/Facies/Dataset/facies/tiles/images/img_00676.npy,/home/grva-mintcave/Projects/Facies/Dataset/facies/tiles/masks/img_00676.npy,"(4, 512, 512)",0.0,1.0,0.5027419924736023,0.1362123042345047,5
/home/grva-mintcave/Projects/Facies/Dataset/facies/tiles/images/img_00677.npy,/home/grva-mintcave/Projects/Facies/Dataset/facies/tiles/masks/img_00677.npy,"(4, 512, 512)",0.0,1.0,0.5027806758880615,0.14716984331607819,5
/home/grva-mintcave/Projects/Facies/Dataset/facies/tiles/images/img_00678.npy,/home/grva-mintcave/Projects/Facies/Dataset/facies/tiles/masks/img_00678.npy,"(4, 512, 512)",0.0,1.0,0.5029263496398926,0.1651466339826584,5
/home/grva-mintcave/Projects/Facies/Dataset/facies/tiles/images/img_00679.npy,/home/grva-mintcave/Projects/Facies/Dataset/facies/tiles/masks/img_00679.npy,"(4, 512, 512)",0.0,1.0,0.5029122829437256,0.16565881669521332,5
/home/grva-mintcave/Projects/Facies/Dataset/facies/tiles/images/img_00680.npy,/home/grva-mintcave/Projects/Facies/Dataset/facies/tiles/masks/img_00680.npy,"(4, 512, 512)",0.0,1.0,0.5022087097167969,0.09729591757059097,5
/home/grva-mintcave/Projects/Facies/Dataset/facies/tiles/images/img_00681.npy,/home/grva-mintcave/Projects/Facies/Dataset/facies/tiles/masks/img_00681.npy,"(4, 512, 512)",0.0,1.0,0.5021195411682129,0.13177987933158875,5
/home/grva-mintcave/Projects/Facies/Dataset/facies/tiles/images/img_00682.npy,/home/grva-mintcave/Projects/Facies/Dataset/facies/tiles/masks/img_00682.npy,"(4, 512, 512)",0.0,1.0,0.5027773976325989,0.1464216411113739,5
/home/grva-mintcave/Projects/Facies/Dataset/facies/tiles/images/img_00683.npy,/home/grva-mintcave/Projects/Facies/Dataset/facies/tiles/masks/img_00683.npy,"(4, 512, 512)",0.0,1.0,0.5045661330223083,0.17018337547779083,5
/home/grva-mintcave/Projects/Facies/Dataset/facies/tiles/images/img_00684.npy,/home/grva-mintcave/Projects/Facies/Dataset/facies/tiles/masks/img_00684.npy,"(4, 512, 512)",0.0,1.0,0.5045573711395264,0.17026908695697784,5
/home/grva-mintcave/Projects/Facies/Dataset/facies/tiles/images/img_00685.npy,/home/grva-mintcave/Projects/Facies/Dataset/facies/tiles/masks/img_00685.npy,"(4, 512, 512)",0.0,1.0,0.5018631219863892,0.1040027067065239,5
/home/grva-mintcave/Projects/Facies/Dataset/facies/tiles/images/img_00686.npy,/home/grva-mintcave/Projects/Facies/Dataset/facies/tiles/masks/img_00686.npy,"(4, 512, 512)",0.0,1.0,0.5029099583625793,0.13644999265670776,5
/home/grva-mintcave/Projects/Facies/Dataset/facies/tiles/images/img_00687.npy,/home/grva-mintcave/Projects/Facies/Dataset/facies/tiles/masks/img_00687.npy,"(4, 512, 512)",0.0,1.0,0.5025786757469177,0.14395149052143097,5
/home/grva-mintcave/Projects/Facies/Dataset/facies/tiles/images/img_00688.npy,/home/grva-mintcave/Projects/Facies/Dataset/facies/tiles/masks/img_00688.npy,"(4, 512, 512)",0.0,1.0,0.5036745667457581,0.174693301320076,5
/home/grva-mintcave/Projects/Facies/Dataset/facies/tiles/images/img_00689.npy,/home/grva-mintcave/Projects/Facies/Dataset/facies/tiles/masks/img_00689.npy,"(4, 512, 512)",0.0,1.0,0.5036821365356445,0.17488621175289154,5
/home/grva-mintcave/Projects/Facies/Dataset/facies/tiles/images/img_00690.npy,/home/grva-mintcave/Projects/Facies/Dataset/facies/tiles/masks/img_00690.npy,"(4, 512, 512)",0.0,1.0,0.5020312666893005,0.09601674228906631,5
/home/grva-mintcave/Projects/Facies/Dataset/facies/tiles/images/img_00691.npy,/home/grva-mintcave/Projects/Facies/Dataset/facies/tiles/masks/img_00691.npy,"(4, 512, 512)",0.0,1.0,0.5021138191223145,0.13354447484016418,5
/home/grva-mintcave/Projects/Facies/Dataset/facies/tiles/images/img_00692.npy,/home/grva-mintcave/Projects/Facies/Dataset/facies/tiles/masks/img_00692.npy,"(4, 512, 512)",0.0,1.0,0.5026723146438599,0.14401745796203613,5
/home/grva-mintcave/Projects/Facies/Dataset/facies/tiles/images/img_00693.npy,/home/grva-mintcave/Projects/Facies/Dataset/facies/tiles/masks/img_00693.npy,"(4, 512, 512)",0.0,1.0,0.5042237639427185,0.17289526760578156,5
/home/grva-mintcave/Projects/Facies/Dataset/facies/tiles/images/img_00694.npy,/home/grva-mintcave/Projects/Facies/Dataset/facies/tiles/masks/img_00694.npy,"(4, 512, 512)",0.0,1.0,0.5042008757591248,0.17316439747810364,5
/home/grva-mintcave/Projects/Facies/Dataset/facies/tiles/images/img_00695.npy,/home/grva-mintcave/Projects/Facies/Dataset/facies/tiles/masks/img_00695.npy,"(4, 512, 512)",0.0,1.0,0.5027585625648499,0.10311569273471832,5
/home/grva-mintcave/Projects/Facies/Dataset/facies/tiles/images/img_00696.npy,/home/grva-mintcave/Projects/Facies/Dataset/facies/tiles/masks/img_00696.npy,"(4, 512, 512)",0.0,1.0,0.5027176141738892,0.13929150998592377,5
/home/grva-mintcave/Projects/Facies/Dataset/facies/tiles/images/img_00697.npy,/home/grva-mintcave/Projects/Facies/Dataset/facies/tiles/masks/img_00697.npy,"(4, 512, 512)",0.0,1.0,0.5024779438972473,0.1420350968837738,5
/home/grva-mintcave/Projects/Facies/Dataset/facies/tiles/images/img_00698.npy,/home/grva-mintcave/Projects/Facies/Dataset/facies/tiles/masks/img_00698.npy,"(4, 512, 512)",0.0,1.0,0.5038855671882629,0.17801083624362946,5
/home/grva-mintcave/Projects/Facies/Dataset/facies/tiles/images/img_00699.npy,/home/grva-mintcave/Projects/Facies/Dataset/facies/tiles/masks/img_00699.npy,"(4, 512, 512)",0.0,1.0,0.5038979649543762,0.17841939628124237,5
/home/grva-mintcave/Projects/Facies/Dataset/facies/tiles/images/img_00700.npy,/home/grva-mintcave/Projects/Facies/Dataset/facies/tiles/masks/img_00700.npy,"(4, 512, 512)",0.0,1.0,0.5016594529151917,0.09509269148111343,5
/home/grva-mintcave/Projects/Facies/Dataset/facies/tiles/images/img_00701.npy,/home/grva-mintcave/Projects/Facies/Dataset/facies/tiles/masks/img_00701.npy,"(4, 512, 512)",0.0,1.0,0.5021172165870667,0.13535059988498688,5
/home/grva-mintcave/Projects/Facies/Dataset/facies/tiles/images/img_00702.npy,/home/grva-mintcave/Projects/Facies/Dataset/facies/tiles/masks/img_00702.npy,"(4, 512, 512)",0.0,1.0,0.5022898316383362,0.14240190386772156,5
/home/grva-mintcave/Projects/Facies/Dataset/facies/tiles/images/img_00703.npy,/home/grva-mintcave/Projects/Facies/Dataset/facies/tiles/masks/img_00703.npy,"(4, 512, 512)",0.0,1.0,0.5048294067382812,0.1724456548690796,5
/home/grva-mintcave/Projects/Facies/Dataset/facies/tiles/images/img_00704.npy,/home/grva-mintcave/Projects/Facies/Dataset/facies/tiles/masks/img_00704.npy,"(4, 512, 512)",0.0,1.0,0.5048297643661499,0.17264999449253082,5
/home/grva-mintcave/Projects/Facies/Dataset/facies/tiles/images/img_00705.npy,/home/grva-mintcave/Projects/Facies/Dataset/facies/tiles/masks/img_00705.npy,"(4, 512, 512)",0.0,1.0,0.5030906200408936,0.10073430836200714,5
/home/grva-mintcave/Projects/Facies/Dataset/facies/tiles/images/img_00706.npy,/home/grva-mintcave/Projects/Facies/Dataset/facies/tiles/masks/img_00706.npy,"(4, 512, 512)",0.0,1.0,0.5027545094490051,0.1408931016921997,5
/home/grva-mintcave/Projects/Facies/Dataset/facies/tiles/images/img_00707.npy,/home/grva-mintcave/Projects/Facies/Dataset/facies/tiles/masks/img_00707.npy,"(4, 512, 512)",0.0,1.0,0.5026593208312988,0.14018665254116058,5
/home/grva-mintcave/Projects/Facies/Dataset/facies/tiles/images/img_00708.npy,/home/grva-mintcave/Projects/Facies/Dataset/facies/tiles/masks/img_00708.npy,"(4, 512, 512)",0.0,1.0,0.503551185131073,0.1781434565782547,5
/home/grva-mintcave/Projects/Facies/Dataset/facies/tiles/images/img_00709.npy,/home/grva-mintcave/Projects/Facies/Dataset/facies/tiles/masks/img_00709.npy,"(4, 512, 512)",0.0,1.0,0.5035402178764343,0.1785934716463089,5
/home/grva-mintcave/Projects/Facies/Dataset/facies/tiles/images/img_00710.npy,/home/grva-mintcave/Projects/Facies/Dataset/facies/tiles/masks/img_00710.npy,"(4, 512, 512)",0.0,1.0,0.5017394423484802,0.09796921908855438,5
/home/grva-mintcave/Projects/Facies/Dataset/facies/tiles/images/img_00711.npy,/home/grva-mintcave/Projects/Facies/Dataset/facies/tiles/masks/img_00711.npy,"(4, 512, 512)",0.0,1.0,0.5023161172866821,0.1415659487247467,5
/home/grva-mintcave/Projects/Facies/Dataset/facies/tiles/images/img_00712.npy,/home/grva-mintcave/Projects/Facies/Dataset/facies/tiles/masks/img_00712.npy,"(4, 512, 512)",0.0,1.0,0.5020598769187927,0.15298539400100708,5
/home/grva-mintcave/Projects/Facies/Dataset/facies/tiles/images/img_00713.npy,/home/grva-mintcave/Projects/Facies/Dataset/facies/tiles/masks/img_00713.npy,"(4, 512, 512)",0.0,1.0,0.5040166974067688,0.17396098375320435,5
/home/grva-mintcave/Projects/Facies/Dataset/facies/tiles/images/img_00714.npy,/home/grva-mintcave/Projects/Facies/Dataset/facies/tiles/masks/img_00714.npy,"(4, 512, 512)",0.0,1.0,0.5040165781974792,0.17391380667686462,5
/home/grva-mintcave/Projects/Facies/Dataset/facies/tiles/images/img_00715.npy,/home/grva-mintcave/Projects/Facies/Dataset/facies/tiles/masks/img_00715.npy,"(4, 512, 512)",0.0,1.0,0.5026209354400635,0.10176301747560501,5
/home/grva-mintcave/Projects/Facies/Dataset/facies/tiles/images/img_00716.npy,/home/grva-mintcave/Projects/Facies/Dataset/facies/tiles/masks/img_00716.npy,"(4, 512, 512)",0.0,1.0,0.5030397176742554,0.14687763154506683,5
/home/grva-mintcave/Projects/Facies/Dataset/facies/tiles/images/img_00717.npy,/home/grva-mintcave/Projects/Facies/Dataset/facies/tiles/masks/img_00717.npy,"(4, 512, 512)",0.0,1.0,0.5025314688682556,0.1497894823551178,5
/home/grva-mintcave/Projects/Facies/Dataset/facies/tiles/images/img_00718.npy,/home/grva-mintcave/Projects/Facies/Dataset/facies/tiles/masks/img_00718.npy,"(4, 512, 512)",0.0,1.0,0.503458559513092,0.18112784624099731,5
/home/grva-mintcave/Projects/Facies/Dataset/facies/tiles/images/img_00719.npy,/home/grva-mintcave/Projects/Facies/Dataset/facies/tiles/masks/img_00719.npy,"(4, 512, 512)",0.0,1.0,0.5034233927726746,0.18140548467636108,5
/home/grva-mintcave/Projects/Facies/Dataset/facies/tiles/images/img_00720.npy,/home/grva-mintcave/Projects/Facies/Dataset/facies/tiles/masks/img_00720.npy,"(4, 512, 512)",0.0,1.0,0.5020049810409546,0.10685966163873672,5
/home/grva-mintcave/Projects/Facies/Dataset/facies/tiles/images/img_00721.npy,/home/grva-mintcave/Projects/Facies/Dataset/facies/tiles/masks/img_00721.npy,"(4, 512, 512)",0.0,1.0,0.5021111965179443,0.14499735832214355,5
/home/grva-mintcave/Projects/Facies/Dataset/facies/tiles/images/img_00722.npy,/home/grva-mintcave/Projects/Facies/Dataset/facies/tiles/masks/img_00722.npy,"(4, 512, 512)",0.0,1.0,0.5024606585502625,0.16211359202861786,5
/home/grva-mintcave/Projects/Facies/Dataset/facies/tiles/images/img_00723.npy,/home/grva-mintcave/Projects/Facies/Dataset/facies/tiles/masks/img_00723.npy,"(4, 512, 512)",0.0,1.0,0.5024641156196594,0.17265759408473969,5
/home/grva-mintcave/Projects/Facies/Dataset/facies/tiles/images/img_00724.npy,/home/grva-mintcave/Projects/Facies/Dataset/facies/tiles/masks/img_00724.npy,"(4, 512, 512)",0.0,1.0,0.5024785995483398,0.17284558713436127,5
/home/grva-mintcave/Projects/Facies/Dataset/facies/tiles/images/img_00725.npy,/home/grva-mintcave/Projects/Facies/Dataset/facies/tiles/masks/img_00725.npy,"(4, 512, 512)",0.0,1.0,0.5020105242729187,0.10761051625013351,5
/home/grva-mintcave/Projects/Facies/Dataset/facies/tiles/images/img_00726.npy,/home/grva-mintcave/Projects/Facies/Dataset/facies/tiles/masks/img_00726.npy,"(4, 512, 512)",0.0,1.0,0.5028591156005859,0.14982877671718597,5
/home/grva-mintcave/Projects/Facies/Dataset/facies/tiles/images/img_00727.npy,/home/grva-mintcave/Projects/Facies/Dataset/facies/tiles/masks/img_00727.npy,"(4, 512, 512)",0.0,1.0,0.5023461580276489,0.15738171339035034,5
/home/grva-mintcave/Projects/Facies/Dataset/facies/tiles/images/img_00728.npy,/home/grva-mintcave/Projects/Facies/Dataset/facies/tiles/masks/img_00728.npy,"(4, 512, 512)",0.0,1.0,0.5024070739746094,0.180197075009346,5
/home/grva-mintcave/Projects/Facies/Dataset/facies/tiles/images/img_00729.npy,/home/grva-mintcave/Projects/Facies/Dataset/facies/tiles/masks/img_00729.npy,"(4, 512, 512)",0.0,1.0,0.5024184584617615,0.18046660721302032,5
/home/grva-mintcave/Projects/Facies/Dataset/facies/tiles/images/img_00730.npy,/home/grva-mintcave/Projects/Facies/Dataset/facies/tiles/masks/img_00730.npy,"(4, 512, 512)",0.0,1.0,0.5020695924758911,0.10946144163608551,5
/home/grva-mintcave/Projects/Facies/Dataset/facies/tiles/images/img_00731.npy,/home/grva-mintcave/Projects/Facies/Dataset/facies/tiles/masks/img_00731.npy,"(4, 512, 512)",0.0,1.0,0.5021778345108032,0.1386524736881256,5
/home/grva-mintcave/Projects/Facies/Dataset/facies/tiles/images/img_00732.npy,/home/grva-mintcave/Projects/Facies/Dataset/facies/tiles/masks/img_00732.npy,"(4, 512, 512)",0.0,1.0,0.5016836524009705,0.16674306988716125,5
/home/grva-mintcave/Projects/Facies/Dataset/facies/tiles/images/img_00733.npy,/home/grva-mintcave/Projects/Facies/Dataset/facies/tiles/masks/img_00733.npy,"(4, 512, 512)",0.0,1.0,0.5017346739768982,0.17883223295211792,5
/home/grva-mintcave/Projects/Facies/Dataset/facies/tiles/images/img_00734.npy,/home/grva-mintcave/Projects/Facies/Dataset/facies/tiles/masks/img_00734.npy,"(4, 512, 512)",0.0,1.0,0.5017409920692444,0.17898844182491302,5
/home/grva-mintcave/Projects/Facies/Dataset/facies/tiles/images/img_00735.npy,/home/grva-mintcave/Projects/Facies/Dataset/facies/tiles/masks/img_00735.npy,"(4, 512, 512)",0.0,1.0,0.5020154714584351,0.1116422787308693,5
/home/grva-mintcave/Projects/Facies/Dataset/facies/tiles/images/img_00736.npy,/home/grva-mintcave/Projects/Facies/Dataset/facies/tiles/masks/img_00736.npy,"(4, 512, 512)",0.0,1.0,0.502667248249054,0.14406836032867432,5
/home/grva-mintcave/Projects/Facies/Dataset/facies/tiles/images/img_00737.npy,/home/grva-mintcave/Projects/Facies/Dataset/facies/tiles/masks/img_00737.npy,"(4, 512, 512)",0.0,1.0,0.5017521381378174,0.161680206656456,5
/home/grva-mintcave/Projects/Facies/Dataset/facies/tiles/images/img_00738.npy,/home/grva-mintcave/Projects/Facies/Dataset/facies/tiles/masks/img_00738.npy,"(4, 512, 512)",0.0,1.0,0.5028177499771118,0.1884932667016983,5
/home/grva-mintcave/Projects/Facies/Dataset/facies/tiles/images/img_00739.npy,/home/grva-mintcave/Projects/Facies/Dataset/facies/tiles/masks/img_00739.npy,"(4, 512, 512)",0.0,1.0,0.5028161406517029,0.18874724209308624,5
/home/grva-mintcave/Projects/Facies/Dataset/facies/tiles/images/img_00740.npy,/home/grva-mintcave/Projects/Facies/Dataset/facies/tiles/masks/img_00740.npy,"(4, 512, 512)",0.0,1.0,0.5021622776985168,0.11179445683956146,5
/home/grva-mintcave/Projects/Facies/Dataset/facies/tiles/images/img_00741.npy,/home/grva-mintcave/Projects/Facies/Dataset/facies/tiles/masks/img_00741.npy,"(4, 512, 512)",0.0,1.0,0.5023645758628845,0.1346115916967392,5
/home/grva-mintcave/Projects/Facies/Dataset/facies/tiles/images/img_00742.npy,/home/grva-mintcave/Projects/Facies/Dataset/facies/tiles/masks/img_00742.npy,"(4, 512, 512)",0.0,1.0,0.5013383626937866,0.1694868952035904,5
/home/grva-mintcave/Projects/Facies/Dataset/facies/tiles/images/img_00743.npy,/home/grva-mintcave/Projects/Facies/Dataset/facies/tiles/masks/img_00743.npy,"(4, 512, 512)",0.0,1.0,0.5016583204269409,0.17839136719703674,5
/home/grva-mintcave/Projects/Facies/Dataset/facies/tiles/images/img_00744.npy,/home/grva-mintcave/Projects/Facies/Dataset/facies/tiles/masks/img_00744.npy,"(4, 512, 512)",0.0,1.0,0.5016447901725769,0.17825156450271606,5
/home/grva-mintcave/Projects/Facies/Dataset/facies/tiles/images/img_00745.npy,/home/grva-mintcave/Projects/Facies/Dataset/facies/tiles/masks/img_00745.npy,"(4, 512, 512)",0.0,1.0,0.5026164054870605,0.11382457613945007,5
/home/grva-mintcave/Projects/Facies/Dataset/facies/tiles/images/img_00746.npy,/home/grva-mintcave/Projects/Facies/Dataset/facies/tiles/masks/img_00746.npy,"(4, 512, 512)",0.0,1.0,0.502403974533081,0.13933460414409637,5
/home/grva-mintcave/Projects/Facies/Dataset/facies/tiles/images/img_00747.npy,/home/grva-mintcave/Projects/Facies/Dataset/facies/tiles/masks/img_00747.npy,"(4, 512, 512)",0.0,1.0,0.5018596649169922,0.1644665151834488,5
/home/grva-mintcave/Projects/Facies/Dataset/facies/tiles/images/img_00748.npy,/home/grva-mintcave/Projects/Facies/Dataset/facies/tiles/masks/img_00748.npy,"(4, 512, 512)",0.0,1.0,0.5020632743835449,0.18632426857948303,5
/home/grva-mintcave/Projects/Facies/Dataset/facies/tiles/images/img_00749.npy,/home/grva-mintcave/Projects/Facies/Dataset/facies/tiles/masks/img_00749.npy,"(4, 512, 512)",0.0,1.0,0.5020270347595215,0.18616750836372375,5
/home/grva-mintcave/Projects/Facies/Dataset/facies/tiles/images/img_00750.npy,/home/grva-mintcave/Projects/Facies/Dataset/facies/tiles/masks/img_00750.npy,"(4, 512, 512)",0.0,1.0,0.5022681951522827,0.10981789231300354,5
/home/grva-mintcave/Projects/Facies/Dataset/facies/tiles/images/img_00751.npy,/home/grva-mintcave/Projects/Facies/Dataset/facies/tiles/masks/img_00751.npy,"(4, 512, 512)",0.0,1.0,0.5026865601539612,0.1348922997713089,5
/home/grva-mintcave/Projects/Facies/Dataset/facies/tiles/images/img_00752.npy,/home/grva-mintcave/Projects/Facies/Dataset/facies/tiles/masks/img_00752.npy,"(4, 512, 512)",0.0,1.0,0.5015682578086853,0.1688559353351593,5
/home/grva-mintcave/Projects/Facies/Dataset/facies/tiles/images/img_00753.npy,/home/grva-mintcave/Projects/Facies/Dataset/facies/tiles/masks/img_00753.npy,"(4, 512, 512)",0.0,1.0,0.5011252164840698,0.1731058657169342,5
/home/grva-mintcave/Projects/Facies/Dataset/facies/tiles/images/img_00754.npy,/home/grva-mintcave/Projects/Facies/Dataset/facies/tiles/masks/img_00754.npy,"(4, 512, 512)",0.0,1.0,0.5011537075042725,0.17313146591186523,5
/home/grva-mintcave/Projects/Facies/Dataset/facies/tiles/images/img_00755.npy,/home/grva-mintcave/Projects/Facies/Dataset/facies/tiles/masks/img_00755.npy,"(4, 512, 512)",0.0,1.0,0.5024855732917786,0.11241276562213898,5
/home/grva-mintcave/Projects/Facies/Dataset/facies/tiles/images/img_00756.npy,/home/grva-mintcave/Projects/Facies/Dataset/facies/tiles/masks/img_00756.npy,"(4, 512, 512)",0.0,1.0,0.5024954676628113,0.13960397243499756,5
/home/grva-mintcave/Projects/Facies/Dataset/facies/tiles/images/img_00757.npy,/home/grva-mintcave/Projects/Facies/Dataset/facies/tiles/masks/img_00757.npy,"(4, 512, 512)",0.0,1.0,0.5016723871231079,0.16325126588344574,5
/home/grva-mintcave/Projects/Facies/Dataset/facies/tiles/images/img_00758.npy,/home/grva-mintcave/Projects/Facies/Dataset/facies/tiles/masks/img_00758.npy,"(4, 512, 512)",0.0,1.0,0.500991702079773,0.1799740344285965,5
/home/grva-mintcave/Projects/Facies/Dataset/facies/tiles/images/img_00759.npy,/home/grva-mintcave/Projects/Facies/Dataset/facies/tiles/masks/img_00759.npy,"(4, 512, 512)",0.0,1.0,0.5010238885879517,0.17998859286308289,5
/home/grva-mintcave/Projects/Facies/Dataset/facies/tiles/images/img_00760.npy,/home/grva-mintcave/Projects/Facies/Dataset/facies/tiles/masks/img_00760.npy,"(4, 512, 512)",0.0,1.0,0.5021936893463135,0.10690177232027054,5
/home/grva-mintcave/Projects/Facies/Dataset/facies/tiles/images/img_00761.npy,/home/grva-mintcave/Projects/Facies/Dataset/facies/tiles/masks/img_00761.npy,"(4, 512, 512)",0.0,1.0,0.5025079250335693,0.13182303309440613,5
/home/grva-mintcave/Projects/Facies/Dataset/facies/tiles/images/img_00762.npy,/home/grva-mintcave/Projects/Facies/Dataset/facies/tiles/masks/img_00762.npy,"(4, 512, 512)",0.0,1.0,0.5016845464706421,0.16082333028316498,5
/home/grva-mintcave/Projects/Facies/Dataset/facies/tiles/images/img_00763.npy,/home/grva-mintcave/Projects/Facies/Dataset/facies/tiles/masks/img_00763.npy,"(4, 512, 512)",0.0,1.0,0.5017919540405273,0.16890448331832886,5
/home/grva-mintcave/Projects/Facies/Dataset/facies/tiles/images/img_00764.npy,/home/grva-mintcave/Projects/Facies/Dataset/facies/tiles/masks/img_00764.npy,"(4, 512, 512)",0.0,1.0,0.5018102526664734,0.16887792944908142,5
/home/grva-mintcave/Projects/Facies/Dataset/facies/tiles/images/img_00765.npy,/home/grva-mintcave/Projects/Facies/Dataset/facies/tiles/masks/img_00765.npy,"(4, 512, 512)",0.0,1.0,0.50267094373703,0.10762778669595718,5
/home/grva-mintcave/Projects/Facies/Dataset/facies/tiles/images/img_00766.npy,/home/grva-mintcave/Projects/Facies/Dataset/facies/tiles/masks/img_00766.npy,"(4, 512, 512)",0.0,1.0,0.5024240612983704,0.13660912215709686,5
/home/grva-mintcave/Projects/Facies/Dataset/facies/tiles/images/img_00767.npy,/home/grva-mintcave/Projects/Facies/Dataset/facies/tiles/masks/img_00767.npy,"(4, 512, 512)",0.0,1.0,0.5018258094787598,0.15425460040569305,5
/home/grva-mintcave/Projects/Facies/Dataset/facies/tiles/images/img_00768.npy,/home/grva-mintcave/Projects/Facies/Dataset/facies/tiles/masks/img_00768.npy,"(4, 512, 512)",0.0,1.0,0.5012948513031006,0.1749337613582611,5
/home/grva-mintcave/Projects/Facies/Dataset/facies/tiles/images/img_00769.npy,/home/grva-mintcave/Projects/Facies/Dataset/facies/tiles/masks/img_00769.npy,"(4, 512, 512)",0.0,1.0,0.5013284683227539,0.17489659786224365,5
/home/grva-mintcave/Projects/Facies/Dataset/facies/tiles/images/img_00770.npy,/home/grva-mintcave/Projects/Facies/Dataset/facies/tiles/masks/img_00770.npy,"(4, 512, 512)",0.0,1.0,0.5022372603416443,0.11147614568471909,5
/home/grva-mintcave/Projects/Facies/Dataset/facies/tiles/images/img_00771.npy,/home/grva-mintcave/Projects/Facies/Dataset/facies/tiles/masks/img_00771.npy,"(4, 512, 512)",0.0,1.0,0.502362847328186,0.12756365537643433,5
/home/grva-mintcave/Projects/Facies/Dataset/facies/tiles/images/img_00772.npy,/home/grva-mintcave/Projects/Facies/Dataset/facies/tiles/masks/img_00772.npy,"(4, 512, 512)",0.0,1.0,0.501787543296814,0.15417253971099854,5
/home/grva-mintcave/Projects/Facies/Dataset/facies/tiles/images/img_00773.npy,/home/grva-mintcave/Projects/Facies/Dataset/facies/tiles/masks/img_00773.npy,"(4, 512, 512)",0.0,1.0,0.5026213526725769,0.16965411603450775,5
/home/grva-mintcave/Projects/Facies/Dataset/facies/tiles/images/img_00774.npy,/home/grva-mintcave/Projects/Facies/Dataset/facies/tiles/masks/img_00774.npy,"(4, 512, 512)",0.0,1.0,0.5026276707649231,0.1697925180196762,5
/home/grva-mintcave/Projects/Facies/Dataset/facies/tiles/images/img_00775.npy,/home/grva-mintcave/Projects/Facies/Dataset/facies/tiles/masks/img_00775.npy,"(4, 512, 512)",0.0,1.0,0.5018966794013977,0.11357910931110382,5
/home/grva-mintcave/Projects/Facies/Dataset/facies/tiles/images/img_00776.npy,/home/grva-mintcave/Projects/Facies/Dataset/facies/tiles/masks/img_00776.npy,"(4, 512, 512)",0.0,1.0,0.5022111535072327,0.13353461027145386,5
/home/grva-mintcave/Projects/Facies/Dataset/facies/tiles/images/img_00777.npy,/home/grva-mintcave/Projects/Facies/Dataset/facies/tiles/masks/img_00777.npy,"(4, 512, 512)",0.0,1.0,0.5018153786659241,0.14672787487506866,5
/home/grva-mintcave/Projects/Facies/Dataset/facies/tiles/images/img_00778.npy,/home/grva-mintcave/Projects/Facies/Dataset/facies/tiles/masks/img_00778.npy,"(4, 512, 512)",0.0,1.0,0.5015029907226562,0.17810788750648499,5
/home/grva-mintcave/Projects/Facies/Dataset/facies/tiles/images/img_00779.npy,/home/grva-mintcave/Projects/Facies/Dataset/facies/tiles/masks/img_00779.npy,"(4, 512, 512)",0.0,1.0,0.5014988780021667,0.17820823192596436,5
/home/grva-mintcave/Projects/Facies/Dataset/facies/tiles/images/img_00780.npy,/home/grva-mintcave/Projects/Facies/Dataset/facies/tiles/masks/img_00780.npy,"(4, 512, 512)",0.0,1.0,0.5027517080307007,0.1139192059636116,5
/home/grva-mintcave/Projects/Facies/Dataset/facies/tiles/images/img_00781.npy,/home/grva-mintcave/Projects/Facies/Dataset/facies/tiles/masks/img_00781.npy,"(4, 512, 512)",0.0,1.0,0.5024726986885071,0.12626372277736664,5
/home/grva-mintcave/Projects/Facies/Dataset/facies/tiles/images/img_00782.npy,/home/grva-mintcave/Projects/Facies/Dataset/facies/tiles/masks/img_00782.npy,"(4, 512, 512)",0.0,1.0,0.5018742680549622,0.1445641666650772,5
/home/grva-mintcave/Projects/Facies/Dataset/facies/tiles/images/img_00783.npy,/home/grva-mintcave/Projects/Facies/Dataset/facies/tiles/masks/img_00783.npy,"(4, 512, 512)",0.0,1.0,0.501957893371582,0.16808238625526428,5
/home/grva-mintcave/Projects/Facies/Dataset/facies/tiles/images/img_00784.npy,/home/grva-mintcave/Projects/Facies/Dataset/facies/tiles/masks/img_00784.npy,"(4, 512, 512)",0.0,1.0,0.5019983649253845,0.16837649047374725,5
/home/grva-mintcave/Projects/Facies/Dataset/facies/tiles/images/img_00785.npy,/home/grva-mintcave/Projects/Facies/Dataset/facies/tiles/masks/img_00785.npy,"(4, 512, 512)",0.0,1.0,0.5008440613746643,0.11688202619552612,5
/home/grva-mintcave/Projects/Facies/Dataset/facies/tiles/images/img_00786.npy,/home/grva-mintcave/Projects/Facies/Dataset/facies/tiles/masks/img_00786.npy,"(4, 512, 512)",0.0,1.0,0.5025528073310852,0.13285954296588898,5
/home/grva-mintcave/Projects/Facies/Dataset/facies/tiles/images/img_00787.npy,/home/grva-mintcave/Projects/Facies/Dataset/facies/tiles/masks/img_00787.npy,"(4, 512, 512)",0.0,1.0,0.501900851726532,0.1368049830198288,5
/home/grva-mintcave/Projects/Facies/Dataset/facies/tiles/images/img_00788.npy,/home/grva-mintcave/Projects/Facies/Dataset/facies/tiles/masks/img_00788.npy,"(4, 512, 512)",0.0,1.0,0.5021686553955078,0.17729328572750092,5
/home/grva-mintcave/Projects/Facies/Dataset/facies/tiles/images/img_00789.npy,/home/grva-mintcave/Projects/Facies/Dataset/facies/tiles/masks/img_00789.npy,"(4, 512, 512)",0.0,1.0,0.5021860599517822,0.17754362523555756,5
/home/grva-mintcave/Projects/Facies/Dataset/facies/tiles/images/img_00790.npy,/home/grva-mintcave/Projects/Facies/Dataset/facies/tiles/masks/img_00790.npy,"(4, 512, 512)",0.0,1.0,0.5030704736709595,0.11379287391901016,5
/home/grva-mintcave/Projects/Facies/Dataset/facies/tiles/images/img_00791.npy,/home/grva-mintcave/Projects/Facies/Dataset/facies/tiles/masks/img_00791.npy,"(4, 512, 512)",0.0,1.0,0.502554178237915,0.1218561977148056,5
/home/grva-mintcave/Projects/Facies/Dataset/facies/tiles/images/img_00792.npy,/home/grva-mintcave/Projects/Facies/Dataset/facies/tiles/masks/img_00792.npy,"(4, 512, 512)",0.0,1.0,0.5020771622657776,0.13737446069717407,5
/home/grva-mintcave/Projects/Facies/Dataset/facies/tiles/images/img_00793.npy,/home/grva-mintcave/Projects/Facies/Dataset/facies/tiles/masks/img_00793.npy,"(4, 512, 512)",0.0,1.0,0.5023596882820129,0.1655089259147644,5
/home/grva-mintcave/Projects/Facies/Dataset/facies/tiles/images/img_00794.npy,/home/grva-mintcave/Projects/Facies/Dataset/facies/tiles/masks/img_00794.npy,"(4, 512, 512)",0.0,1.0,0.5023922920227051,0.16574549674987793,5
/home/grva-mintcave/Projects/Facies/Dataset/facies/tiles/images/img_00795.npy,/home/grva-mintcave/Projects/Facies/Dataset/facies/tiles/masks/img_00795.npy,"(4, 512, 512)",0.0,1.0,0.500542938709259,0.11673393845558167,5
/home/grva-mintcave/Projects/Facies/Dataset/facies/tiles/images/img_00796.npy,/home/grva-mintcave/Projects/Facies/Dataset/facies/tiles/masks/img_00796.npy,"(4, 512, 512)",0.0,1.0,0.5027520656585693,0.12889263033866882,5
/home/grva-mintcave/Projects/Facies/Dataset/facies/tiles/images/img_00797.npy,/home/grva-mintcave/Projects/Facies/Dataset/facies/tiles/masks/img_00797.npy,"(4, 512, 512)",0.0,1.0,0.5019818544387817,0.1285150945186615,5
/home/grva-mintcave/Projects/Facies/Dataset/facies/tiles/images/img_00798.npy,/home/grva-mintcave/Projects/Facies/Dataset/facies/tiles/masks/img_00798.npy,"(4, 512, 512)",0.0,1.0,0.5032603740692139,0.1753479540348053,5
/home/grva-mintcave/Projects/Facies/Dataset/facies/tiles/images/img_00799.npy,/home/grva-mintcave/Projects/Facies/Dataset/facies/tiles/masks/img_00799.npy,"(4, 512, 512)",0.0,1.0,0.50327068567276,0.17556095123291016,5
/home/grva-mintcave/Projects/Facies/Dataset/facies/tiles/images/img_00800.npy,/home/grva-mintcave/Projects/Facies/Dataset/facies/tiles/masks/img_00800.npy,"(4, 512, 512)",0.0,1.0,0.5032222867012024,0.11908882856369019,5
/home/grva-mintcave/Projects/Facies/Dataset/facies/tiles/images/img_00801.npy,/home/grva-mintcave/Projects/Facies/Dataset/facies/tiles/masks/img_00801.npy,"(4, 512, 512)",0.0,1.0,0.5027276277542114,0.12280680984258652,5
/home/grva-mintcave/Projects/Facies/Dataset/facies/tiles/images/img_00802.npy,/home/grva-mintcave/Projects/Facies/Dataset/facies/tiles/masks/img_00802.npy,"(4, 512, 512)",0.0,1.0,0.5019487738609314,0.1232629045844078,5
/home/grva-mintcave/Projects/Facies/Dataset/facies/tiles/images/img_00803.npy,/home/grva-mintcave/Projects/Facies/Dataset/facies/tiles/masks/img_00803.npy,"(4, 512, 512)",0.0,1.0,0.5023533701896667,0.16540223360061646,5
/home/grva-mintcave/Projects/Facies/Dataset/facies/tiles/images/img_00804.npy,/home/grva-mintcave/Projects/Facies/Dataset/facies/tiles/masks/img_00804.npy,"(4, 512, 512)",0.0,1.0,0.5023913383483887,0.16571888327598572,5
/home/grva-mintcave/Projects/Facies/Dataset/facies/tiles/images/img_00805.npy,/home/grva-mintcave/Projects/Facies/Dataset/facies/tiles/masks/img_00805.npy,"(4, 512, 512)",0.0,1.0,0.5003471970558167,0.12210336327552795,5
/home/grva-mintcave/Projects/Facies/Dataset/facies/tiles/images/img_00806.npy,/home/grva-mintcave/Projects/Facies/Dataset/facies/tiles/masks/img_00806.npy,"(4, 512, 512)",0.0,1.0,0.502676784992218,0.1284710019826889,5
/home/grva-mintcave/Projects/Facies/Dataset/facies/tiles/images/img_00807.npy,/home/grva-mintcave/Projects/Facies/Dataset/facies/tiles/masks/img_00807.npy,"(4, 512, 512)",0.0,1.0,0.5020858645439148,0.11397694796323776,5
/home/grva-mintcave/Projects/Facies/Dataset/facies/tiles/images/img_00808.npy,/home/grva-mintcave/Projects/Facies/Dataset/facies/tiles/masks/img_00808.npy,"(4, 512, 512)",0.0,1.0,0.5034022927284241,0.17425061762332916,5
/home/grva-mintcave/Projects/Facies/Dataset/facies/tiles/images/img_00809.npy,/home/grva-mintcave/Projects/Facies/Dataset/facies/tiles/masks/img_00809.npy,"(4, 512, 512)",0.0,1.0,0.5034633278846741,0.17460542917251587,5
/home/grva-mintcave/Projects/Facies/Dataset/facies/tiles/images/img_00810.npy,/home/grva-mintcave/Projects/Facies/Dataset/facies/tiles/masks/img_00810.npy,"(4, 512, 512)",0.0,1.0,0.5037721991539001,0.12055593729019165,5
/home/grva-mintcave/Projects/Facies/Dataset/facies/tiles/images/img_00811.npy,/home/grva-mintcave/Projects/Facies/Dataset/facies/tiles/masks/img_00811.npy,"(4, 512, 512)",0.0,1.0,0.5024711489677429,0.12729232013225555,5
/home/grva-mintcave/Projects/Facies/Dataset/facies/tiles/images/img_00812.npy,/home/grva-mintcave/Projects/Facies/Dataset/facies/tiles/masks/img_00812.npy,"(4, 512, 512)",0.0,1.0,0.5017604827880859,0.11437152326107025,5
/home/grva-mintcave/Projects/Facies/Dataset/facies/tiles/images/img_00813.npy,/home/grva-mintcave/Projects/Facies/Dataset/facies/tiles/masks/img_00813.npy,"(4, 512, 512)",0.0,1.0,0.5020063519477844,0.16086289286613464,5
/home/grva-mintcave/Projects/Facies/Dataset/facies/tiles/images/img_00814.npy,/home/grva-mintcave/Projects/Facies/Dataset/facies/tiles/masks/img_00814.npy,"(4, 512, 512)",0.0,1.0,0.5020787715911865,0.16133132576942444,5
/home/grva-mintcave/Projects/Facies/Dataset/facies/tiles/images/img_00815.npy,/home/grva-mintcave/Projects/Facies/Dataset/facies/tiles/masks/img_00815.npy,"(4, 512, 512)",0.0,1.0,0.5004559755325317,0.12579619884490967,5
/home/grva-mintcave/Projects/Facies/Dataset/facies/tiles/images/img_00816.npy,/home/grva-mintcave/Projects/Facies/Dataset/facies/tiles/masks/img_00816.npy,"(4, 512, 512)",0.0,1.0,0.5026301145553589,0.13208024203777313,5
/home/grva-mintcave/Projects/Facies/Dataset/facies/tiles/images/img_00817.npy,/home/grva-mintcave/Projects/Facies/Dataset/facies/tiles/masks/img_00817.npy,"(4, 512, 512)",0.0,1.0,0.5024096369743347,0.10517816245555878,5
/home/grva-mintcave/Projects/Facies/Dataset/facies/tiles/images/img_00818.npy,/home/grva-mintcave/Projects/Facies/Dataset/facies/tiles/masks/img_00818.npy,"(4, 512, 512)",0.0,1.0,0.5026286244392395,0.17069441080093384,5
/home/grva-mintcave/Projects/Facies/Dataset/facies/tiles/images/img_00819.npy,/home/grva-mintcave/Projects/Facies/Dataset/facies/tiles/masks/img_00819.npy,"(4, 512, 512)",0.0,1.0,0.5026829242706299,0.17120464146137238,5
/home/grva-mintcave/Projects/Facies/Dataset/facies/tiles/images/img_00820.npy,/home/grva-mintcave/Projects/Facies/Dataset/facies/tiles/masks/img_00820.npy,"(4, 512, 512)",0.0,1.0,0.5038652420043945,0.11669203639030457,5
/home/grva-mintcave/Projects/Facies/Dataset/facies/tiles/images/img_00821.npy,/home/grva-mintcave/Projects/Facies/Dataset/facies/tiles/masks/img_00821.npy,"(4, 512, 512)",0.0,1.0,0.5025144219398499,0.1331358402967453,5
/home/grva-mintcave/Projects/Facies/Dataset/facies/tiles/images/img_00822.npy,/home/grva-mintcave/Projects/Facies/Dataset/facies/tiles/masks/img_00822.npy,"(4, 512, 512)",0.0,1.0,0.5015263557434082,0.11648274213075638,5
/home/grva-mintcave/Projects/Facies/Dataset/facies/tiles/images/img_00823.npy,/home/grva-mintcave/Projects/Facies/Dataset/facies/tiles/masks/img_00823.npy,"(4, 512, 512)",0.0,1.0,0.5022647976875305,0.1649409383535385,5
/home/grva-mintcave/Projects/Facies/Dataset/facies/tiles/images/img_00824.npy,/home/grva-mintcave/Projects/Facies/Dataset/facies/tiles/masks/img_00824.npy,"(4, 512, 512)",0.0,1.0,0.5022648572921753,0.1654149740934372,5
/home/grva-mintcave/Projects/Facies/Dataset/facies/tiles/images/img_00825.npy,/home/grva-mintcave/Projects/Facies/Dataset/facies/tiles/masks/img_00825.npy,"(4, 512, 512)",0.0,1.0,0.5011358857154846,0.1215662732720375,5
/home/grva-mintcave/Projects/Facies/Dataset/facies/tiles/images/img_00826.npy,/home/grva-mintcave/Projects/Facies/Dataset/facies/tiles/masks/img_00826.npy,"(4, 512, 512)",0.0,1.0,0.5027986168861389,0.13693566620349884,5
/home/grva-mintcave/Projects/Facies/Dataset/facies/tiles/images/img_00827.npy,/home/grva-mintcave/Projects/Facies/Dataset/facies/tiles/masks/img_00827.npy,"(4, 512, 512)",0.0,1.0,0.5024533867835999,0.10824762284755707,5
/home/grva-mintcave/Projects/Facies/Dataset/facies/tiles/images/img_00828.npy,/home/grva-mintcave/Projects/Facies/Dataset/facies/tiles/masks/img_00828.npy,"(4, 512, 512)",0.0,1.0,0.5021719932556152,0.1775081902742386,5
/home/grva-mintcave/Projects/Facies/Dataset/facies/tiles/images/img_00829.npy,/home/grva-mintcave/Projects/Facies/Dataset/facies/tiles/masks/img_00829.npy,"(4, 512, 512)",0.0,1.0,0.5022466778755188,0.17829899489879608,5
/home/grva-mintcave/Projects/Facies/Dataset/facies/tiles/images/img_00830.npy,/home/grva-mintcave/Projects/Facies/Dataset/facies/tiles/masks/img_00830.npy,"(4, 512, 512)",0.0,1.0,0.5036678314208984,0.11718113720417023,5
/home/grva-mintcave/Projects/Facies/Dataset/facies/tiles/images/img_00831.npy,/home/grva-mintcave/Projects/Facies/Dataset/facies/tiles/masks/img_00831.npy,"(4, 512, 512)",0.0,1.0,0.5024937391281128,0.13698841631412506,5
/home/grva-mintcave/Projects/Facies/Dataset/facies/tiles/images/img_00832.npy,/home/grva-mintcave/Projects/Facies/Dataset/facies/tiles/masks/img_00832.npy,"(4, 512, 512)",0.0,1.0,0.5017823576927185,0.1174861267209053,5
/home/grva-mintcave/Projects/Facies/Dataset/facies/tiles/images/img_00833.npy,/home/grva-mintcave/Projects/Facies/Dataset/facies/tiles/masks/img_00833.npy,"(4, 512, 512)",0.0,1.0,0.5031455159187317,0.17498251795768738,5
/home/grva-mintcave/Projects/Facies/Dataset/facies/tiles/images/img_00834.npy,/home/grva-mintcave/Projects/Facies/Dataset/facies/tiles/masks/img_00834.npy,"(4, 512, 512)",0.0,1.0,0.5031576752662659,0.17544440925121307,5
/home/grva-mintcave/Projects/Facies/Dataset/facies/tiles/images/img_00835.npy,/home/grva-mintcave/Projects/Facies/Dataset/facies/tiles/masks/img_00835.npy,"(4, 512, 512)",0.0,1.0,0.5020350217819214,0.12138023972511292,5
/home/grva-mintcave/Projects/Facies/Dataset/facies/tiles/images/img_00836.npy,/home/grva-mintcave/Projects/Facies/Dataset/facies/tiles/masks/img_00836.npy,"(4, 512, 512)",0.0,1.0,0.5027803182601929,0.1396094262599945,5
/home/grva-mintcave/Projects/Facies/Dataset/facies/tiles/images/img_00837.npy,/home/grva-mintcave/Projects/Facies/Dataset/facies/tiles/masks/img_00837.npy,"(4, 512, 512)",0.0,1.0,0.5025701522827148,0.1103052943944931,5
/home/grva-mintcave/Projects/Facies/Dataset/facies/tiles/images/img_00838.npy,/home/grva-mintcave/Projects/Facies/Dataset/facies/tiles/masks/img_00838.npy,"(4, 512, 512)",0.0,1.0,0.5027109980583191,0.1851736456155777,5
/home/grva-mintcave/Projects/Facies/Dataset/facies/tiles/images/img_00839.npy,/home/grva-mintcave/Projects/Facies/Dataset/facies/tiles/masks/img_00839.npy,"(4, 512, 512)",0.0,1.0,0.5027697086334229,0.1858569085597992,5
/home/grva-mintcave/Projects/Facies/Dataset/facies/tiles/images/img_00840.npy,/home/grva-mintcave/Projects/Facies/Dataset/facies/tiles/masks/img_00840.npy,"(4, 512, 512)",0.0,1.0,0.5034661889076233,0.11544962972402573,5
/home/grva-mintcave/Projects/Facies/Dataset/facies/tiles/images/img_00841.npy,/home/grva-mintcave/Projects/Facies/Dataset/facies/tiles/masks/img_00841.npy,"(4, 512, 512)",0.0,1.0,0.5026253461837769,0.13617409765720367,5
/home/grva-mintcave/Projects/Facies/Dataset/facies/tiles/images/img_00842.npy,/home/grva-mintcave/Projects/Facies/Dataset/facies/tiles/masks/img_00842.npy,"(4, 512, 512)",0.0,1.0,0.5024669170379639,0.11965415626764297,5
/home/grva-mintcave/Projects/Facies/Dataset/facies/tiles/images/img_00843.npy,/home/grva-mintcave/Projects/Facies/Dataset/facies/tiles/masks/img_00843.npy,"(4, 512, 512)",0.0,1.0,0.5026143193244934,0.17118333280086517,5
/home/grva-mintcave/Projects/Facies/Dataset/facies/tiles/images/img_00844.npy,/home/grva-mintcave/Projects/Facies/Dataset/facies/tiles/masks/img_00844.npy,"(4, 512, 512)",0.0,1.0,0.5026227831840515,0.17178690433502197,5
/home/grva-mintcave/Projects/Facies/Dataset/facies/tiles/images/img_00845.npy,/home/grva-mintcave/Projects/Facies/Dataset/facies/tiles/masks/img_00845.npy,"(4, 512, 512)",0.0,1.0,0.502631664276123,0.11997190117835999,5
/home/grva-mintcave/Projects/Facies/Dataset/facies/tiles/images/img_00846.npy,/home/grva-mintcave/Projects/Facies/Dataset/facies/tiles/masks/img_00846.npy,"(4, 512, 512)",0.0,1.0,0.5027702450752258,0.13891436159610748,5
/home/grva-mintcave/Projects/Facies/Dataset/facies/tiles/images/img_00847.npy,/home/grva-mintcave/Projects/Facies/Dataset/facies/tiles/masks/img_00847.npy,"(4, 512, 512)",0.0,1.0,0.5028097629547119,0.11268455535173416,5
/home/grva-mintcave/Projects/Facies/Dataset/facies/tiles/images/img_00848.npy,/home/grva-mintcave/Projects/Facies/Dataset/facies/tiles/masks/img_00848.npy,"(4, 512, 512)",0.0,1.0,0.5037543773651123,0.18079696595668793,5
/home/grva-mintcave/Projects/Facies/Dataset/facies/tiles/images/img_00849.npy,/home/grva-mintcave/Projects/Facies/Dataset/facies/tiles/masks/img_00849.npy,"(4, 512, 512)",0.0,1.0,0.5037868618965149,0.1817522495985031,5
/home/grva-mintcave/Projects/Facies/Dataset/facies/tiles/images/img_00850.npy,/home/grva-mintcave/Projects/Facies/Dataset/facies/tiles/masks/img_00850.npy,"(4, 512, 512)",0.0,1.0,0.5029464364051819,0.11146403104066849,5
/home/grva-mintcave/Projects/Facies/Dataset/facies/tiles/images/img_00851.npy,/home/grva-mintcave/Projects/Facies/Dataset/facies/tiles/masks/img_00851.npy,"(4, 512, 512)",0.0,1.0,0.5024210810661316,0.13789114356040955,5
/home/grva-mintcave/Projects/Facies/Dataset/facies/tiles/images/img_00852.npy,/home/grva-mintcave/Projects/Facies/Dataset/facies/tiles/masks/img_00852.npy,"(4, 512, 512)",0.0,1.0,0.5025997161865234,0.1143447756767273,5
/home/grva-mintcave/Projects/Facies/Dataset/facies/tiles/images/img_00853.npy,/home/grva-mintcave/Projects/Facies/Dataset/facies/tiles/masks/img_00853.npy,"(4, 512, 512)",0.0,1.0,0.5026198625564575,0.16724362969398499,5
/home/grva-mintcave/Projects/Facies/Dataset/facies/tiles/images/img_00854.npy,/home/grva-mintcave/Projects/Facies/Dataset/facies/tiles/masks/img_00854.npy,"(4, 512, 512)",0.0,1.0,0.5026645660400391,0.16785751283168793,5
/home/grva-mintcave/Projects/Facies/Dataset/facies/tiles/images/img_00855.npy,/home/grva-mintcave/Projects/Facies/Dataset/facies/tiles/masks/img_00855.npy,"(4, 512, 512)",0.0,1.0,0.502713143825531,0.11519922316074371,5
/home/grva-mintcave/Projects/Facies/Dataset/facies/tiles/images/img_00856.npy,/home/grva-mintcave/Projects/Facies/Dataset/facies/tiles/masks/img_00856.npy,"(4, 512, 512)",0.0,1.0,0.5026071667671204,0.14080971479415894,5
/home/grva-mintcave/Projects/Facies/Dataset/facies/tiles/images/img_00857.npy,/home/grva-mintcave/Projects/Facies/Dataset/facies/tiles/masks/img_00857.npy,"(4, 512, 512)",0.0,1.0,0.5025665163993835,0.10630810260772705,5
/home/grva-mintcave/Projects/Facies/Dataset/facies/tiles/images/img_00858.npy,/home/grva-mintcave/Projects/Facies/Dataset/facies/tiles/masks/img_00858.npy,"(4, 512, 512)",0.0,1.0,0.5040183067321777,0.1772366166114807,5
/home/grva-mintcave/Projects/Facies/Dataset/facies/tiles/images/img_00859.npy,/home/grva-mintcave/Projects/Facies/Dataset/facies/tiles/masks/img_00859.npy,"(4, 512, 512)",0.0,1.0,0.5040706992149353,0.1782436966896057,5
/home/grva-mintcave/Projects/Facies/Dataset/facies/tiles/images/img_00860.npy,/home/grva-mintcave/Projects/Facies/Dataset/facies/tiles/masks/img_00860.npy,"(4, 512, 512)",0.0,1.0,0.5027107000350952,0.10687946528196335,5
/home/grva-mintcave/Projects/Facies/Dataset/facies/tiles/images/img_00861.npy,/home/grva-mintcave/Projects/Facies/Dataset/facies/tiles/masks/img_00861.npy,"(4, 512, 512)",0.0,1.0,0.5023285150527954,0.1388322412967682,5
/home/grva-mintcave/Projects/Facies/Dataset/facies/tiles/images/img_00862.npy,/home/grva-mintcave/Projects/Facies/Dataset/facies/tiles/masks/img_00862.npy,"(4, 512, 512)",0.0,1.0,0.5024852752685547,0.11856264621019363,5
/home/grva-mintcave/Projects/Facies/Dataset/facies/tiles/images/img_00863.npy,/home/grva-mintcave/Projects/Facies/Dataset/facies/tiles/masks/img_00863.npy,"(4, 512, 512)",0.0,1.0,0.5020734071731567,0.15593311190605164,5
/home/grva-mintcave/Projects/Facies/Dataset/facies/tiles/images/img_00864.npy,/home/grva-mintcave/Projects/Facies/Dataset/facies/tiles/masks/img_00864.npy,"(4, 512, 512)",0.0,1.0,0.5021031498908997,0.156638503074646,5
/home/grva-mintcave/Projects/Facies/Dataset/facies/tiles/images/img_00865.npy,/home/grva-mintcave/Projects/Facies/Dataset/facies/tiles/masks/img_00865.npy,"(4, 512, 512)",0.0,1.0,0.5034240484237671,0.11097253859043121,5
/home/grva-mintcave/Projects/Facies/Dataset/facies/tiles/images/img_00866.npy,/home/grva-mintcave/Projects/Facies/Dataset/facies/tiles/masks/img_00866.npy,"(4, 512, 512)",0.0,1.0,0.5027047991752625,0.14185792207717896,5
/home/grva-mintcave/Projects/Facies/Dataset/facies/tiles/images/img_00867.npy,/home/grva-mintcave/Projects/Facies/Dataset/facies/tiles/masks/img_00867.npy,"(4, 512, 512)",0.0,1.0,0.502735435962677,0.1104123666882515,5
/home/grva-mintcave/Projects/Facies/Dataset/facies/tiles/images/img_00868.npy,/home/grva-mintcave/Projects/Facies/Dataset/facies/tiles/masks/img_00868.npy,"(4, 512, 512)",0.0,1.0,0.501613974571228,0.16611593961715698,5
/home/grva-mintcave/Projects/Facies/Dataset/facies/tiles/images/img_00869.npy,/home/grva-mintcave/Projects/Facies/Dataset/facies/tiles/masks/img_00869.npy,"(4, 512, 512)",0.0,1.0,0.5016085505485535,0.1671702116727829,5
/home/grva-mintcave/Projects/Facies/Dataset/facies/tiles/images/img_00870.npy,/home/grva-mintcave/Projects/Facies/Dataset/facies/tiles/masks/img_00870.npy,"(4, 512, 512)",0.0,1.0,0.5026689171791077,0.10519852489233017,5
/home/grva-mintcave/Projects/Facies/Dataset/facies/tiles/images/img_00871.npy,/home/grva-mintcave/Projects/Facies/Dataset/facies/tiles/masks/img_00871.npy,"(4, 512, 512)",0.0,1.0,0.5019474625587463,0.13956333696842194,5
/home/grva-mintcave/Projects/Facies/Dataset/facies/tiles/images/img_00872.npy,/home/grva-mintcave/Projects/Facies/Dataset/facies/tiles/masks/img_00872.npy,"(4, 512, 512)",0.0,1.0,0.5025203824043274,0.11727084219455719,5
/home/grva-mintcave/Projects/Facies/Dataset/facies/tiles/images/img_00873.npy,/home/grva-mintcave/Projects/Facies/Dataset/facies/tiles/masks/img_00873.npy,"(4, 512, 512)",0.0,1.0,0.5025938749313354,0.1547587364912033,5
/home/grva-mintcave/Projects/Facies/Dataset/facies/tiles/images/img_00874.npy,/home/grva-mintcave/Projects/Facies/Dataset/facies/tiles/masks/img_00874.npy,"(4, 512, 512)",0.0,1.0,0.5026045441627502,0.15502607822418213,5
/home/grva-mintcave/Projects/Facies/Dataset/facies/tiles/images/img_00875.npy,/home/grva-mintcave/Projects/Facies/Dataset/facies/tiles/masks/img_00875.npy,"(4, 512, 512)",0.0,1.0,0.5036569237709045,0.10756710916757584,5
/home/grva-mintcave/Projects/Facies/Dataset/facies/tiles/images/img_00876.npy,/home/grva-mintcave/Projects/Facies/Dataset/facies/tiles/masks/img_00876.npy,"(4, 512, 512)",0.0,1.0,0.5027507543563843,0.14254078269004822,5
/home/grva-mintcave/Projects/Facies/Dataset/facies/tiles/images/img_00877.npy,/home/grva-mintcave/Projects/Facies/Dataset/facies/tiles/masks/img_00877.npy,"(4, 512, 512)",0.0,1.0,0.5023983120918274,0.1094239354133606,5
/home/grva-mintcave/Projects/Facies/Dataset/facies/tiles/images/img_00878.npy,/home/grva-mintcave/Projects/Facies/Dataset/facies/tiles/masks/img_00878.npy,"(4, 512, 512)",0.0,1.0,0.501030445098877,0.1641426831483841,5
/home/grva-mintcave/Projects/Facies/Dataset/facies/tiles/images/img_00879.npy,/home/grva-mintcave/Projects/Facies/Dataset/facies/tiles/masks/img_00879.npy,"(4, 512, 512)",0.0,1.0,0.5009829998016357,0.16460607945919037,5
/home/grva-mintcave/Projects/Facies/Dataset/facies/tiles/images/img_00880.npy,/home/grva-mintcave/Projects/Facies/Dataset/facies/tiles/masks/img_00880.npy,"(4, 512, 512)",0.0,1.0,0.5023401975631714,0.1066373884677887,5
/home/grva-mintcave/Projects/Facies/Dataset/facies/tiles/images/img_00881.npy,/home/grva-mintcave/Projects/Facies/Dataset/facies/tiles/masks/img_00881.npy,"(4, 512, 512)",0.0,1.0,0.5016145706176758,0.13535267114639282,5
/home/grva-mintcave/Projects/Facies/Dataset/facies/tiles/images/img_00882.npy,/home/grva-mintcave/Projects/Facies/Dataset/facies/tiles/masks/img_00882.npy,"(4, 512, 512)",0.0,1.0,0.5029323697090149,0.10867168754339218,5
/home/grva-mintcave/Projects/Facies/Dataset/facies/tiles/images/img_00883.npy,/home/grva-mintcave/Projects/Facies/Dataset/facies/tiles/masks/img_00883.npy,"(4, 512, 512)",0.0,1.0,0.5032431483268738,0.15441077947616577,5
/home/grva-mintcave/Projects/Facies/Dataset/facies/tiles/images/img_00884.npy,/home/grva-mintcave/Projects/Facies/Dataset/facies/tiles/masks/img_00884.npy,"(4, 512, 512)",0.0,1.0,0.5032635927200317,0.1548629254102707,5
/home/grva-mintcave/Projects/Facies/Dataset/facies/tiles/images/img_00885.npy,/home/grva-mintcave/Projects/Facies/Dataset/facies/tiles/masks/img_00885.npy,"(4, 512, 512)",0.0,1.0,0.5036409497261047,0.10987832397222519,5
/home/grva-mintcave/Projects/Facies/Dataset/facies/tiles/images/img_00886.npy,/home/grva-mintcave/Projects/Facies/Dataset/facies/tiles/masks/img_00886.npy,"(4, 512, 512)",0.0,1.0,0.5024328827857971,0.1392448991537094,5
/home/grva-mintcave/Projects/Facies/Dataset/facies/tiles/images/img_00887.npy,/home/grva-mintcave/Projects/Facies/Dataset/facies/tiles/masks/img_00887.npy,"(4, 512, 512)",0.0,1.0,0.5024424195289612,0.10094323754310608,5
/home/grva-mintcave/Projects/Facies/Dataset/facies/tiles/images/img_00888.npy,/home/grva-mintcave/Projects/Facies/Dataset/facies/tiles/masks/img_00888.npy,"(4, 512, 512)",0.0,1.0,0.5026705265045166,0.16493816673755646,5
/home/grva-mintcave/Projects/Facies/Dataset/facies/tiles/images/img_00889.npy,/home/grva-mintcave/Projects/Facies/Dataset/facies/tiles/masks/img_00889.npy,"(4, 512, 512)",0.0,1.0,0.5026200413703918,0.1653427630662918,5
/home/grva-mintcave/Projects/Facies/Dataset/facies/tiles/images/img_00890.npy,/home/grva-mintcave/Projects/Facies/Dataset/facies/tiles/masks/img_00890.npy,"(4, 512, 512)",0.0,1.0,0.5020657777786255,0.10893367230892181,5
/home/grva-mintcave/Projects/Facies/Dataset/facies/tiles/images/img_00891.npy,/home/grva-mintcave/Projects/Facies/Dataset/facies/tiles/masks/img_00891.npy,"(4, 512, 512)",0.0,1.0,0.5017270445823669,0.13389845192432404,5
/home/grva-mintcave/Projects/Facies/Dataset/facies/tiles/images/img_00892.npy,/home/grva-mintcave/Projects/Facies/Dataset/facies/tiles/masks/img_00892.npy,"(4, 512, 512)",0.0,1.0,0.5027633905410767,0.1026296317577362,5
/home/grva-mintcave/Projects/Facies/Dataset/facies/tiles/images/img_00893.npy,/home/grva-mintcave/Projects/Facies/Dataset/facies/tiles/masks/img_00893.npy,"(4, 512, 512)",0.0,1.0,0.5035231113433838,0.15929144620895386,5
/home/grva-mintcave/Projects/Facies/Dataset/facies/tiles/images/img_00894.npy,/home/grva-mintcave/Projects/Facies/Dataset/facies/tiles/masks/img_00894.npy,"(4, 512, 512)",0.0,1.0,0.5035542249679565,0.1597101092338562,5
/home/grva-mintcave/Projects/Facies/Dataset/facies/tiles/images/img_00895.npy,/home/grva-mintcave/Projects/Facies/Dataset/facies/tiles/masks/img_00895.npy,"(4, 512, 512)",0.0,1.0,0.5036065578460693,0.1147690862417221,5
/home/grva-mintcave/Projects/Facies/Dataset/facies/tiles/images/img_00896.npy,/home/grva-mintcave/Projects/Facies/Dataset/facies/tiles/masks/img_00896.npy,"(4, 512, 512)",0.0,1.0,0.502334475517273,0.13717326521873474,5
/home/grva-mintcave/Projects/Facies/Dataset/facies/tiles/images/img_00897.npy,/home/grva-mintcave/Projects/Facies/Dataset/facies/tiles/masks/img_00897.npy,"(4, 512, 512)",0.0,1.0,0.502534806728363,0.09613889455795288,5
/home/grva-mintcave/Projects/Facies/Dataset/facies/tiles/images/img_00898.npy,/home/grva-mintcave/Projects/Facies/Dataset/facies/tiles/masks/img_00898.npy,"(4, 512, 512)",0.0,1.0,0.5028598308563232,0.16925933957099915,5
/home/grva-mintcave/Projects/Facies/Dataset/facies/tiles/images/img_00899.npy,/home/grva-mintcave/Projects/Facies/Dataset/facies/tiles/masks/img_00899.npy,"(4, 512, 512)",0.0,1.0,0.5028379559516907,0.16976261138916016,5
/home/grva-mintcave/Projects/Facies/Dataset/facies/tiles/images/img_00900.npy,/home/grva-mintcave/Projects/Facies/Dataset/facies/tiles/masks/img_00900.npy,"(4, 512, 512)",0.0,1.0,0.5016934275627136,0.1088685691356659,5
/home/grva-mintcave/Projects/Facies/Dataset/facies/tiles/images/img_00901.npy,/home/grva-mintcave/Projects/Facies/Dataset/facies/tiles/masks/img_00901.npy,"(4, 512, 512)",0.0,1.0,0.5022607445716858,0.13768470287322998,5
/home/grva-mintcave/Projects/Facies/Dataset/facies/tiles/images/img_00902.npy,/home/grva-mintcave/Projects/Facies/Dataset/facies/tiles/masks/img_00902.npy,"(4, 512, 512)",0.0,1.0,0.5027215480804443,0.10568016022443771,5
/home/grva-mintcave/Projects/Facies/Dataset/facies/tiles/images/img_00903.npy,/home/grva-mintcave/Projects/Facies/Dataset/facies/tiles/masks/img_00903.npy,"(4, 512, 512)",0.0,1.0,0.5038192868232727,0.15773628652095795,5
/home/grva-mintcave/Projects/Facies/Dataset/facies/tiles/images/img_00904.npy,/home/grva-mintcave/Projects/Facies/Dataset/facies/tiles/masks/img_00904.npy,"(4, 512, 512)",0.0,1.0,0.5038521885871887,0.158199742436409,5
/home/grva-mintcave/Projects/Facies/Dataset/facies/tiles/images/img_00905.npy,/home/grva-mintcave/Projects/Facies/Dataset/facies/tiles/masks/img_00905.npy,"(4, 512, 512)",0.0,1.0,0.503751814365387,0.11426950991153717,5
/home/grva-mintcave/Projects/Facies/Dataset/facies/tiles/images/img_00906.npy,/home/grva-mintcave/Projects/Facies/Dataset/facies/tiles/masks/img_00906.npy,"(4, 512, 512)",0.0,1.0,0.5022127628326416,0.13916359841823578,5
/home/grva-mintcave/Projects/Facies/Dataset/facies/tiles/images/img_00907.npy,/home/grva-mintcave/Projects/Facies/Dataset/facies/tiles/masks/img_00907.npy,"(4, 512, 512)",0.0,1.0,0.5026988387107849,0.1004871353507042,5
/home/grva-mintcave/Projects/Facies/Dataset/facies/tiles/images/img_00908.npy,/home/grva-mintcave/Projects/Facies/Dataset/facies/tiles/masks/img_00908.npy,"(4, 512, 512)",0.0,1.0,0.502025842666626,0.16672383248806,5
/home/grva-mintcave/Projects/Facies/Dataset/facies/tiles/images/img_00909.npy,/home/grva-mintcave/Projects/Facies/Dataset/facies/tiles/masks/img_00909.npy,"(4, 512, 512)",0.0,1.0,0.502017080783844,0.16744829714298248,5
/home/grva-mintcave/Projects/Facies/Dataset/facies/tiles/images/img_00910.npy,/home/grva-mintcave/Projects/Facies/Dataset/facies/tiles/masks/img_00910.npy,"(4, 512, 512)",0.0,1.0,0.5018021464347839,0.10849180072546005,5
/home/grva-mintcave/Projects/Facies/Dataset/facies/tiles/images/img_00911.npy,/home/grva-mintcave/Projects/Facies/Dataset/facies/tiles/masks/img_00911.npy,"(4, 512, 512)",0.0,1.0,0.5027652978897095,0.11287429183721542,5
/home/grva-mintcave/Projects/Facies/Dataset/facies/tiles/images/img_00912.npy,/home/grva-mintcave/Projects/Facies/Dataset/facies/tiles/masks/img_00912.npy,"(4, 512, 512)",0.0,1.0,0.5027982592582703,0.10550925135612488,5
/home/grva-mintcave/Projects/Facies/Dataset/facies/tiles/images/img_00913.npy,/home/grva-mintcave/Projects/Facies/Dataset/facies/tiles/masks/img_00913.npy,"(4, 512, 512)",0.0,1.0,0.5038953423500061,0.15822111070156097,5
/home/grva-mintcave/Projects/Facies/Dataset/facies/tiles/images/img_00914.npy,/home/grva-mintcave/Projects/Facies/Dataset/facies/tiles/masks/img_00914.npy,"(4, 512, 512)",0.0,1.0,0.5039029717445374,0.15870651602745056,5
/home/grva-mintcave/Projects/Facies/Dataset/facies/tiles/images/img_00915.npy,/home/grva-mintcave/Projects/Facies/Dataset/facies/tiles/masks/img_00915.npy,"(4, 512, 512)",0.0,1.0,0.5033084154129028,0.11173664033412933,5
/home/grva-mintcave/Projects/Facies/Dataset/facies/tiles/images/img_00916.npy,/home/grva-mintcave/Projects/Facies/Dataset/facies/tiles/masks/img_00916.npy,"(4, 512, 512)",0.0,1.0,0.5024547576904297,0.11279825866222382,5
/home/grva-mintcave/Projects/Facies/Dataset/facies/tiles/images/img_00917.npy,/home/grva-mintcave/Projects/Facies/Dataset/facies/tiles/masks/img_00917.npy,"(4, 512, 512)",0.0,1.0,0.5027514100074768,0.10104438662528992,5
/home/grva-mintcave/Projects/Facies/Dataset/facies/tiles/images/img_00918.npy,/home/grva-mintcave/Projects/Facies/Dataset/facies/tiles/masks/img_00918.npy,"(4, 512, 512)",0.0,1.0,0.5027878880500793,0.16705897450447083,5
/home/grva-mintcave/Projects/Facies/Dataset/facies/tiles/images/img_00919.npy,/home/grva-mintcave/Projects/Facies/Dataset/facies/tiles/masks/img_00919.npy,"(4, 512, 512)",0.0,1.0,0.5028248429298401,0.1676337867975235,5
/home/grva-mintcave/Projects/Facies/Dataset/facies/tiles/images/img_00920.npy,/home/grva-mintcave/Projects/Facies/Dataset/facies/tiles/masks/img_00920.npy,"(4, 512, 512)",0.0,1.0,0.5024291276931763,0.1001650020480156,5
/home/grva-mintcave/Projects/Facies/Dataset/facies/tiles/images/img_00921.npy,/home/grva-mintcave/Projects/Facies/Dataset/facies/tiles/masks/img_00921.npy,"(4, 512, 512)",0.0,1.0,0.5026993155479431,0.10467532277107239,5
/home/grva-mintcave/Projects/Facies/Dataset/facies/tiles/images/img_00922.npy,/home/grva-mintcave/Projects/Facies/Dataset/facies/tiles/masks/img_00922.npy,"(4, 512, 512)",0.0,1.0,0.5028552412986755,0.11082956194877625,5
/home/grva-mintcave/Projects/Facies/Dataset/facies/tiles/images/img_00923.npy,/home/grva-mintcave/Projects/Facies/Dataset/facies/tiles/masks/img_00923.npy,"(4, 512, 512)",0.0,1.0,0.5045244097709656,0.16143546998500824,5
/home/grva-mintcave/Projects/Facies/Dataset/facies/tiles/images/img_00924.npy,/home/grva-mintcave/Projects/Facies/Dataset/facies/tiles/masks/img_00924.npy,"(4, 512, 512)",0.0,1.0,0.504558265209198,0.1618802398443222,5
/home/grva-mintcave/Projects/Facies/Dataset/facies/tiles/images/img_00925.npy,/home/grva-mintcave/Projects/Facies/Dataset/facies/tiles/masks/img_00925.npy,"(4, 512, 512)",0.0,1.0,0.5036075711250305,0.10290208458900452,5
/home/grva-mintcave/Projects/Facies/Dataset/facies/tiles/images/img_00926.npy,/home/grva-mintcave/Projects/Facies/Dataset/facies/tiles/masks/img_00926.npy,"(4, 512, 512)",0.0,1.0,0.502507209777832,0.10403625667095184,5
/home/grva-mintcave/Projects/Facies/Dataset/facies/tiles/images/img_00927.npy,/home/grva-mintcave/Projects/Facies/Dataset/facies/tiles/masks/img_00927.npy,"(4, 512, 512)",0.0,1.0,0.5029847621917725,0.10701017081737518,5
/home/grva-mintcave/Projects/Facies/Dataset/facies/tiles/images/img_00928.npy,/home/grva-mintcave/Projects/Facies/Dataset/facies/tiles/masks/img_00928.npy,"(4, 512, 512)",0.0,1.0,0.5042716860771179,0.16973118484020233,5
/home/grva-mintcave/Projects/Facies/Dataset/facies/tiles/images/img_00929.npy,/home/grva-mintcave/Projects/Facies/Dataset/facies/tiles/masks/img_00929.npy,"(4, 512, 512)",0.0,1.0,0.5043221116065979,0.17023040354251862,5
/home/grva-mintcave/Projects/Facies/Dataset/facies/tiles/images/img_00930.npy,/home/grva-mintcave/Projects/Facies/Dataset/facies/tiles/masks/img_00930.npy,"(4, 512, 512)",0.0,1.0,0.5029494762420654,0.10167288035154343,5
/home/grva-mintcave/Projects/Facies/Dataset/facies/tiles/images/img_00931.npy,/home/grva-mintcave/Projects/Facies/Dataset/facies/tiles/masks/img_00931.npy,"(4, 512, 512)",0.0,1.0,0.5025595426559448,0.09399805963039398,5
/home/grva-mintcave/Projects/Facies/Dataset/facies/tiles/images/img_00932.npy,/home/grva-mintcave/Projects/Facies/Dataset/facies/tiles/masks/img_00932.npy,"(4, 512, 512)",0.0,1.0,0.5028090476989746,0.10913437604904175,5
/home/grva-mintcave/Projects/Facies/Dataset/facies/tiles/images/img_00933.npy,/home/grva-mintcave/Projects/Facies/Dataset/facies/tiles/masks/img_00933.npy,"(4, 512, 512)",0.0,1.0,0.5052738189697266,0.15547455847263336,5
/home/grva-mintcave/Projects/Facies/Dataset/facies/tiles/images/img_00934.npy,/home/grva-mintcave/Projects/Facies/Dataset/facies/tiles/masks/img_00934.npy,"(4, 512, 512)",0.0,1.0,0.5053046345710754,0.15585553646087646,5
/home/grva-mintcave/Projects/Facies/Dataset/facies/tiles/images/img_00935.npy,/home/grva-mintcave/Projects/Facies/Dataset/facies/tiles/masks/img_00935.npy,"(4, 512, 512)",0.0,1.0,0.5029445886611938,0.10283923149108887,5
/home/grva-mintcave/Projects/Facies/Dataset/facies/tiles/images/img_00936.npy,/home/grva-mintcave/Projects/Facies/Dataset/facies/tiles/masks/img_00936.npy,"(4, 512, 512)",0.0,1.0,0.502480685710907,0.09271891415119171,5
/home/grva-mintcave/Projects/Facies/Dataset/facies/tiles/images/img_00937.npy,/home/grva-mintcave/Projects/Facies/Dataset/facies/tiles/masks/img_00937.npy,"(4, 512, 512)",0.0,1.0,0.5029975175857544,0.10512407124042511,5
/home/grva-mintcave/Projects/Facies/Dataset/facies/tiles/images/img_00938.npy,/home/grva-mintcave/Projects/Facies/Dataset/facies/tiles/masks/img_00938.npy,"(4, 512, 512)",0.0,1.0,0.5043782591819763,0.15990643203258514,5
/home/grva-mintcave/Projects/Facies/Dataset/facies/tiles/images/img_00939.npy,/home/grva-mintcave/Projects/Facies/Dataset/facies/tiles/masks/img_00939.npy,"(4, 512, 512)",0.0,1.0,0.504429042339325,0.1603430211544037,5
/home/grva-mintcave/Projects/Facies/Dataset/facies/tiles/images/img_00940.npy,/home/grva-mintcave/Projects/Facies/Dataset/facies/tiles/masks/img_00940.npy,"(4, 512, 512)",0.0,1.0,0.5031700730323792,0.11025717854499817,5
/home/grva-mintcave/Projects/Facies/Dataset/facies/tiles/images/img_00941.npy,/home/grva-mintcave/Projects/Facies/Dataset/facies/tiles/masks/img_00941.npy,"(4, 512, 512)",0.0,1.0,0.502711832523346,0.10472121834754944,5
/home/grva-mintcave/Projects/Facies/Dataset/facies/tiles/images/img_00942.npy,/home/grva-mintcave/Projects/Facies/Dataset/facies/tiles/masks/img_00942.npy,"(4, 512, 512)",0.0,1.0,0.5027828216552734,0.10646557062864304,5
/home/grva-mintcave/Projects/Facies/Dataset/facies/tiles/images/img_00943.npy,/home/grva-mintcave/Projects/Facies/Dataset/facies/tiles/masks/img_00943.npy,"(4, 512, 512)",0.0,1.0,0.5049707293510437,0.1652795970439911,5
/home/grva-mintcave/Projects/Facies/Dataset/facies/tiles/images/img_00944.npy,/home/grva-mintcave/Projects/Facies/Dataset/facies/tiles/masks/img_00944.npy,"(4, 512, 512)",0.0,1.0,0.5050258040428162,0.16578279435634613,5
/home/grva-mintcave/Projects/Facies/Dataset/facies/tiles/images/img_00945.npy,/home/grva-mintcave/Projects/Facies/Dataset/facies/tiles/masks/img_00945.npy,"(4, 512, 512)",0.0,1.0,0.5026235580444336,0.1101311668753624,5
/home/grva-mintcave/Projects/Facies/Dataset/facies/tiles/images/img_00946.npy,/home/grva-mintcave/Projects/Facies/Dataset/facies/tiles/masks/img_00946.npy,"(4, 512, 512)",0.0,1.0,0.5025345683097839,0.10408388823270798,5
/home/grva-mintcave/Projects/Facies/Dataset/facies/tiles/images/img_00947.npy,/home/grva-mintcave/Projects/Facies/Dataset/facies/tiles/masks/img_00947.npy,"(4, 512, 512)",0.0,1.0,0.5027885437011719,0.10315893590450287,5
/home/grva-mintcave/Projects/Facies/Dataset/facies/tiles/images/img_00948.npy,/home/grva-mintcave/Projects/Facies/Dataset/facies/tiles/masks/img_00948.npy,"(4, 512, 512)",0.0,1.0,0.503548264503479,0.17003175616264343,5
/home/grva-mintcave/Projects/Facies/Dataset/facies/tiles/images/img_00949.npy,/home/grva-mintcave/Projects/Facies/Dataset/facies/tiles/masks/img_00949.npy,"(4, 512, 512)",0.0,1.0,0.503545343875885,0.1705959588289261,5
/home/grva-mintcave/Projects/Facies/Dataset/facies/tiles/images/img_00950.npy,/home/grva-mintcave/Projects/Facies/Dataset/facies/tiles/masks/img_00950.npy,"(4, 512, 512)",0.0,1.0,0.5031939148902893,0.11513872444629669,5
/home/grva-mintcave/Projects/Facies/Dataset/facies/tiles/images/img_00951.npy,/home/grva-mintcave/Projects/Facies/Dataset/facies/tiles/masks/img_00951.npy,"(4, 512, 512)",0.0,1.0,0.5026195645332336,0.12122594565153122,5
/home/grva-mintcave/Projects/Facies/Dataset/facies/tiles/images/img_00952.npy,/home/grva-mintcave/Projects/Facies/Dataset/facies/tiles/masks/img_00952.npy,"(4, 512, 512)",0.0,1.0,0.5028514266014099,0.10377596318721771,5
/home/grva-mintcave/Projects/Facies/Dataset/facies/tiles/images/img_00953.npy,/home/grva-mintcave/Projects/Facies/Dataset/facies/tiles/masks/img_00953.npy,"(4, 512, 512)",0.0,1.0,0.5053776502609253,0.16646069288253784,5
/home/grva-mintcave/Projects/Facies/Dataset/facies/tiles/images/img_00954.npy,/home/grva-mintcave/Projects/Facies/Dataset/facies/tiles/masks/img_00954.npy,"(4, 512, 512)",0.0,1.0,0.5054121613502502,0.16716714203357697,5
/home/grva-mintcave/Projects/Facies/Dataset/facies/tiles/images/img_00955.npy,/home/grva-mintcave/Projects/Facies/Dataset/facies/tiles/masks/img_00955.npy,"(4, 512, 512)",0.0,1.0,0.5025041699409485,0.11427441239356995,5
/home/grva-mintcave/Projects/Facies/Dataset/facies/tiles/images/img_00956.npy,/home/grva-mintcave/Projects/Facies/Dataset/facies/tiles/masks/img_00956.npy,"(4, 512, 512)",0.0,1.0,0.5026671290397644,0.12190418690443039,5
/home/grva-mintcave/Projects/Facies/Dataset/facies/tiles/images/img_00957.npy,/home/grva-mintcave/Projects/Facies/Dataset/facies/tiles/masks/img_00957.npy,"(4, 512, 512)",0.0,1.0,0.5028101205825806,0.10065916180610657,5
/home/grva-mintcave/Projects/Facies/Dataset/facies/tiles/images/img_00958.npy,/home/grva-mintcave/Projects/Facies/Dataset/facies/tiles/masks/img_00958.npy,"(4, 512, 512)",0.0,1.0,0.504043459892273,0.17317357659339905,5
/home/grva-mintcave/Projects/Facies/Dataset/facies/tiles/images/img_00959.npy,/home/grva-mintcave/Projects/Facies/Dataset/facies/tiles/masks/img_00959.npy,"(4, 512, 512)",0.0,1.0,0.5040386319160461,0.17407266795635223,5
/home/grva-mintcave/Projects/Facies/Dataset/facies/tiles/images/img_00960.npy,/home/grva-mintcave/Projects/Facies/Dataset/facies/tiles/masks/img_00960.npy,"(4, 512, 512)",0.0,1.0,0.5030980706214905,0.1131027564406395,5
/home/grva-mintcave/Projects/Facies/Dataset/facies/tiles/images/img_00961.npy,/home/grva-mintcave/Projects/Facies/Dataset/facies/tiles/masks/img_00961.npy,"(4, 512, 512)",0.0,1.0,0.502811849117279,0.11959105730056763,5
/home/grva-mintcave/Projects/Facies/Dataset/facies/tiles/images/img_00962.npy,/home/grva-mintcave/Projects/Facies/Dataset/facies/tiles/masks/img_00962.npy,"(4, 512, 512)",0.0,1.0,0.5024373531341553,0.10642712563276291,5
/home/grva-mintcave/Projects/Facies/Dataset/facies/tiles/images/img_00963.npy,/home/grva-mintcave/Projects/Facies/Dataset/facies/tiles/masks/img_00963.npy,"(4, 512, 512)",0.0,1.0,0.5057981014251709,0.165400892496109,5
/home/grva-mintcave/Projects/Facies/Dataset/facies/tiles/images/img_00964.npy,/home/grva-mintcave/Projects/Facies/Dataset/facies/tiles/masks/img_00964.npy,"(4, 512, 512)",0.0,1.0,0.5058667063713074,0.16613022983074188,5
/home/grva-mintcave/Projects/Facies/Dataset/facies/tiles/images/img_00965.npy,/home/grva-mintcave/Projects/Facies/Dataset/facies/tiles/masks/img_00965.npy,"(4, 512, 512)",0.0,1.0,0.5025025010108948,0.11295625567436218,5
/home/grva-mintcave/Projects/Facies/Dataset/facies/tiles/images/img_00966.npy,/home/grva-mintcave/Projects/Facies/Dataset/facies/tiles/masks/img_00966.npy,"(4, 512, 512)",0.0,1.0,0.5026336908340454,0.12049861997365952,5
/home/grva-mintcave/Projects/Facies/Dataset/facies/tiles/images/img_00967.npy,/home/grva-mintcave/Projects/Facies/Dataset/facies/tiles/masks/img_00967.npy,"(4, 512, 512)",0.0,1.0,0.5025402307510376,0.1031966432929039,5
/home/grva-mintcave/Projects/Facies/Dataset/facies/tiles/images/img_00968.npy,/home/grva-mintcave/Projects/Facies/Dataset/facies/tiles/masks/img_00968.npy,"(4, 512, 512)",0.0,1.0,0.5040898323059082,0.1704285889863968,5
/home/grva-mintcave/Projects/Facies/Dataset/facies/tiles/images/img_00969.npy,/home/grva-mintcave/Projects/Facies/Dataset/facies/tiles/masks/img_00969.npy,"(4, 512, 512)",0.0,1.0,0.5041214227676392,0.17117036879062653,5
/home/grva-mintcave/Projects/Facies/Dataset/facies/tiles/images/img_00970.npy,/home/grva-mintcave/Projects/Facies/Dataset/facies/tiles/masks/img_00970.npy,"(4, 512, 512)",0.0,1.0,0.5029045939445496,0.10896439850330353,5
/home/grva-mintcave/Projects/Facies/Dataset/facies/tiles/images/img_00971.npy,/home/grva-mintcave/Projects/Facies/Dataset/facies/tiles/masks/img_00971.npy,"(4, 512, 512)",0.0,1.0,0.5027416944503784,0.11354125291109085,5
/home/grva-mintcave/Projects/Facies/Dataset/facies/tiles/images/img_00972.npy,/home/grva-mintcave/Projects/Facies/Dataset/facies/tiles/masks/img_00972.npy,"(4, 512, 512)",0.0,1.0,0.5025939345359802,0.11928550899028778,5
/home/grva-mintcave/Projects/Facies/Dataset/facies/tiles/images/img_00973.npy,/home/grva-mintcave/Projects/Facies/Dataset/facies/tiles/masks/img_00973.npy,"(4, 512, 512)",0.0,1.0,0.5053402781486511,0.16783875226974487,5
/home/grva-mintcave/Projects/Facies/Dataset/facies/tiles/images/img_00974.npy,/home/grva-mintcave/Projects/Facies/Dataset/facies/tiles/masks/img_00974.npy,"(4, 512, 512)",0.0,1.0,0.5053693652153015,0.16859659552574158,5
/home/grva-mintcave/Projects/Facies/Dataset/facies/tiles/images/img_00975.npy,/home/grva-mintcave/Projects/Facies/Dataset/facies/tiles/masks/img_00975.npy,"(4, 512, 512)",0.0,1.0,0.5029382705688477,0.10876738280057907,5
/home/grva-mintcave/Projects/Facies/Dataset/facies/tiles/images/img_00976.npy,/home/grva-mintcave/Projects/Facies/Dataset/facies/tiles/masks/img_00976.npy,"(4, 512, 512)",0.0,1.0,0.5028330087661743,0.11406241357326508,5
/home/grva-mintcave/Projects/Facies/Dataset/facies/tiles/images/img_00977.npy,/home/grva-mintcave/Projects/Facies/Dataset/facies/tiles/masks/img_00977.npy,"(4, 512, 512)",0.0,1.0,0.5027369260787964,0.11682439595460892,5
/home/grva-mintcave/Projects/Facies/Dataset/facies/tiles/images/img_00978.npy,/home/grva-mintcave/Projects/Facies/Dataset/facies/tiles/masks/img_00978.npy,"(4, 512, 512)",0.0,1.0,0.5035637021064758,0.17342734336853027,5
/home/grva-mintcave/Projects/Facies/Dataset/facies/tiles/images/img_00979.npy,/home/grva-mintcave/Projects/Facies/Dataset/facies/tiles/masks/img_00979.npy,"(4, 512, 512)",0.0,1.0,0.503588080406189,0.1744345724582672,5
/home/grva-mintcave/Projects/Facies/Dataset/facies/tiles/images/img_00980.npy,/home/grva-mintcave/Projects/Facies/Dataset/facies/tiles/masks/img_00980.npy,"(4, 512, 512)",0.0,1.0,0.5029267072677612,0.10422559082508087,5
/home/grva-mintcave/Projects/Facies/Dataset/facies/tiles/images/img_00981.npy,/home/grva-mintcave/Projects/Facies/Dataset/facies/tiles/masks/img_00981.npy,"(4, 512, 512)",0.0,1.0,0.5027517676353455,0.12725739181041718,5
/home/grva-mintcave/Projects/Facies/Dataset/facies/tiles/images/img_00982.npy,/home/grva-mintcave/Projects/Facies/Dataset/facies/tiles/masks/img_00982.npy,"(4, 512, 512)",0.0,1.0,0.5027962327003479,0.11653076112270355,5
/home/grva-mintcave/Projects/Facies/Dataset/facies/tiles/images/img_00983.npy,/home/grva-mintcave/Projects/Facies/Dataset/facies/tiles/masks/img_00983.npy,"(4, 512, 512)",0.0,1.0,0.5053945183753967,0.1700914055109024,5
/home/grva-mintcave/Projects/Facies/Dataset/facies/tiles/images/img_00984.npy,/home/grva-mintcave/Projects/Facies/Dataset/facies/tiles/masks/img_00984.npy,"(4, 512, 512)",0.0,1.0,0.5054141879081726,0.17073069512844086,5
/home/grva-mintcave/Projects/Facies/Dataset/facies/tiles/images/img_00985.npy,/home/grva-mintcave/Projects/Facies/Dataset/facies/tiles/masks/img_00985.npy,"(4, 512, 512)",0.0,1.0,0.5036501884460449,0.10309973359107971,5
/home/grva-mintcave/Projects/Facies/Dataset/facies/tiles/images/img_00986.npy,/home/grva-mintcave/Projects/Facies/Dataset/facies/tiles/masks/img_00986.npy,"(4, 512, 512)",0.0,1.0,0.5031672716140747,0.1281927525997162,5
/home/grva-mintcave/Projects/Facies/Dataset/facies/tiles/images/img_00987.npy,/home/grva-mintcave/Projects/Facies/Dataset/facies/tiles/masks/img_00987.npy,"(4, 512, 512)",0.0,1.0,0.5029817819595337,0.11354175955057144,5
/home/grva-mintcave/Projects/Facies/Dataset/facies/tiles/images/img_00988.npy,/home/grva-mintcave/Projects/Facies/Dataset/facies/tiles/masks/img_00988.npy,"(4, 512, 512)",0.0,1.0,0.5048428773880005,0.17745500802993774,5
/home/grva-mintcave/Projects/Facies/Dataset/facies/tiles/images/img_00989.npy,/home/grva-mintcave/Projects/Facies/Dataset/facies/tiles/masks/img_00989.npy,"(4, 512, 512)",0.0,1.0,0.504883348941803,0.1783335655927658,5
/home/grva-mintcave/Projects/Facies/Dataset/facies/tiles/images/img_00990.npy,/home/grva-mintcave/Projects/Facies/Dataset/facies/tiles/masks/img_00990.npy,"(4, 512, 512)",0.0,1.0,0.5029526948928833,0.11042563617229462,5
/home/grva-mintcave/Projects/Facies/Dataset/facies/tiles/images/img_00991.npy,/home/grva-mintcave/Projects/Facies/Dataset/facies/tiles/masks/img_00991.npy,"(4, 512, 512)",0.0,1.0,0.502642810344696,0.11471487581729889,5
/home/grva-mintcave/Projects/Facies/Dataset/facies/tiles/images/img_00992.npy,/home/grva-mintcave/Projects/Facies/Dataset/facies/tiles/masks/img_00992.npy,"(4, 512, 512)",0.0,1.0,0.5027740001678467,0.11439774930477142,5
/home/grva-mintcave/Projects/Facies/Dataset/facies/tiles/images/img_00993.npy,/home/grva-mintcave/Projects/Facies/Dataset/facies/tiles/masks/img_00993.npy,"(4, 512, 512)",0.0,1.0,0.5050407648086548,0.16429467499256134,5
/home/grva-mintcave/Projects/Facies/Dataset/facies/tiles/images/img_00994.npy,/home/grva-mintcave/Projects/Facies/Dataset/facies/tiles/masks/img_00994.npy,"(4, 512, 512)",0.0,1.0,0.505059540271759,0.164949432015419,5
/home/grva-mintcave/Projects/Facies/Dataset/facies/tiles/images/img_00995.npy,/home/grva-mintcave/Projects/Facies/Dataset/facies/tiles/masks/img_00995.npy,"(4, 512, 512)",0.0,1.0,0.5038554072380066,0.10931964963674545,5
/home/grva-mintcave/Projects/Facies/Dataset/facies/tiles/images/img_00996.npy,/home/grva-mintcave/Projects/Facies/Dataset/facies/tiles/masks/img_00996.npy,"(4, 512, 512)",0.0,1.0,0.5026981830596924,0.11573341488838196,5
/home/grva-mintcave/Projects/Facies/Dataset/facies/tiles/images/img_00997.npy,/home/grva-mintcave/Projects/Facies/Dataset/facies/tiles/masks/img_00997.npy,"(4, 512, 512)",0.0,1.0,0.5029413104057312,0.11144474893808365,5
/home/grva-mintcave/Projects/Facies/Dataset/facies/tiles/images/img_00998.npy,/home/grva-mintcave/Projects/Facies/Dataset/facies/tiles/masks/img_00998.npy,"(4, 512, 512)",0.0,1.0,0.5040995478630066,0.16918794810771942,5
/home/grva-mintcave/Projects/Facies/Dataset/facies/tiles/images/img_00999.npy,/home/grva-mintcave/Projects/Facies/Dataset/facies/tiles/masks/img_00999.npy,"(4, 512, 512)",0.0,1.0,0.5041190385818481,0.16999724507331848,5
/home/grva-mintcave/Projects/Facies/Dataset/facies/tiles/images/img_01000.npy,/home/grva-mintcave/Projects/Facies/Dataset/facies/tiles/masks/img_01000.npy,"(4, 512, 512)",0.0,1.0,0.5031235218048096,0.1181500032544136,5
/home/grva-mintcave/Projects/Facies/Dataset/facies/tiles/images/img_01001.npy,/home/grva-mintcave/Projects/Facies/Dataset/facies/tiles/masks/img_01001.npy,"(4, 512, 512)",0.0,1.0,0.5024752616882324,0.10885635763406754,5
/home/grva-mintcave/Projects/Facies/Dataset/facies/tiles/images/img_01002.npy,/home/grva-mintcave/Projects/Facies/Dataset/facies/tiles/masks/img_01002.npy,"(4, 512, 512)",0.0,1.0,0.5026443600654602,0.11324786394834518,5
/home/grva-mintcave/Projects/Facies/Dataset/facies/tiles/images/img_01003.npy,/home/grva-mintcave/Projects/Facies/Dataset/facies/tiles/masks/img_01003.npy,"(4, 512, 512)",0.0,1.0,0.5045990943908691,0.15601231157779694,5
/home/grva-mintcave/Projects/Facies/Dataset/facies/tiles/images/img_01004.npy,/home/grva-mintcave/Projects/Facies/Dataset/facies/tiles/masks/img_01004.npy,"(4, 512, 512)",0.0,1.0,0.5046240091323853,0.15691480040550232,5
/home/grva-mintcave/Projects/Facies/Dataset/facies/tiles/images/img_01005.npy,/home/grva-mintcave/Projects/Facies/Dataset/facies/tiles/masks/img_01005.npy,"(4, 512, 512)",0.0,1.0,0.5030581951141357,0.11805495619773865,5
/home/grva-mintcave/Projects/Facies/Dataset/facies/tiles/images/img_01006.npy,/home/grva-mintcave/Projects/Facies/Dataset/facies/tiles/masks/img_01006.npy,"(4, 512, 512)",0.0,1.0,0.5027141571044922,0.10886547714471817,5
/home/grva-mintcave/Projects/Facies/Dataset/facies/tiles/images/img_01007.npy,/home/grva-mintcave/Projects/Facies/Dataset/facies/tiles/masks/img_01007.npy,"(4, 512, 512)",0.0,1.0,0.5026460289955139,0.11012189835309982,5
/home/grva-mintcave/Projects/Facies/Dataset/facies/tiles/images/img_01008.npy,/home/grva-mintcave/Projects/Facies/Dataset/facies/tiles/masks/img_01008.npy,"(4, 512, 512)",0.0,1.0,0.504343569278717,0.1610390990972519,5
/home/grva-mintcave/Projects/Facies/Dataset/facies/tiles/images/img_01009.npy,/home/grva-mintcave/Projects/Facies/Dataset/facies/tiles/masks/img_01009.npy,"(4, 512, 512)",0.0,1.0,0.5043742060661316,0.1619548350572586,5
/home/grva-mintcave/Projects/Facies/Dataset/facies/tiles/images/img_01010.npy,/home/grva-mintcave/Projects/Facies/Dataset/facies/tiles/masks/img_01010.npy,"(4, 512, 512)",0.0,1.0,0.5032070279121399,0.12730032205581665,5
/home/grva-mintcave/Projects/Facies/Dataset/facies/tiles/images/img_01011.npy,/home/grva-mintcave/Projects/Facies/Dataset/facies/tiles/masks/img_01011.npy,"(4, 512, 512)",0.0,1.0,0.5024596452713013,0.10220552235841751,5
/home/grva-mintcave/Projects/Facies/Dataset/facies/tiles/images/img_01012.npy,/home/grva-mintcave/Projects/Facies/Dataset/facies/tiles/masks/img_01012.npy,"(4, 512, 512)",0.0,1.0,0.5027111172676086,0.11582218110561371,5
/home/grva-mintcave/Projects/Facies/Dataset/facies/tiles/images/img_01013.npy,/home/grva-mintcave/Projects/Facies/Dataset/facies/tiles/masks/img_01013.npy,"(4, 512, 512)",0.0,1.0,0.5041210651397705,0.14528211951255798,5
/home/grva-mintcave/Projects/Facies/Dataset/facies/tiles/images/img_01014.npy,/home/grva-mintcave/Projects/Facies/Dataset/facies/tiles/masks/img_01014.npy,"(4, 512, 512)",0.0,1.0,0.5041465163230896,0.14596232771873474,5
/home/grva-mintcave/Projects/Facies/Dataset/facies/tiles/images/img_01015.npy,/home/grva-mintcave/Projects/Facies/Dataset/facies/tiles/masks/img_01015.npy,"(4, 512, 512)",0.0,1.0,0.5033842325210571,0.12731032073497772,5
/home/grva-mintcave/Projects/Facies/Dataset/facies/tiles/images/img_01016.npy,/home/grva-mintcave/Projects/Facies/Dataset/facies/tiles/masks/img_01016.npy,"(4, 512, 512)",0.0,1.0,0.5028534531593323,0.10264263302087784,5
/home/grva-mintcave/Projects/Facies/Dataset/facies/tiles/images/img_01017.npy,/home/grva-mintcave/Projects/Facies/Dataset/facies/tiles/masks/img_01017.npy,"(4, 512, 512)",0.0,1.0,0.5027381181716919,0.11278624087572098,5
/home/grva-mintcave/Projects/Facies/Dataset/facies/tiles/images/img_01018.npy,/home/grva-mintcave/Projects/Facies/Dataset/facies/tiles/masks/img_01018.npy,"(4, 512, 512)",0.0,1.0,0.5033951997756958,0.15156954526901245,5
/home/grva-mintcave/Projects/Facies/Dataset/facies/tiles/images/img_01019.npy,/home/grva-mintcave/Projects/Facies/Dataset/facies/tiles/masks/img_01019.npy,"(4, 512, 512)",0.0,1.0,0.5034207105636597,0.15243974328041077,5
/home/grva-mintcave/Projects/Facies/Dataset/facies/tiles/images/img_01020.npy,/home/grva-mintcave/Projects/Facies/Dataset/facies/tiles/masks/img_01020.npy,"(4, 512, 512)",0.0,1.0,0.5033406019210815,0.12835562229156494,5
/home/grva-mintcave/Projects/Facies/Dataset/facies/tiles/images/img_01021.npy,/home/grva-mintcave/Projects/Facies/Dataset/facies/tiles/masks/img_01021.npy,"(4, 512, 512)",0.0,1.0,0.5022928714752197,0.10825995355844498,5
/home/grva-mintcave/Projects/Facies/Dataset/facies/tiles/images/img_01022.npy,/home/grva-mintcave/Projects/Facies/Dataset/facies/tiles/masks/img_01022.npy,"(4, 512, 512)",0.0,1.0,0.5029109716415405,0.11528860032558441,5
/home/grva-mintcave/Projects/Facies/Dataset/facies/tiles/images/img_01023.npy,/home/grva-mintcave/Projects/Facies/Dataset/facies/tiles/masks/img_01023.npy,"(4, 512, 512)",0.0,1.0,0.5040379762649536,0.14294928312301636,5
/home/grva-mintcave/Projects/Facies/Dataset/facies/tiles/images/img_01024.npy,/home/grva-mintcave/Projects/Facies/Dataset/facies/tiles/masks/img_01024.npy,"(4, 512, 512)",0.0,1.0,0.5040788650512695,0.14363493025302887,5
/home/grva-mintcave/Projects/Facies/Dataset/facies/tiles/images/img_01025.npy,/home/grva-mintcave/Projects/Facies/Dataset/facies/tiles/masks/img_01025.npy,"(4, 512, 512)",0.0,1.0,0.5034025311470032,0.1292804628610611,5
/home/grva-mintcave/Projects/Facies/Dataset/facies/tiles/images/img_01026.npy,/home/grva-mintcave/Projects/Facies/Dataset/facies/tiles/masks/img_01026.npy,"(4, 512, 512)",0.0,1.0,0.502924382686615,0.10713540762662888,5
/home/grva-mintcave/Projects/Facies/Dataset/facies/tiles/images/img_01027.npy,/home/grva-mintcave/Projects/Facies/Dataset/facies/tiles/masks/img_01027.npy,"(4, 512, 512)",0.0,1.0,0.5028160214424133,0.11204728484153748,5
/home/grva-mintcave/Projects/Facies/Dataset/facies/tiles/images/img_01028.npy,/home/grva-mintcave/Projects/Facies/Dataset/facies/tiles/masks/img_01028.npy,"(4, 512, 512)",0.0,1.0,0.5037376284599304,0.1444600522518158,5
/home/grva-mintcave/Projects/Facies/Dataset/facies/tiles/images/img_01029.npy,/home/grva-mintcave/Projects/Facies/Dataset/facies/tiles/masks/img_01029.npy,"(4, 512, 512)",0.0,1.0,0.5037558078765869,0.14546890556812286,5
/home/grva-mintcave/Projects/Facies/Dataset/facies/tiles/images/img_01030.npy,/home/grva-mintcave/Projects/Facies/Dataset/facies/tiles/masks/img_01030.npy,"(4, 512, 512)",0.0,1.0,0.5028787851333618,0.11627917736768723,5
/home/grva-mintcave/Projects/Facies/Dataset/facies/tiles/images/img_01031.npy,/home/grva-mintcave/Projects/Facies/Dataset/facies/tiles/masks/img_01031.npy,"(4, 512, 512)",0.0,1.0,0.5025318264961243,0.11295750737190247,5
/home/grva-mintcave/Projects/Facies/Dataset/facies/tiles/images/img_01032.npy,/home/grva-mintcave/Projects/Facies/Dataset/facies/tiles/masks/img_01032.npy,"(4, 512, 512)",0.0,1.0,0.5027115941047668,0.11480789631605148,5
/home/grva-mintcave/Projects/Facies/Dataset/facies/tiles/images/img_01033.npy,/home/grva-mintcave/Projects/Facies/Dataset/facies/tiles/masks/img_01033.npy,"(4, 512, 512)",0.0,1.0,0.5039843320846558,0.14939390122890472,5
/home/grva-mintcave/Projects/Facies/Dataset/facies/tiles/images/img_01034.npy,/home/grva-mintcave/Projects/Facies/Dataset/facies/tiles/masks/img_01034.npy,"(4, 512, 512)",0.0,1.0,0.5040189027786255,0.15017923712730408,5
/home/grva-mintcave/Projects/Facies/Dataset/facies/tiles/images/img_01035.npy,/home/grva-mintcave/Projects/Facies/Dataset/facies/tiles/masks/img_01035.npy,"(4, 512, 512)",0.0,1.0,0.5035540461540222,0.11809276044368744,5
/home/grva-mintcave/Projects/Facies/Dataset/facies/tiles/images/img_01036.npy,/home/grva-mintcave/Projects/Facies/Dataset/facies/tiles/masks/img_01036.npy,"(4, 512, 512)",0.0,1.0,0.5027506351470947,0.10967441648244858,5
/home/grva-mintcave/Projects/Facies/Dataset/facies/tiles/images/img_01037.npy,/home/grva-mintcave/Projects/Facies/Dataset/facies/tiles/masks/img_01037.npy,"(4, 512, 512)",0.0,1.0,0.5027490854263306,0.1116642951965332,5
/home/grva-mintcave/Projects/Facies/Dataset/facies/tiles/images/img_01038.npy,/home/grva-mintcave/Projects/Facies/Dataset/facies/tiles/masks/img_01038.npy,"(4, 512, 512)",0.0,1.0,0.5040999054908752,0.14998489618301392,5
/home/grva-mintcave/Projects/Facies/Dataset/facies/tiles/images/img_01039.npy,/home/grva-mintcave/Projects/Facies/Dataset/facies/tiles/masks/img_01039.npy,"(4, 512, 512)",0.0,1.0,0.504136860370636,0.1510017216205597,5
/home/grva-mintcave/Projects/Facies/Dataset/facies/tiles/images/img_01040.npy,/home/grva-mintcave/Projects/Facies/Dataset/facies/tiles/masks/img_01040.npy,"(4, 512, 512)",0.0,1.0,0.5024731755256653,0.10372301936149597,5
/home/grva-mintcave/Projects/Facies/Dataset/facies/tiles/images/img_01041.npy,/home/grva-mintcave/Projects/Facies/Dataset/facies/tiles/masks/img_01041.npy,"(4, 512, 512)",0.0,1.0,0.5026425719261169,0.120081827044487,5
/home/grva-mintcave/Projects/Facies/Dataset/facies/tiles/images/img_01042.npy,/home/grva-mintcave/Projects/Facies/Dataset/facies/tiles/masks/img_01042.npy,"(4, 512, 512)",0.0,1.0,0.5025863647460938,0.11986665427684784,5
/home/grva-mintcave/Projects/Facies/Dataset/facies/tiles/images/img_01043.npy,/home/grva-mintcave/Projects/Facies/Dataset/facies/tiles/masks/img_01043.npy,"(4, 512, 512)",0.0,1.0,0.5038458704948425,0.15797434747219086,5
/home/grva-mintcave/Projects/Facies/Dataset/facies/tiles/images/img_01044.npy,/home/grva-mintcave/Projects/Facies/Dataset/facies/tiles/masks/img_01044.npy,"(4, 512, 512)",0.0,1.0,0.5038666129112244,0.15893317759037018,5
/home/grva-mintcave/Projects/Facies/Dataset/facies/tiles/images/img_01045.npy,/home/grva-mintcave/Projects/Facies/Dataset/facies/tiles/masks/img_01045.npy,"(4, 512, 512)",0.0,1.0,0.503349781036377,0.10537958145141602,5
/home/grva-mintcave/Projects/Facies/Dataset/facies/tiles/images/img_01046.npy,/home/grva-mintcave/Projects/Facies/Dataset/facies/tiles/masks/img_01046.npy,"(4, 512, 512)",0.0,1.0,0.5026738047599792,0.11714337766170502,5
/home/grva-mintcave/Projects/Facies/Dataset/facies/tiles/images/img_01047.npy,/home/grva-mintcave/Projects/Facies/Dataset/facies/tiles/masks/img_01047.npy,"(4, 512, 512)",0.0,1.0,0.5027385950088501,0.11698070168495178,5
/home/grva-mintcave/Projects/Facies/Dataset/facies/tiles/images/img_01048.npy,/home/grva-mintcave/Projects/Facies/Dataset/facies/tiles/masks/img_01048.npy,"(4, 512, 512)",0.0,1.0,0.5037757158279419,0.1543000340461731,5
/home/grva-mintcave/Projects/Facies/Dataset/facies/tiles/images/img_01049.npy,/home/grva-mintcave/Projects/Facies/Dataset/facies/tiles/masks/img_01049.npy,"(4, 512, 512)",0.0,1.0,0.5038403868675232,0.15536712110042572,5
/home/grva-mintcave/Projects/Facies/Dataset/facies/tiles/images/img_01050.npy,/home/grva-mintcave/Projects/Facies/Dataset/facies/tiles/masks/img_01050.npy,"(4, 512, 512)",0.0,0.9232315421104431,0.502534806728363,0.08494915068149567,5
/home/grva-mintcave/Projects/Facies/Dataset/facies/tiles/images/img_01051.npy,/home/grva-mintcave/Projects/Facies/Dataset/facies/tiles/masks/img_01051.npy,"(4, 512, 512)",0.0,1.0,0.5025794506072998,0.11349603533744812,5
/home/grva-mintcave/Projects/Facies/Dataset/facies/tiles/images/img_01052.npy,/home/grva-mintcave/Projects/Facies/Dataset/facies/tiles/masks/img_01052.npy,"(4, 512, 512)",0.0,1.0,0.502622127532959,0.11963879317045212,5
/home/grva-mintcave/Projects/Facies/Dataset/facies/tiles/images/img_01053.npy,/home/grva-mintcave/Projects/Facies/Dataset/facies/tiles/masks/img_01053.npy,"(4, 512, 512)",0.0,1.0,0.5034083127975464,0.15862151980400085,5
/home/grva-mintcave/Projects/Facies/Dataset/facies/tiles/images/img_01054.npy,/home/grva-mintcave/Projects/Facies/Dataset/facies/tiles/masks/img_01054.npy,"(4, 512, 512)",0.0,1.0,0.5034269094467163,0.15957750380039215,5
/home/grva-mintcave/Projects/Facies/Dataset/facies/tiles/images/img_01055.npy,/home/grva-mintcave/Projects/Facies/Dataset/facies/tiles/masks/img_01055.npy,"(4, 512, 512)",0.0,0.9232315421104431,0.5029884576797485,0.08781295269727707,5
/home/grva-mintcave/Projects/Facies/Dataset/facies/tiles/images/img_01056.npy,/home/grva-mintcave/Projects/Facies/Dataset/facies/tiles/masks/img_01056.npy,"(4, 512, 512)",0.0,1.0,0.5024800300598145,0.11069594323635101,5
/home/grva-mintcave/Projects/Facies/Dataset/facies/tiles/images/img_01057.npy,/home/grva-mintcave/Projects/Facies/Dataset/facies/tiles/masks/img_01057.npy,"(4, 512, 512)",0.0,1.0,0.502748429775238,0.11684608459472656,5
/home/grva-mintcave/Projects/Facies/Dataset/facies/tiles/images/img_01058.npy,/home/grva-mintcave/Projects/Facies/Dataset/facies/tiles/masks/img_01058.npy,"(4, 512, 512)",0.0,1.0,0.5040988326072693,0.1591361165046692,5
/home/grva-mintcave/Projects/Facies/Dataset/facies/tiles/images/img_01059.npy,/home/grva-mintcave/Projects/Facies/Dataset/facies/tiles/masks/img_01059.npy,"(4, 512, 512)",0.0,1.0,0.5041996240615845,0.1603260189294815,5
/home/grva-mintcave/Projects/Facies/Dataset/facies/tiles/images/img_01060.npy,/home/grva-mintcave/Projects/Facies/Dataset/facies/tiles/masks/img_01060.npy,"(4, 512, 512)",0.0,1.0,0.5026323199272156,0.10304614156484604,5
/home/grva-mintcave/Projects/Facies/Dataset/facies/tiles/images/img_01061.npy,/home/grva-mintcave/Projects/Facies/Dataset/facies/tiles/masks/img_01061.npy,"(4, 512, 512)",0.0,1.0,0.5024315118789673,0.10744118690490723,5
/home/grva-mintcave/Projects/Facies/Dataset/facies/tiles/images/img_01062.npy,/home/grva-mintcave/Projects/Facies/Dataset/facies/tiles/masks/img_01062.npy,"(4, 512, 512)",0.0,1.0,0.502529501914978,0.11512402445077896,5
/home/grva-mintcave/Projects/Facies/Dataset/facies/tiles/images/img_01063.npy,/home/grva-mintcave/Projects/Facies/Dataset/facies/tiles/masks/img_01063.npy,"(4, 512, 512)",0.0,1.0,0.502896249294281,0.15647752583026886,5
/home/grva-mintcave/Projects/Facies/Dataset/facies/tiles/images/img_01064.npy,/home/grva-mintcave/Projects/Facies/Dataset/facies/tiles/masks/img_01064.npy,"(4, 512, 512)",0.0,1.0,0.5028597712516785,0.1572129726409912,5
/home/grva-mintcave/Projects/Facies/Dataset/facies/tiles/images/img_01065.npy,/home/grva-mintcave/Projects/Facies/Dataset/facies/tiles/masks/img_01065.npy,"(4, 512, 512)",0.0,1.0,0.5030736923217773,0.10482651740312576,5
/home/grva-mintcave/Projects/Facies/Dataset/facies/tiles/images/img_01066.npy,/home/grva-mintcave/Projects/Facies/Dataset/facies/tiles/masks/img_01066.npy,"(4, 512, 512)",0.0,1.0,0.5025302171707153,0.1060003787279129,5
/home/grva-mintcave/Projects/Facies/Dataset/facies/tiles/images/img_01067.npy,/home/grva-mintcave/Projects/Facies/Dataset/facies/tiles/masks/img_01067.npy,"(4, 512, 512)",0.0,1.0,0.5028172135353088,0.11222624033689499,5
/home/grva-mintcave/Projects/Facies/Dataset/facies/tiles/images/img_01068.npy,/home/grva-mintcave/Projects/Facies/Dataset/facies/tiles/masks/img_01068.npy,"(4, 512, 512)",0.0,1.0,0.5043578147888184,0.15519598126411438,5
/home/grva-mintcave/Projects/Facies/Dataset/facies/tiles/images/img_01069.npy,/home/grva-mintcave/Projects/Facies/Dataset/facies/tiles/masks/img_01069.npy,"(4, 512, 512)",0.0,1.0,0.5044310092926025,0.15621694922447205,5
/home/grva-mintcave/Projects/Facies/Dataset/facies/tiles/images/img_01070.npy,/home/grva-mintcave/Projects/Facies/Dataset/facies/tiles/masks/img_01070.npy,"(4, 512, 512)",0.0,1.0,0.5037142634391785,0.14541226625442505,5
/home/grva-mintcave/Projects/Facies/Dataset/facies/tiles/images/img_01071.npy,/home/grva-mintcave/Projects/Facies/Dataset/facies/tiles/masks/img_01071.npy,"(4, 512, 512)",0.0,1.0,0.5025256872177124,0.10901791602373123,5
/home/grva-mintcave/Projects/Facies/Dataset/facies/tiles/images/img_01072.npy,/home/grva-mintcave/Projects/Facies/Dataset/facies/tiles/masks/img_01072.npy,"(4, 512, 512)",0.0,1.0,0.5025171637535095,0.11379794031381607,5
/home/grva-mintcave/Projects/Facies/Dataset/facies/tiles/images/img_01073.npy,/home/grva-mintcave/Projects/Facies/Dataset/facies/tiles/masks/img_01073.npy,"(4, 512, 512)",0.0,1.0,0.5032826066017151,0.15535126626491547,5
/home/grva-mintcave/Projects/Facies/Dataset/facies/tiles/images/img_01074.npy,/home/grva-mintcave/Projects/Facies/Dataset/facies/tiles/masks/img_01074.npy,"(4, 512, 512)",0.0,1.0,0.5032716393470764,0.15603235363960266,5
/home/grva-mintcave/Projects/Facies/Dataset/facies/tiles/images/img_01075.npy,/home/grva-mintcave/Projects/Facies/Dataset/facies/tiles/masks/img_01075.npy,"(4, 512, 512)",0.0,1.0,0.5037431716918945,0.14857015013694763,5
/home/grva-mintcave/Projects/Facies/Dataset/facies/tiles/images/img_01076.npy,/home/grva-mintcave/Projects/Facies/Dataset/facies/tiles/masks/img_01076.npy,"(4, 512, 512)",0.0,1.0,0.5027399659156799,0.10617611557245255,5
/home/grva-mintcave/Projects/Facies/Dataset/facies/tiles/images/img_01077.npy,/home/grva-mintcave/Projects/Facies/Dataset/facies/tiles/masks/img_01077.npy,"(4, 512, 512)",0.0,1.0,0.5026510953903198,0.11106551438570023,5
/home/grva-mintcave/Projects/Facies/Dataset/facies/tiles/images/img_01078.npy,/home/grva-mintcave/Projects/Facies/Dataset/facies/tiles/masks/img_01078.npy,"(4, 512, 512)",0.0,1.0,0.5044479370117188,0.15335488319396973,5
/home/grva-mintcave/Projects/Facies/Dataset/facies/tiles/images/img_01079.npy,/home/grva-mintcave/Projects/Facies/Dataset/facies/tiles/masks/img_01079.npy,"(4, 512, 512)",0.0,1.0,0.5044460296630859,0.15430231392383575,5
/home/grva-mintcave/Projects/Facies/Dataset/facies/tiles/images/img_01080.npy,/home/grva-mintcave/Projects/Facies/Dataset/facies/tiles/masks/img_01080.npy,"(4, 512, 512)",0.0,1.0,0.5041683316230774,0.16148144006729126,5
/home/grva-mintcave/Projects/Facies/Dataset/facies/tiles/images/img_01081.npy,/home/grva-mintcave/Projects/Facies/Dataset/facies/tiles/masks/img_01081.npy,"(4, 512, 512)",0.0,1.0,0.5024065375328064,0.10685618221759796,5
/home/grva-mintcave/Projects/Facies/Dataset/facies/tiles/images/img_01082.npy,/home/grva-mintcave/Projects/Facies/Dataset/facies/tiles/masks/img_01082.npy,"(4, 512, 512)",0.0,1.0,0.5024220943450928,0.1081496924161911,5
/home/grva-mintcave/Projects/Facies/Dataset/facies/tiles/images/img_01083.npy,/home/grva-mintcave/Projects/Facies/Dataset/facies/tiles/masks/img_01083.npy,"(4, 512, 512)",0.0,1.0,0.5033493041992188,0.15714526176452637,5
/home/grva-mintcave/Projects/Facies/Dataset/facies/tiles/images/img_01084.npy,/home/grva-mintcave/Projects/Facies/Dataset/facies/tiles/masks/img_01084.npy,"(4, 512, 512)",0.0,1.0,0.5033826231956482,0.1575699746608734,5
/home/grva-mintcave/Projects/Facies/Dataset/facies/tiles/images/img_01085.npy,/home/grva-mintcave/Projects/Facies/Dataset/facies/tiles/masks/img_01085.npy,"(4, 512, 512)",0.0,1.0,0.5039704442024231,0.16420294344425201,5
/home/grva-mintcave/Projects/Facies/Dataset/facies/tiles/images/img_01086.npy,/home/grva-mintcave/Projects/Facies/Dataset/facies/tiles/masks/img_01086.npy,"(4, 512, 512)",0.0,1.0,0.5028975605964661,0.10536017268896103,5
/home/grva-mintcave/Projects/Facies/Dataset/facies/tiles/images/img_01087.npy,/home/grva-mintcave/Projects/Facies/Dataset/facies/tiles/masks/img_01087.npy,"(4, 512, 512)",0.0,1.0,0.5024871230125427,0.10493268817663193,5
/home/grva-mintcave/Projects/Facies/Dataset/facies/tiles/images/img_01088.npy,/home/grva-mintcave/Projects/Facies/Dataset/facies/tiles/masks/img_01088.npy,"(4, 512, 512)",0.0,1.0,0.5032045245170593,0.15534573793411255,5
/home/grva-mintcave/Projects/Facies/Dataset/facies/tiles/images/img_01089.npy,/home/grva-mintcave/Projects/Facies/Dataset/facies/tiles/masks/img_01089.npy,"(4, 512, 512)",0.0,1.0,0.5031619071960449,0.1561751663684845,5
/home/grva-mintcave/Projects/Facies/Dataset/facies/tiles/images/img_01090.npy,/home/grva-mintcave/Projects/Facies/Dataset/facies/tiles/masks/img_01090.npy,"(4, 512, 512)",0.0,1.0,0.5039416551589966,0.1470380276441574,5
/home/grva-mintcave/Projects/Facies/Dataset/facies/tiles/images/img_01091.npy,/home/grva-mintcave/Projects/Facies/Dataset/facies/tiles/masks/img_01091.npy,"(4, 512, 512)",0.0,1.0,0.5025243759155273,0.11163276433944702,5
/home/grva-mintcave/Projects/Facies/Dataset/facies/tiles/images/img_01092.npy,/home/grva-mintcave/Projects/Facies/Dataset/facies/tiles/masks/img_01092.npy,"(4, 512, 512)",0.0,1.0,0.5024115443229675,0.10739607363939285,5
/home/grva-mintcave/Projects/Facies/Dataset/facies/tiles/images/img_01093.npy,/home/grva-mintcave/Projects/Facies/Dataset/facies/tiles/masks/img_01093.npy,"(4, 512, 512)",0.0,1.0,0.502946138381958,0.15256842970848083,5
/home/grva-mintcave/Projects/Facies/Dataset/facies/tiles/images/img_01094.npy,/home/grva-mintcave/Projects/Facies/Dataset/facies/tiles/masks/img_01094.npy,"(4, 512, 512)",0.0,1.0,0.5029647946357727,0.15296238660812378,5
/home/grva-mintcave/Projects/Facies/Dataset/facies/tiles/images/img_01095.npy,/home/grva-mintcave/Projects/Facies/Dataset/facies/tiles/masks/img_01095.npy,"(4, 512, 512)",0.0,1.0,0.5032917261123657,0.1494148075580597,5
/home/grva-mintcave/Projects/Facies/Dataset/facies/tiles/images/img_01096.npy,/home/grva-mintcave/Projects/Facies/Dataset/facies/tiles/masks/img_01096.npy,"(4, 512, 512)",0.0,1.0,0.5029242038726807,0.11106627434492111,5
/home/grva-mintcave/Projects/Facies/Dataset/facies/tiles/images/img_01097.npy,/home/grva-mintcave/Projects/Facies/Dataset/facies/tiles/masks/img_01097.npy,"(4, 512, 512)",0.0,1.0,0.5026035904884338,0.10416004061698914,5
/home/grva-mintcave/Projects/Facies/Dataset/facies/tiles/images/img_01098.npy,/home/grva-mintcave/Projects/Facies/Dataset/facies/tiles/masks/img_01098.npy,"(4, 512, 512)",0.0,1.0,0.5023686289787292,0.15192292630672455,5
/home/grva-mintcave/Projects/Facies/Dataset/facies/tiles/images/img_01099.npy,/home/grva-mintcave/Projects/Facies/Dataset/facies/tiles/masks/img_01099.npy,"(4, 512, 512)",0.0,1.0,0.502403736114502,0.1525648534297943,5
/home/grva-mintcave/Projects/Facies/Dataset/facies/tiles/images/img_01100.npy,/home/grva-mintcave/Projects/Facies/Dataset/facies/tiles/masks/img_01100.npy,"(4, 512, 512)",0.0,1.0,0.503745973110199,0.13001331686973572,5
/home/grva-mintcave/Projects/Facies/Dataset/facies/tiles/images/img_01101.npy,/home/grva-mintcave/Projects/Facies/Dataset/facies/tiles/masks/img_01101.npy,"(4, 512, 512)",0.0,1.0,0.5027756094932556,0.12014733254909515,5
/home/grva-mintcave/Projects/Facies/Dataset/facies/tiles/images/img_01102.npy,/home/grva-mintcave/Projects/Facies/Dataset/facies/tiles/masks/img_01102.npy,"(4, 512, 512)",0.0,1.0,0.5022797584533691,0.10913630574941635,5
/home/grva-mintcave/Projects/Facies/Dataset/facies/tiles/images/img_01103.npy,/home/grva-mintcave/Projects/Facies/Dataset/facies/tiles/masks/img_01103.npy,"(4, 512, 512)",0.0,1.0,0.50315260887146,0.14459989964962006,5
/home/grva-mintcave/Projects/Facies/Dataset/facies/tiles/images/img_01104.npy,/home/grva-mintcave/Projects/Facies/Dataset/facies/tiles/masks/img_01104.npy,"(4, 512, 512)",0.0,1.0,0.5031638741493225,0.1451314091682434,5
/home/grva-mintcave/Projects/Facies/Dataset/facies/tiles/images/img_01105.npy,/home/grva-mintcave/Projects/Facies/Dataset/facies/tiles/masks/img_01105.npy,"(4, 512, 512)",0.0,1.0,0.5031439661979675,0.13276323676109314,5
/home/grva-mintcave/Projects/Facies/Dataset/facies/tiles/images/img_01106.npy,/home/grva-mintcave/Projects/Facies/Dataset/facies/tiles/masks/img_01106.npy,"(4, 512, 512)",0.0,1.0,0.5027924180030823,0.11986446380615234,5
/home/grva-mintcave/Projects/Facies/Dataset/facies/tiles/images/img_01107.npy,/home/grva-mintcave/Projects/Facies/Dataset/facies/tiles/masks/img_01107.npy,"(4, 512, 512)",0.0,1.0,0.5023185014724731,0.10611043870449066,5
/home/grva-mintcave/Projects/Facies/Dataset/facies/tiles/images/img_01108.npy,/home/grva-mintcave/Projects/Facies/Dataset/facies/tiles/masks/img_01108.npy,"(4, 512, 512)",0.0,1.0,0.5034759044647217,0.141194686293602,5
/home/grva-mintcave/Projects/Facies/Dataset/facies/tiles/images/img_01109.npy,/home/grva-mintcave/Projects/Facies/Dataset/facies/tiles/masks/img_01109.npy,"(4, 512, 512)",0.0,1.0,0.5035483241081238,0.1418483406305313,5
/home/grva-mintcave/Projects/Facies/Dataset/facies/tiles/images/img_01110.npy,/home/grva-mintcave/Projects/Facies/Dataset/facies/tiles/masks/img_01110.npy,"(4, 512, 512)",0.0,1.0,0.5038344860076904,0.12950660288333893,5
/home/grva-mintcave/Projects/Facies/Dataset/facies/tiles/images/img_01111.npy,/home/grva-mintcave/Projects/Facies/Dataset/facies/tiles/masks/img_01111.npy,"(4, 512, 512)",0.0,1.0,0.5027137398719788,0.11759290844202042,5
/home/grva-mintcave/Projects/Facies/Dataset/facies/tiles/images/img_01112.npy,/home/grva-mintcave/Projects/Facies/Dataset/facies/tiles/masks/img_01112.npy,"(4, 512, 512)",0.0,1.0,0.5023859143257141,0.10955791920423508,5
/home/grva-mintcave/Projects/Facies/Dataset/facies/tiles/images/img_01113.npy,/home/grva-mintcave/Projects/Facies/Dataset/facies/tiles/masks/img_01113.npy,"(4, 512, 512)",0.0,1.0,0.5030596256256104,0.14158910512924194,5
/home/grva-mintcave/Projects/Facies/Dataset/facies/tiles/images/img_01114.npy,/home/grva-mintcave/Projects/Facies/Dataset/facies/tiles/masks/img_01114.npy,"(4, 512, 512)",0.0,1.0,0.5030699968338013,0.14215050637722015,5
/home/grva-mintcave/Projects/Facies/Dataset/facies/tiles/images/img_01115.npy,/home/grva-mintcave/Projects/Facies/Dataset/facies/tiles/masks/img_01115.npy,"(4, 512, 512)",0.0,1.0,0.50281822681427,0.13273636996746063,5
/home/grva-mintcave/Projects/Facies/Dataset/facies/tiles/images/img_01116.npy,/home/grva-mintcave/Projects/Facies/Dataset/facies/tiles/masks/img_01116.npy,"(4, 512, 512)",0.0,1.0,0.5026138424873352,0.117202527821064,5
/home/grva-mintcave/Projects/Facies/Dataset/facies/tiles/images/img_01117.npy,/home/grva-mintcave/Projects/Facies/Dataset/facies/tiles/masks/img_01117.npy,"(4, 512, 512)",0.0,1.0,0.502478837966919,0.10675793141126633,5
/home/grva-mintcave/Projects/Facies/Dataset/facies/tiles/images/img_01118.npy,/home/grva-mintcave/Projects/Facies/Dataset/facies/tiles/masks/img_01118.npy,"(4, 512, 512)",0.0,1.0,0.5029904246330261,0.13682760298252106,5
/home/grva-mintcave/Projects/Facies/Dataset/facies/tiles/images/img_01119.npy,/home/grva-mintcave/Projects/Facies/Dataset/facies/tiles/masks/img_01119.npy,"(4, 512, 512)",0.0,1.0,0.5030697584152222,0.13748060166835785,5
/home/grva-mintcave/Projects/Facies/Dataset/facies/tiles/images/img_01120.npy,/home/grva-mintcave/Projects/Facies/Dataset/facies/tiles/masks/img_01120.npy,"(4, 512, 512)",0.0,1.0,0.50419682264328,0.14240430295467377,5
/home/grva-mintcave/Projects/Facies/Dataset/facies/tiles/images/img_01121.npy,/home/grva-mintcave/Projects/Facies/Dataset/facies/tiles/masks/img_01121.npy,"(4, 512, 512)",0.0,1.0,0.502511739730835,0.10619762539863586,5
/home/grva-mintcave/Projects/Facies/Dataset/facies/tiles/images/img_01122.npy,/home/grva-mintcave/Projects/Facies/Dataset/facies/tiles/masks/img_01122.npy,"(4, 512, 512)",0.0,1.0,0.5022969245910645,0.10747001320123672,5
/home/grva-mintcave/Projects/Facies/Dataset/facies/tiles/images/img_01123.npy,/home/grva-mintcave/Projects/Facies/Dataset/facies/tiles/masks/img_01123.npy,"(4, 512, 512)",0.0,1.0,0.5038577914237976,0.14694330096244812,5
/home/grva-mintcave/Projects/Facies/Dataset/facies/tiles/images/img_01124.npy,/home/grva-mintcave/Projects/Facies/Dataset/facies/tiles/masks/img_01124.npy,"(4, 512, 512)",0.0,1.0,0.5038900971412659,0.14761173725128174,5
/home/grva-mintcave/Projects/Facies/Dataset/facies/tiles/images/img_01125.npy,/home/grva-mintcave/Projects/Facies/Dataset/facies/tiles/masks/img_01125.npy,"(4, 512, 512)",0.0,1.0,0.5026920437812805,0.14603877067565918,5
/home/grva-mintcave/Projects/Facies/Dataset/facies/tiles/images/img_01126.npy,/home/grva-mintcave/Projects/Facies/Dataset/facies/tiles/masks/img_01126.npy,"(4, 512, 512)",0.0,1.0,0.5024753212928772,0.10689125210046768,5
/home/grva-mintcave/Projects/Facies/Dataset/facies/tiles/images/img_01127.npy,/home/grva-mintcave/Projects/Facies/Dataset/facies/tiles/masks/img_01127.npy,"(4, 512, 512)",0.0,1.0,0.5024241805076599,0.10448364168405533,5
/home/grva-mintcave/Projects/Facies/Dataset/facies/tiles/images/img_01128.npy,/home/grva-mintcave/Projects/Facies/Dataset/facies/tiles/masks/img_01128.npy,"(4, 512, 512)",0.0,1.0,0.5031695365905762,0.13996858894824982,5
/home/grva-mintcave/Projects/Facies/Dataset/facies/tiles/images/img_01129.npy,/home/grva-mintcave/Projects/Facies/Dataset/facies/tiles/masks/img_01129.npy,"(4, 512, 512)",0.0,1.0,0.503246009349823,0.14076395332813263,5
/home/grva-mintcave/Projects/Facies/Dataset/facies/tiles/images/img_01130.npy,/home/grva-mintcave/Projects/Facies/Dataset/facies/tiles/masks/img_01130.npy,"(4, 512, 512)",0.0,1.0,0.5045434236526489,0.1516222059726715,5
/home/grva-mintcave/Projects/Facies/Dataset/facies/tiles/images/img_01131.npy,/home/grva-mintcave/Projects/Facies/Dataset/facies/tiles/masks/img_01131.npy,"(4, 512, 512)",0.0,1.0,0.5025638341903687,0.10567015409469604,5
/home/grva-mintcave/Projects/Facies/Dataset/facies/tiles/images/img_01132.npy,/home/grva-mintcave/Projects/Facies/Dataset/facies/tiles/masks/img_01132.npy,"(4, 512, 512)",0.0,1.0,0.5024173259735107,0.10542337596416473,5
/home/grva-mintcave/Projects/Facies/Dataset/facies/tiles/images/img_01133.npy,/home/grva-mintcave/Projects/Facies/Dataset/facies/tiles/masks/img_01133.npy,"(4, 512, 512)",0.0,1.0,0.5038070678710938,0.14305873215198517,5
/home/grva-mintcave/Projects/Facies/Dataset/facies/tiles/images/img_01134.npy,/home/grva-mintcave/Projects/Facies/Dataset/facies/tiles/masks/img_01134.npy,"(4, 512, 512)",0.0,1.0,0.5038283467292786,0.14382006227970123,5
/home/grva-mintcave/Projects/Facies/Dataset/facies/tiles/images/img_01135.npy,/home/grva-mintcave/Projects/Facies/Dataset/facies/tiles/masks/img_01135.npy,"(4, 512, 512)",0.0,1.0,0.5029745101928711,0.15740321576595306,5
/home/grva-mintcave/Projects/Facies/Dataset/facies/tiles/images/img_01136.npy,/home/grva-mintcave/Projects/Facies/Dataset/facies/tiles/masks/img_01136.npy,"(4, 512, 512)",0.0,1.0,0.5026214122772217,0.10712316632270813,5
/home/grva-mintcave/Projects/Facies/Dataset/facies/tiles/images/img_01137.npy,/home/grva-mintcave/Projects/Facies/Dataset/facies/tiles/masks/img_01137.npy,"(4, 512, 512)",0.0,1.0,0.5024027824401855,0.10273382067680359,5
/home/grva-mintcave/Projects/Facies/Dataset/facies/tiles/images/img_01138.npy,/home/grva-mintcave/Projects/Facies/Dataset/facies/tiles/masks/img_01138.npy,"(4, 512, 512)",0.0,1.0,0.5033707022666931,0.1385917365550995,5
/home/grva-mintcave/Projects/Facies/Dataset/facies/tiles/images/img_01139.npy,/home/grva-mintcave/Projects/Facies/Dataset/facies/tiles/masks/img_01139.npy,"(4, 512, 512)",0.0,1.0,0.5034277439117432,0.13954073190689087,5
/home/grva-mintcave/Projects/Facies/Dataset/facies/tiles/images/img_01140.npy,/home/grva-mintcave/Projects/Facies/Dataset/facies/tiles/masks/img_01140.npy,"(4, 512, 512)",0.0,1.0,0.5046456456184387,0.16123497486114502,5
/home/grva-mintcave/Projects/Facies/Dataset/facies/tiles/images/img_01141.npy,/home/grva-mintcave/Projects/Facies/Dataset/facies/tiles/masks/img_01141.npy,"(4, 512, 512)",0.0,1.0,0.5025966763496399,0.10937810689210892,5
/home/grva-mintcave/Projects/Facies/Dataset/facies/tiles/images/img_01142.npy,/home/grva-mintcave/Projects/Facies/Dataset/facies/tiles/masks/img_01142.npy,"(4, 512, 512)",0.0,1.0,0.5024452805519104,0.10491497814655304,5
/home/grva-mintcave/Projects/Facies/Dataset/facies/tiles/images/img_01143.npy,/home/grva-mintcave/Projects/Facies/Dataset/facies/tiles/masks/img_01143.npy,"(4, 512, 512)",0.0,1.0,0.5044523477554321,0.14965727925300598,5
/home/grva-mintcave/Projects/Facies/Dataset/facies/tiles/images/img_01144.npy,/home/grva-mintcave/Projects/Facies/Dataset/facies/tiles/masks/img_01144.npy,"(4, 512, 512)",0.0,1.0,0.5044710636138916,0.15021272003650665,5
/home/grva-mintcave/Projects/Facies/Dataset/facies/tiles/images/img_01145.npy,/home/grva-mintcave/Projects/Facies/Dataset/facies/tiles/masks/img_01145.npy,"(4, 512, 512)",0.0,1.0,0.5031014084815979,0.1677343249320984,5
/home/grva-mintcave/Projects/Facies/Dataset/facies/tiles/images/img_01146.npy,/home/grva-mintcave/Projects/Facies/Dataset/facies/tiles/masks/img_01146.npy,"(4, 512, 512)",0.0,1.0,0.5025847554206848,0.11015082150697708,5
/home/grva-mintcave/Projects/Facies/Dataset/facies/tiles/images/img_01147.npy,/home/grva-mintcave/Projects/Facies/Dataset/facies/tiles/masks/img_01147.npy,"(4, 512, 512)",0.0,1.0,0.502261757850647,0.1021108627319336,5
/home/grva-mintcave/Projects/Facies/Dataset/facies/tiles/images/img_01148.npy,/home/grva-mintcave/Projects/Facies/Dataset/facies/tiles/masks/img_01148.npy,"(4, 512, 512)",0.0,1.0,0.5033004879951477,0.14389783143997192,5
/home/grva-mintcave/Projects/Facies/Dataset/facies/tiles/images/img_01149.npy,/home/grva-mintcave/Projects/Facies/Dataset/facies/tiles/masks/img_01149.npy,"(4, 512, 512)",0.0,1.0,0.503320574760437,0.144715815782547,5
/home/grva-mintcave/Projects/Facies/Dataset/facies/tiles/images/img_01150.npy,/home/grva-mintcave/Projects/Facies/Dataset/facies/tiles/masks/img_01150.npy,"(4, 512, 512)",0.0,1.0,0.5051433444023132,0.1669091135263443,5
/home/grva-mintcave/Projects/Facies/Dataset/facies/tiles/images/img_01151.npy,/home/grva-mintcave/Projects/Facies/Dataset/facies/tiles/masks/img_01151.npy,"(4, 512, 512)",0.0,1.0,0.5027453899383545,0.11235477030277252,5
/home/grva-mintcave/Projects/Facies/Dataset/facies/tiles/images/img_01152.npy,/home/grva-mintcave/Projects/Facies/Dataset/facies/tiles/masks/img_01152.npy,"(4, 512, 512)",0.0,1.0,0.5025762319564819,0.10791802406311035,5
/home/grva-mintcave/Projects/Facies/Dataset/facies/tiles/images/img_01153.npy,/home/grva-mintcave/Projects/Facies/Dataset/facies/tiles/masks/img_01153.npy,"(4, 512, 512)",0.0,1.0,0.5043604373931885,0.15292400121688843,5
/home/grva-mintcave/Projects/Facies/Dataset/facies/tiles/images/img_01154.npy,/home/grva-mintcave/Projects/Facies/Dataset/facies/tiles/masks/img_01154.npy,"(4, 512, 512)",0.0,1.0,0.5043949484825134,0.15347900986671448,5
/home/grva-mintcave/Projects/Facies/Dataset/facies/tiles/images/img_01155.npy,/home/grva-mintcave/Projects/Facies/Dataset/facies/tiles/masks/img_01155.npy,"(4, 512, 512)",0.0,1.0,0.5035220980644226,0.17284086346626282,5
/home/grva-mintcave/Projects/Facies/Dataset/facies/tiles/images/img_01156.npy,/home/grva-mintcave/Projects/Facies/Dataset/facies/tiles/masks/img_01156.npy,"(4, 512, 512)",0.0,1.0,0.5025070905685425,0.11334928125143051,5
/home/grva-mintcave/Projects/Facies/Dataset/facies/tiles/images/img_01157.npy,/home/grva-mintcave/Projects/Facies/Dataset/facies/tiles/masks/img_01157.npy,"(4, 512, 512)",0.0,1.0,0.5023553371429443,0.10515188425779343,5
/home/grva-mintcave/Projects/Facies/Dataset/facies/tiles/images/img_01158.npy,/home/grva-mintcave/Projects/Facies/Dataset/facies/tiles/masks/img_01158.npy,"(4, 512, 512)",0.0,1.0,0.5028031468391418,0.14721569418907166,5
/home/grva-mintcave/Projects/Facies/Dataset/facies/tiles/images/img_01159.npy,/home/grva-mintcave/Projects/Facies/Dataset/facies/tiles/masks/img_01159.npy,"(4, 512, 512)",0.0,1.0,0.5027938485145569,0.1481102705001831,5
/home/grva-mintcave/Projects/Facies/Dataset/facies/tiles/images/img_01160.npy,/home/grva-mintcave/Projects/Facies/Dataset/facies/tiles/masks/img_01160.npy,"(4, 512, 512)",0.0,1.0,0.505265474319458,0.16974040865898132,5
/home/grva-mintcave/Projects/Facies/Dataset/facies/tiles/images/img_01161.npy,/home/grva-mintcave/Projects/Facies/Dataset/facies/tiles/masks/img_01161.npy,"(4, 512, 512)",0.0,1.0,0.5028060078620911,0.10718642920255661,5
/home/grva-mintcave/Projects/Facies/Dataset/facies/tiles/images/img_01162.npy,/home/grva-mintcave/Projects/Facies/Dataset/facies/tiles/masks/img_01162.npy,"(4, 512, 512)",0.0,1.0,0.5023885369300842,0.10016307979822159,5
/home/grva-mintcave/Projects/Facies/Dataset/facies/tiles/images/img_01163.npy,/home/grva-mintcave/Projects/Facies/Dataset/facies/tiles/masks/img_01163.npy,"(4, 512, 512)",0.0,1.0,0.5034431219100952,0.14602723717689514,5
/home/grva-mintcave/Projects/Facies/Dataset/facies/tiles/images/img_01164.npy,/home/grva-mintcave/Projects/Facies/Dataset/facies/tiles/masks/img_01164.npy,"(4, 512, 512)",0.0,1.0,0.5034639835357666,0.1462835669517517,5
/home/grva-mintcave/Projects/Facies/Dataset/facies/tiles/images/img_01165.npy,/home/grva-mintcave/Projects/Facies/Dataset/facies/tiles/masks/img_01165.npy,"(4, 512, 512)",0.0,1.0,0.5036916732788086,0.17407800257205963,5
/home/grva-mintcave/Projects/Facies/Dataset/facies/tiles/images/img_01166.npy,/home/grva-mintcave/Projects/Facies/Dataset/facies/tiles/masks/img_01166.npy,"(4, 512, 512)",0.0,1.0,0.5025938153266907,0.10769528150558472,5
/home/grva-mintcave/Projects/Facies/Dataset/facies/tiles/images/img_01167.npy,/home/grva-mintcave/Projects/Facies/Dataset/facies/tiles/masks/img_01167.npy,"(4, 512, 512)",0.0,1.0,0.502346932888031,0.09745244681835175,5
/home/grva-mintcave/Projects/Facies/Dataset/facies/tiles/images/img_01168.npy,/home/grva-mintcave/Projects/Facies/Dataset/facies/tiles/masks/img_01168.npy,"(4, 512, 512)",0.0,1.0,0.5023831129074097,0.14007854461669922,5
/home/grva-mintcave/Projects/Facies/Dataset/facies/tiles/images/img_01169.npy,/home/grva-mintcave/Projects/Facies/Dataset/facies/tiles/masks/img_01169.npy,"(4, 512, 512)",0.0,1.0,0.5023331046104431,0.1406792402267456,5
/home/grva-mintcave/Projects/Facies/Dataset/facies/tiles/images/img_01170.npy,/home/grva-mintcave/Projects/Facies/Dataset/facies/tiles/masks/img_01170.npy,"(4, 512, 512)",0.0,1.0,0.5051043629646301,0.16880539059638977,5
/home/grva-mintcave/Projects/Facies/Dataset/facies/tiles/images/img_01171.npy,/home/grva-mintcave/Projects/Facies/Dataset/facies/tiles/masks/img_01171.npy,"(4, 512, 512)",0.0,1.0,0.5027556419372559,0.10569285601377487,5
/home/grva-mintcave/Projects/Facies/Dataset/facies/tiles/images/img_01172.npy,/home/grva-mintcave/Projects/Facies/Dataset/facies/tiles/masks/img_01172.npy,"(4, 512, 512)",0.0,1.0,0.5023450255393982,0.09993142634630203,5
/home/grva-mintcave/Projects/Facies/Dataset/facies/tiles/images/img_01173.npy,/home/grva-mintcave/Projects/Facies/Dataset/facies/tiles/masks/img_01173.npy,"(4, 512, 512)",0.0,1.0,0.5031805634498596,0.1356818974018097,5
/home/grva-mintcave/Projects/Facies/Dataset/facies/tiles/images/img_01174.npy,/home/grva-mintcave/Projects/Facies/Dataset/facies/tiles/masks/img_01174.npy,"(4, 512, 512)",0.0,1.0,0.5032133460044861,0.13600125908851624,5
/home/grva-mintcave/Projects/Facies/Dataset/facies/tiles/images/img_01175.npy,/home/grva-mintcave/Projects/Facies/Dataset/facies/tiles/masks/img_01175.npy,"(4, 512, 512)",0.0,1.0,0.5032358169555664,0.17356076836585999,5
/home/grva-mintcave/Projects/Facies/Dataset/facies/tiles/images/img_01176.npy,/home/grva-mintcave/Projects/Facies/Dataset/facies/tiles/masks/img_01176.npy,"(4, 512, 512)",0.0,1.0,0.5024737119674683,0.10673952847719193,5
/home/grva-mintcave/Projects/Facies/Dataset/facies/tiles/images/img_01177.npy,/home/grva-mintcave/Projects/Facies/Dataset/facies/tiles/masks/img_01177.npy,"(4, 512, 512)",0.0,1.0,0.5024017691612244,0.09701936691999435,5
/home/grva-mintcave/Projects/Facies/Dataset/facies/tiles/images/img_01178.npy,/home/grva-mintcave/Projects/Facies/Dataset/facies/tiles/masks/img_01178.npy,"(4, 512, 512)",0.0,1.0,0.5019247531890869,0.12842722237110138,5
/home/grva-mintcave/Projects/Facies/Dataset/facies/tiles/images/img_01179.npy,/home/grva-mintcave/Projects/Facies/Dataset/facies/tiles/masks/img_01179.npy,"(4, 512, 512)",0.0,1.0,0.5018818974494934,0.12907123565673828,5
/home/grva-mintcave/Projects/Facies/Dataset/facies/tiles/images/img_01180.npy,/home/grva-mintcave/Projects/Facies/Dataset/facies/tiles/masks/img_01180.npy,"(4, 512, 512)",0.0,1.0,0.5049727559089661,0.16194239258766174,5
/home/grva-mintcave/Projects/Facies/Dataset/facies/tiles/images/img_01181.npy,/home/grva-mintcave/Projects/Facies/Dataset/facies/tiles/masks/img_01181.npy,"(4, 512, 512)",0.0,1.0,0.5028247833251953,0.10517659783363342,5
/home/grva-mintcave/Projects/Facies/Dataset/facies/tiles/images/img_01182.npy,/home/grva-mintcave/Projects/Facies/Dataset/facies/tiles/masks/img_01182.npy,"(4, 512, 512)",0.0,1.0,0.5024532675743103,0.09645814448595047,5
/home/grva-mintcave/Projects/Facies/Dataset/facies/tiles/images/img_01183.npy,/home/grva-mintcave/Projects/Facies/Dataset/facies/tiles/masks/img_01183.npy,"(4, 512, 512)",0.0,1.0,0.5032880902290344,0.13365302979946136,5
/home/grva-mintcave/Projects/Facies/Dataset/facies/tiles/images/img_01184.npy,/home/grva-mintcave/Projects/Facies/Dataset/facies/tiles/masks/img_01184.npy,"(4, 512, 512)",0.0,1.0,0.5033214688301086,0.13379836082458496,5
/home/grva-mintcave/Projects/Facies/Dataset/facies/tiles/images/img_01185.npy,/home/grva-mintcave/Projects/Facies/Dataset/facies/tiles/masks/img_01185.npy,"(4, 512, 512)",0.0,1.0,0.5030945539474487,0.16681452095508575,5
/home/grva-mintcave/Projects/Facies/Dataset/facies/tiles/images/img_01186.npy,/home/grva-mintcave/Projects/Facies/Dataset/facies/tiles/masks/img_01186.npy,"(4, 512, 512)",0.0,1.0,0.5025664567947388,0.10588372498750687,5
/home/grva-mintcave/Projects/Facies/Dataset/facies/tiles/images/img_01187.npy,/home/grva-mintcave/Projects/Facies/Dataset/facies/tiles/masks/img_01187.npy,"(4, 512, 512)",0.0,1.0,0.5024899840354919,0.09440040588378906,5
/home/grva-mintcave/Projects/Facies/Dataset/facies/tiles/images/img_01188.npy,/home/grva-mintcave/Projects/Facies/Dataset/facies/tiles/masks/img_01188.npy,"(4, 512, 512)",0.0,1.0,0.502261221408844,0.12338516116142273,5
/home/grva-mintcave/Projects/Facies/Dataset/facies/tiles/images/img_01189.npy,/home/grva-mintcave/Projects/Facies/Dataset/facies/tiles/masks/img_01189.npy,"(4, 512, 512)",0.0,1.0,0.502231240272522,0.12384723126888275,5
/home/grva-mintcave/Projects/Facies/Dataset/facies/tiles/images/img_01190.npy,/home/grva-mintcave/Projects/Facies/Dataset/facies/tiles/masks/img_01190.npy,"(4, 512, 512)",0.0,1.0,0.5051442980766296,0.1576203554868698,5
/home/grva-mintcave/Projects/Facies/Dataset/facies/tiles/images/img_01191.npy,/home/grva-mintcave/Projects/Facies/Dataset/facies/tiles/masks/img_01191.npy,"(4, 512, 512)",0.0,1.0,0.5027289986610413,0.1086556538939476,5
/home/grva-mintcave/Projects/Facies/Dataset/facies/tiles/images/img_01192.npy,/home/grva-mintcave/Projects/Facies/Dataset/facies/tiles/masks/img_01192.npy,"(4, 512, 512)",0.0,1.0,0.5025926232337952,0.09623554348945618,5
/home/grva-mintcave/Projects/Facies/Dataset/facies/tiles/images/img_01193.npy,/home/grva-mintcave/Projects/Facies/Dataset/facies/tiles/masks/img_01193.npy,"(4, 512, 512)",0.0,1.0,0.5032944679260254,0.13407307863235474,5
/home/grva-mintcave/Projects/Facies/Dataset/facies/tiles/images/img_01194.npy,/home/grva-mintcave/Projects/Facies/Dataset/facies/tiles/masks/img_01194.npy,"(4, 512, 512)",0.0,1.0,0.503320038318634,0.13440978527069092,5
/home/grva-mintcave/Projects/Facies/Dataset/facies/tiles/images/img_01195.npy,/home/grva-mintcave/Projects/Facies/Dataset/facies/tiles/masks/img_01195.npy,"(4, 512, 512)",0.0,1.0,0.5032038688659668,0.16234591603279114,5
/home/grva-mintcave/Projects/Facies/Dataset/facies/tiles/images/img_01196.npy,/home/grva-mintcave/Projects/Facies/Dataset/facies/tiles/masks/img_01196.npy,"(4, 512, 512)",0.0,1.0,0.5026827454566956,0.1098107397556305,5
/home/grva-mintcave/Projects/Facies/Dataset/facies/tiles/images/img_01197.npy,/home/grva-mintcave/Projects/Facies/Dataset/facies/tiles/masks/img_01197.npy,"(4, 512, 512)",0.0,1.0,0.5024601221084595,0.09477240592241287,5
/home/grva-mintcave/Projects/Facies/Dataset/facies/tiles/images/img_01198.npy,/home/grva-mintcave/Projects/Facies/Dataset/facies/tiles/masks/img_01198.npy,"(4, 512, 512)",0.0,1.0,0.5022023916244507,0.12230237573385239,5
/home/grva-mintcave/Projects/Facies/Dataset/facies/tiles/images/img_01199.npy,/home/grva-mintcave/Projects/Facies/Dataset/facies/tiles/masks/img_01199.npy,"(4, 512, 512)",0.0,1.0,0.5021626949310303,0.12287189811468124,5
/home/grva-mintcave/Projects/Facies/Dataset/facies/tiles/images/img_01200.npy,/home/grva-mintcave/Projects/Facies/Dataset/facies/tiles/masks/img_01200.npy,"(4, 512, 512)",0.0,1.0,0.5050210952758789,0.15358112752437592,5
/home/grva-mintcave/Projects/Facies/Dataset/facies/tiles/images/img_01201.npy,/home/grva-mintcave/Projects/Facies/Dataset/facies/tiles/masks/img_01201.npy,"(4, 512, 512)",0.0,1.0,0.5025888681411743,0.10776025801897049,5
/home/grva-mintcave/Projects/Facies/Dataset/facies/tiles/images/img_01202.npy,/home/grva-mintcave/Projects/Facies/Dataset/facies/tiles/masks/img_01202.npy,"(4, 512, 512)",0.0,1.0,0.5025724172592163,0.09540555626153946,5
/home/grva-mintcave/Projects/Facies/Dataset/facies/tiles/images/img_01203.npy,/home/grva-mintcave/Projects/Facies/Dataset/facies/tiles/masks/img_01203.npy,"(4, 512, 512)",0.0,1.0,0.5032936334609985,0.13506028056144714,5
/home/grva-mintcave/Projects/Facies/Dataset/facies/tiles/images/img_01204.npy,/home/grva-mintcave/Projects/Facies/Dataset/facies/tiles/masks/img_01204.npy,"(4, 512, 512)",0.0,1.0,0.503301739692688,0.13560500741004944,5
/home/grva-mintcave/Projects/Facies/Dataset/facies/tiles/images/img_01205.npy,/home/grva-mintcave/Projects/Facies/Dataset/facies/tiles/masks/img_01205.npy,"(4, 512, 512)",0.0,1.0,0.5035722851753235,0.15769846737384796,5
/home/grva-mintcave/Projects/Facies/Dataset/facies/tiles/images/img_01206.npy,/home/grva-mintcave/Projects/Facies/Dataset/facies/tiles/masks/img_01206.npy,"(4, 512, 512)",0.0,1.0,0.5027174949645996,0.1085113063454628,5
/home/grva-mintcave/Projects/Facies/Dataset/facies/tiles/images/img_01207.npy,/home/grva-mintcave/Projects/Facies/Dataset/facies/tiles/masks/img_01207.npy,"(4, 512, 512)",0.0,1.0,0.5024005174636841,0.09426184743642807,5
/home/grva-mintcave/Projects/Facies/Dataset/facies/tiles/images/img_01208.npy,/home/grva-mintcave/Projects/Facies/Dataset/facies/tiles/masks/img_01208.npy,"(4, 512, 512)",0.0,1.0,0.5019597411155701,0.12261746823787689,5
/home/grva-mintcave/Projects/Facies/Dataset/facies/tiles/images/img_01209.npy,/home/grva-mintcave/Projects/Facies/Dataset/facies/tiles/masks/img_01209.npy,"(4, 512, 512)",0.0,1.0,0.5019242763519287,0.12328632175922394,5
/home/grva-mintcave/Projects/Facies/Dataset/facies/tiles/images/img_01210.npy,/home/grva-mintcave/Projects/Facies/Dataset/facies/tiles/masks/img_01210.npy,"(4, 512, 512)",0.0,1.0,0.5045956969261169,0.1522892415523529,5
/home/grva-mintcave/Projects/Facies/Dataset/facies/tiles/images/img_01211.npy,/home/grva-mintcave/Projects/Facies/Dataset/facies/tiles/masks/img_01211.npy,"(4, 512, 512)",0.0,1.0,0.5024853348731995,0.10942145437002182,5
/home/grva-mintcave/Projects/Facies/Dataset/facies/tiles/images/img_01212.npy,/home/grva-mintcave/Projects/Facies/Dataset/facies/tiles/masks/img_01212.npy,"(4, 512, 512)",0.0,1.0,0.5026971101760864,0.09416406601667404,5
/home/grva-mintcave/Projects/Facies/Dataset/facies/tiles/images/img_01213.npy,/home/grva-mintcave/Projects/Facies/Dataset/facies/tiles/masks/img_01213.npy,"(4, 512, 512)",0.0,1.0,0.5037009119987488,0.12964707612991333,5
/home/grva-mintcave/Projects/Facies/Dataset/facies/tiles/images/img_01214.npy,/home/grva-mintcave/Projects/Facies/Dataset/facies/tiles/masks/img_01214.npy,"(4, 512, 512)",0.0,1.0,0.503696084022522,0.13017825782299042,5
/home/grva-mintcave/Projects/Facies/Dataset/facies/tiles/images/img_01215.npy,/home/grva-mintcave/Projects/Facies/Dataset/facies/tiles/masks/img_01215.npy,"(4, 512, 512)",0.0,1.0,0.5032696723937988,0.15620660781860352,5
/home/grva-mintcave/Projects/Facies/Dataset/facies/tiles/images/img_01216.npy,/home/grva-mintcave/Projects/Facies/Dataset/facies/tiles/masks/img_01216.npy,"(4, 512, 512)",0.0,1.0,0.5027064085006714,0.1101914644241333,5
/home/grva-mintcave/Projects/Facies/Dataset/facies/tiles/images/img_01217.npy,/home/grva-mintcave/Projects/Facies/Dataset/facies/tiles/masks/img_01217.npy,"(4, 512, 512)",0.0,1.0,0.5023074746131897,0.09320633113384247,5
/home/grva-mintcave/Projects/Facies/Dataset/facies/tiles/images/img_01218.npy,/home/grva-mintcave/Projects/Facies/Dataset/facies/tiles/masks/img_01218.npy,"(4, 512, 512)",0.0,1.0,0.5020849704742432,0.11733958125114441,5
/home/grva-mintcave/Projects/Facies/Dataset/facies/tiles/images/img_01219.npy,/home/grva-mintcave/Projects/Facies/Dataset/facies/tiles/masks/img_01219.npy,"(4, 512, 512)",0.0,1.0,0.5020372271537781,0.11817455291748047,5
/home/grva-mintcave/Projects/Facies/Dataset/facies/tiles/images/img_01220.npy,/home/grva-mintcave/Projects/Facies/Dataset/facies/tiles/masks/img_01220.npy,"(4, 512, 512)",0.0,1.0,0.5042266845703125,0.15421520173549652,5
/home/grva-mintcave/Projects/Facies/Dataset/facies/tiles/images/img_01221.npy,/home/grva-mintcave/Projects/Facies/Dataset/facies/tiles/masks/img_01221.npy,"(4, 512, 512)",0.0,1.0,0.5026304721832275,0.11357105523347855,5
/home/grva-mintcave/Projects/Facies/Dataset/facies/tiles/images/img_01222.npy,/home/grva-mintcave/Projects/Facies/Dataset/facies/tiles/masks/img_01222.npy,"(4, 512, 512)",0.0,1.0,0.5028972029685974,0.10258252918720245,5
/home/grva-mintcave/Projects/Facies/Dataset/facies/tiles/images/img_01223.npy,/home/grva-mintcave/Projects/Facies/Dataset/facies/tiles/masks/img_01223.npy,"(4, 512, 512)",0.0,1.0,0.5031382441520691,0.13048933446407318,5
/home/grva-mintcave/Projects/Facies/Dataset/facies/tiles/images/img_01224.npy,/home/grva-mintcave/Projects/Facies/Dataset/facies/tiles/masks/img_01224.npy,"(4, 512, 512)",0.0,1.0,0.5031358599662781,0.13085301220417023,5
/home/grva-mintcave/Projects/Facies/Dataset/facies/tiles/images/img_01225.npy,/home/grva-mintcave/Projects/Facies/Dataset/facies/tiles/masks/img_01225.npy,"(4, 512, 512)",0.0,1.0,0.5031158924102783,0.15751014649868011,5
/home/grva-mintcave/Projects/Facies/Dataset/facies/tiles/images/img_01226.npy,/home/grva-mintcave/Projects/Facies/Dataset/facies/tiles/masks/img_01226.npy,"(4, 512, 512)",0.0,1.0,0.5025199055671692,0.1144247055053711,5
/home/grva-mintcave/Projects/Facies/Dataset/facies/tiles/images/img_01227.npy,/home/grva-mintcave/Projects/Facies/Dataset/facies/tiles/masks/img_01227.npy,"(4, 512, 512)",0.0,1.0,0.5023519992828369,0.1019769236445427,5
/home/grva-mintcave/Projects/Facies/Dataset/facies/tiles/images/img_01228.npy,/home/grva-mintcave/Projects/Facies/Dataset/facies/tiles/masks/img_01228.npy,"(4, 512, 512)",0.0,1.0,0.5024793744087219,0.11878805607557297,5
/home/grva-mintcave/Projects/Facies/Dataset/facies/tiles/images/img_01229.npy,/home/grva-mintcave/Projects/Facies/Dataset/facies/tiles/masks/img_01229.npy,"(4, 512, 512)",0.0,1.0,0.5024440884590149,0.11944389343261719,5
/home/grva-mintcave/Projects/Facies/Dataset/facies/tiles/images/img_01230.npy,/home/grva-mintcave/Projects/Facies/Dataset/facies/tiles/masks/img_01230.npy,"(4, 512, 512)",0.0,1.0,0.5042383074760437,0.15008816123008728,5
/home/grva-mintcave/Projects/Facies/Dataset/facies/tiles/images/img_01231.npy,/home/grva-mintcave/Projects/Facies/Dataset/facies/tiles/masks/img_01231.npy,"(4, 512, 512)",0.0,1.0,0.5025001764297485,0.11951759457588196,5
/home/grva-mintcave/Projects/Facies/Dataset/facies/tiles/images/img_01232.npy,/home/grva-mintcave/Projects/Facies/Dataset/facies/tiles/masks/img_01232.npy,"(4, 512, 512)",0.0,1.0,0.5030782222747803,0.11273018270730972,5
/home/grva-mintcave/Projects/Facies/Dataset/facies/tiles/images/img_01233.npy,/home/grva-mintcave/Projects/Facies/Dataset/facies/tiles/masks/img_01233.npy,"(4, 512, 512)",0.0,1.0,0.5029928088188171,0.12939094007015228,5
/home/grva-mintcave/Projects/Facies/Dataset/facies/tiles/images/img_01234.npy,/home/grva-mintcave/Projects/Facies/Dataset/facies/tiles/masks/img_01234.npy,"(4, 512, 512)",0.0,1.0,0.5029812455177307,0.12980002164840698,5
/home/grva-mintcave/Projects/Facies/Dataset/facies/tiles/images/img_01235.npy,/home/grva-mintcave/Projects/Facies/Dataset/facies/tiles/masks/img_01235.npy,"(4, 512, 512)",0.0,1.0,0.5030279755592346,0.15293550491333008,5
/home/grva-mintcave/Projects/Facies/Dataset/facies/tiles/images/img_01236.npy,/home/grva-mintcave/Projects/Facies/Dataset/facies/tiles/masks/img_01236.npy,"(4, 512, 512)",0.0,1.0,0.5025538206100464,0.1203777864575386,5
/home/grva-mintcave/Projects/Facies/Dataset/facies/tiles/images/img_01237.npy,/home/grva-mintcave/Projects/Facies/Dataset/facies/tiles/masks/img_01237.npy,"(4, 512, 512)",0.0,1.0,0.5025323033332825,0.11259523779153824,5
/home/grva-mintcave/Projects/Facies/Dataset/facies/tiles/images/img_01238.npy,/home/grva-mintcave/Projects/Facies/Dataset/facies/tiles/masks/img_01238.npy,"(4, 512, 512)",0.0,1.0,0.5024594664573669,0.11761222034692764,5
/home/grva-mintcave/Projects/Facies/Dataset/facies/tiles/images/img_01239.npy,/home/grva-mintcave/Projects/Facies/Dataset/facies/tiles/masks/img_01239.npy,"(4, 512, 512)",0.0,1.0,0.5024316906929016,0.1182028204202652,5
/home/grva-mintcave/Projects/Facies/Dataset/facies/tiles/images/img_01240.npy,/home/grva-mintcave/Projects/Facies/Dataset/facies/tiles/masks/img_01240.npy,"(4, 512, 512)",0.0,1.0,0.5040423274040222,0.1411057561635971,5
/home/grva-mintcave/Projects/Facies/Dataset/facies/tiles/images/img_01241.npy,/home/grva-mintcave/Projects/Facies/Dataset/facies/tiles/masks/img_01241.npy,"(4, 512, 512)",0.0,1.0,0.5024991631507874,0.11990029364824295,5
/home/grva-mintcave/Projects/Facies/Dataset/facies/tiles/images/img_01242.npy,/home/grva-mintcave/Projects/Facies/Dataset/facies/tiles/masks/img_01242.npy,"(4, 512, 512)",0.0,1.0,0.5027405619621277,0.11119020730257034,5
/home/grva-mintcave/Projects/Facies/Dataset/facies/tiles/images/img_01243.npy,/home/grva-mintcave/Projects/Facies/Dataset/facies/tiles/masks/img_01243.npy,"(4, 512, 512)",0.0,1.0,0.5029538869857788,0.12580132484436035,5
/home/grva-mintcave/Projects/Facies/Dataset/facies/tiles/images/img_01244.npy,/home/grva-mintcave/Projects/Facies/Dataset/facies/tiles/masks/img_01244.npy,"(4, 512, 512)",0.0,1.0,0.5029639005661011,0.12631316483020782,5
/home/grva-mintcave/Projects/Facies/Dataset/facies/tiles/images/img_01245.npy,/home/grva-mintcave/Projects/Facies/Dataset/facies/tiles/masks/img_01245.npy,"(4, 512, 512)",0.0,1.0,0.5029492974281311,0.14375963807106018,5
/home/grva-mintcave/Projects/Facies/Dataset/facies/tiles/images/img_01246.npy,/home/grva-mintcave/Projects/Facies/Dataset/facies/tiles/masks/img_01246.npy,"(4, 512, 512)",0.0,1.0,0.502423107624054,0.12056434899568558,5
/home/grva-mintcave/Projects/Facies/Dataset/facies/tiles/images/img_01247.npy,/home/grva-mintcave/Projects/Facies/Dataset/facies/tiles/masks/img_01247.npy,"(4, 512, 512)",0.0,1.0,0.5024673342704773,0.11110047250986099,5
/home/grva-mintcave/Projects/Facies/Dataset/facies/tiles/images/img_01248.npy,/home/grva-mintcave/Projects/Facies/Dataset/facies/tiles/masks/img_01248.npy,"(4, 512, 512)",0.0,1.0,0.5022956728935242,0.11329394578933716,5
/home/grva-mintcave/Projects/Facies/Dataset/facies/tiles/images/img_01249.npy,/home/grva-mintcave/Projects/Facies/Dataset/facies/tiles/masks/img_01249.npy,"(4, 512, 512)",0.0,1.0,0.502267599105835,0.11401781439781189,5
/home/grva-mintcave/Projects/Facies/Dataset/facies/tiles/images/img_01250.npy,/home/grva-mintcave/Projects/Facies/Dataset/facies/tiles/masks/img_01250.npy,"(4, 512, 512)",0.0,1.0,0.5039668679237366,0.13614505529403687,5
/home/grva-mintcave/Projects/Facies/Dataset/facies/tiles/images/img_01251.npy,/home/grva-mintcave/Projects/Facies/Dataset/facies/tiles/masks/img_01251.npy,"(4, 512, 512)",0.0,1.0,0.502616822719574,0.11592008173465729,5
/home/grva-mintcave/Projects/Facies/Dataset/facies/tiles/images/img_01252.npy,/home/grva-mintcave/Projects/Facies/Dataset/facies/tiles/masks/img_01252.npy,"(4, 512, 512)",0.0,1.0,0.5029849410057068,0.12052948027849197,5
/home/grva-mintcave/Projects/Facies/Dataset/facies/tiles/images/img_01253.npy,/home/grva-mintcave/Projects/Facies/Dataset/facies/tiles/masks/img_01253.npy,"(4, 512, 512)",0.0,1.0,0.5031030178070068,0.12288424372673035,5
/home/grva-mintcave/Projects/Facies/Dataset/facies/tiles/images/img_01254.npy,/home/grva-mintcave/Projects/Facies/Dataset/facies/tiles/masks/img_01254.npy,"(4, 512, 512)",0.0,1.0,0.5031019449234009,0.12336762994527817,5
/home/grva-mintcave/Projects/Facies/Dataset/facies/tiles/images/img_01255.npy,/home/grva-mintcave/Projects/Facies/Dataset/facies/tiles/masks/img_01255.npy,"(4, 512, 512)",0.0,1.0,0.5026872158050537,0.13855020701885223,5
/home/grva-mintcave/Projects/Facies/Dataset/facies/tiles/images/img_01256.npy,/home/grva-mintcave/Projects/Facies/Dataset/facies/tiles/masks/img_01256.npy,"(4, 512, 512)",0.0,1.0,0.5026190280914307,0.11632198095321655,5
/home/grva-mintcave/Projects/Facies/Dataset/facies/tiles/images/img_01257.npy,/home/grva-mintcave/Projects/Facies/Dataset/facies/tiles/masks/img_01257.npy,"(4, 512, 512)",0.0,1.0,0.5028661489486694,0.12095189839601517,5
/home/grva-mintcave/Projects/Facies/Dataset/facies/tiles/images/img_01258.npy,/home/grva-mintcave/Projects/Facies/Dataset/facies/tiles/masks/img_01258.npy,"(4, 512, 512)",0.0,1.0,0.5023776292800903,0.1107744500041008,5
/home/grva-mintcave/Projects/Facies/Dataset/facies/tiles/images/img_01259.npy,/home/grva-mintcave/Projects/Facies/Dataset/facies/tiles/masks/img_01259.npy,"(4, 512, 512)",0.0,1.0,0.5023549795150757,0.11140460520982742,5
/home/grva-mintcave/Projects/Facies/Dataset/facies/tiles/images/img_01260.npy,/home/grva-mintcave/Projects/Facies/Dataset/facies/tiles/masks/img_01260.npy,"(4, 512, 512)",0.0,1.0,0.5041720867156982,0.13854606449604034,5
/home/grva-mintcave/Projects/Facies/Dataset/facies/tiles/images/img_01261.npy,/home/grva-mintcave/Projects/Facies/Dataset/facies/tiles/masks/img_01261.npy,"(4, 512, 512)",0.0,1.0,0.5027124285697937,0.12213364243507385,5
/home/grva-mintcave/Projects/Facies/Dataset/facies/tiles/images/img_01262.npy,/home/grva-mintcave/Projects/Facies/Dataset/facies/tiles/masks/img_01262.npy,"(4, 512, 512)",0.0,1.0,0.5028401613235474,0.1261526495218277,5
/home/grva-mintcave/Projects/Facies/Dataset/facies/tiles/images/img_01263.npy,/home/grva-mintcave/Projects/Facies/Dataset/facies/tiles/masks/img_01263.npy,"(4, 512, 512)",0.0,1.0,0.5029535889625549,0.12308642268180847,5
/home/grva-mintcave/Projects/Facies/Dataset/facies/tiles/images/img_01264.npy,/home/grva-mintcave/Projects/Facies/Dataset/facies/tiles/masks/img_01264.npy,"(4, 512, 512)",0.0,1.0,0.5029629468917847,0.12365639954805374,5
/home/grva-mintcave/Projects/Facies/Dataset/facies/tiles/images/img_01265.npy,/home/grva-mintcave/Projects/Facies/Dataset/facies/tiles/masks/img_01265.npy,"(4, 512, 512)",0.0,1.0,0.5024151802062988,0.14060288667678833,5
/home/grva-mintcave/Projects/Facies/Dataset/facies/tiles/images/img_01266.npy,/home/grva-mintcave/Projects/Facies/Dataset/facies/tiles/masks/img_01266.npy,"(4, 512, 512)",0.0,1.0,0.5027459859848022,0.12267090380191803,5
/home/grva-mintcave/Projects/Facies/Dataset/facies/tiles/images/img_01267.npy,/home/grva-mintcave/Projects/Facies/Dataset/facies/tiles/masks/img_01267.npy,"(4, 512, 512)",0.0,1.0,0.5027209520339966,0.1268305629491806,5
/home/grva-mintcave/Projects/Facies/Dataset/facies/tiles/images/img_01268.npy,/home/grva-mintcave/Projects/Facies/Dataset/facies/tiles/masks/img_01268.npy,"(4, 512, 512)",0.0,1.0,0.5022517442703247,0.1114497110247612,5
/home/grva-mintcave/Projects/Facies/Dataset/facies/tiles/images/img_01269.npy,/home/grva-mintcave/Projects/Facies/Dataset/facies/tiles/masks/img_01269.npy,"(4, 512, 512)",0.0,1.0,0.5022392868995667,0.1121140867471695,5
/home/grva-mintcave/Projects/Facies/Dataset/facies/tiles/images/img_01270.npy,/home/grva-mintcave/Projects/Facies/Dataset/facies/tiles/masks/img_01270.npy,"(4, 512, 512)",0.0,1.0,0.5042044520378113,0.13820143043994904,5
/home/grva-mintcave/Projects/Facies/Dataset/facies/tiles/images/img_01271.npy,/home/grva-mintcave/Projects/Facies/Dataset/facies/tiles/masks/img_01271.npy,"(4, 512, 512)",0.0,1.0,0.5028085112571716,0.13119325041770935,5
/home/grva-mintcave/Projects/Facies/Dataset/facies/tiles/images/img_01272.npy,/home/grva-mintcave/Projects/Facies/Dataset/facies/tiles/masks/img_01272.npy,"(4, 512, 512)",0.0,1.0,0.5026730895042419,0.12595437467098236,5
/home/grva-mintcave/Projects/Facies/Dataset/facies/tiles/images/img_01273.npy,/home/grva-mintcave/Projects/Facies/Dataset/facies/tiles/masks/img_01273.npy,"(4, 512, 512)",0.0,1.0,0.503057062625885,0.11962494999170303,5
/home/grva-mintcave/Projects/Facies/Dataset/facies/tiles/images/img_01274.npy,/home/grva-mintcave/Projects/Facies/Dataset/facies/tiles/masks/img_01274.npy,"(4, 512, 512)",0.0,1.0,0.503051221370697,0.1201147586107254,5
/home/grva-mintcave/Projects/Facies/Dataset/facies/tiles/images/img_01275.npy,/home/grva-mintcave/Projects/Facies/Dataset/facies/tiles/masks/img_01275.npy,"(4, 512, 512)",0.0,1.0,0.5024267435073853,0.14029522240161896,5
/home/grva-mintcave/Projects/Facies/Dataset/facies/tiles/images/img_01276.npy,/home/grva-mintcave/Projects/Facies/Dataset/facies/tiles/masks/img_01276.npy,"(4, 512, 512)",0.0,1.0,0.5025651454925537,0.13207270205020905,5
/home/grva-mintcave/Projects/Facies/Dataset/facies/tiles/images/img_01277.npy,/home/grva-mintcave/Projects/Facies/Dataset/facies/tiles/masks/img_01277.npy,"(4, 512, 512)",0.0,1.0,0.5026255249977112,0.12611939013004303,5
/home/grva-mintcave/Projects/Facies/Dataset/facies/tiles/images/img_01278.npy,/home/grva-mintcave/Projects/Facies/Dataset/facies/tiles/masks/img_01278.npy,"(4, 512, 512)",0.0,1.0,0.5027890205383301,0.10994607955217361,5
/home/grva-mintcave/Projects/Facies/Dataset/facies/tiles/images/img_01279.npy,/home/grva-mintcave/Projects/Facies/Dataset/facies/tiles/masks/img_01279.npy,"(4, 512, 512)",0.0,1.0,0.5027538537979126,0.1105317771434784,5
/home/grva-mintcave/Projects/Facies/Dataset/facies/tiles/images/img_01280.npy,/home/grva-mintcave/Projects/Facies/Dataset/facies/tiles/masks/img_01280.npy,"(4, 512, 512)",0.0,1.0,0.5037420392036438,0.12956231832504272,5
/home/grva-mintcave/Projects/Facies/Dataset/facies/tiles/images/img_01281.npy,/home/grva-mintcave/Projects/Facies/Dataset/facies/tiles/masks/img_01281.npy,"(4, 512, 512)",0.0,1.0,0.5026854872703552,0.1393839567899704,5
/home/grva-mintcave/Projects/Facies/Dataset/facies/tiles/images/img_01282.npy,/home/grva-mintcave/Projects/Facies/Dataset/facies/tiles/masks/img_01282.npy,"(4, 512, 512)",0.0,1.0,0.5025689601898193,0.12003199011087418,5
/home/grva-mintcave/Projects/Facies/Dataset/facies/tiles/images/img_01283.npy,/home/grva-mintcave/Projects/Facies/Dataset/facies/tiles/masks/img_01283.npy,"(4, 512, 512)",0.0,1.0,0.5030392408370972,0.11965338885784149,5
/home/grva-mintcave/Projects/Facies/Dataset/facies/tiles/images/img_01284.npy,/home/grva-mintcave/Projects/Facies/Dataset/facies/tiles/masks/img_01284.npy,"(4, 512, 512)",0.0,1.0,0.503035306930542,0.12027211487293243,5
/home/grva-mintcave/Projects/Facies/Dataset/facies/tiles/images/img_01285.npy,/home/grva-mintcave/Projects/Facies/Dataset/facies/tiles/masks/img_01285.npy,"(4, 512, 512)",0.0,1.0,0.5026596784591675,0.13189628720283508,5
/home/grva-mintcave/Projects/Facies/Dataset/facies/tiles/images/img_01286.npy,/home/grva-mintcave/Projects/Facies/Dataset/facies/tiles/masks/img_01286.npy,"(4, 512, 512)",0.0,1.0,0.5024619102478027,0.14036691188812256,5
/home/grva-mintcave/Projects/Facies/Dataset/facies/tiles/images/img_01287.npy,/home/grva-mintcave/Projects/Facies/Dataset/facies/tiles/masks/img_01287.npy,"(4, 512, 512)",0.0,1.0,0.5027397274971008,0.12094729393720627,5
/home/grva-mintcave/Projects/Facies/Dataset/facies/tiles/images/img_01288.npy,/home/grva-mintcave/Projects/Facies/Dataset/facies/tiles/masks/img_01288.npy,"(4, 512, 512)",0.0,1.0,0.5028160810470581,0.11032518744468689,5
/home/grva-mintcave/Projects/Facies/Dataset/facies/tiles/images/img_01289.npy,/home/grva-mintcave/Projects/Facies/Dataset/facies/tiles/masks/img_01289.npy,"(4, 512, 512)",0.0,1.0,0.5027894377708435,0.11100386083126068,5
/home/grva-mintcave/Projects/Facies/Dataset/facies/tiles/images/img_01290.npy,/home/grva-mintcave/Projects/Facies/Dataset/facies/tiles/masks/img_01290.npy,"(4, 512, 512)",0.0,1.0,0.5033205151557922,0.1134340688586235,5
/home/grva-mintcave/Projects/Facies/Dataset/facies/tiles/images/img_01291.npy,/home/grva-mintcave/Projects/Facies/Dataset/facies/tiles/masks/img_01291.npy,"(4, 512, 512)",0.0,1.0,0.5027561783790588,0.13302212953567505,5
/home/grva-mintcave/Projects/Facies/Dataset/facies/tiles/images/img_01292.npy,/home/grva-mintcave/Projects/Facies/Dataset/facies/tiles/masks/img_01292.npy,"(4, 512, 512)",0.0,1.0,0.5024388432502747,0.11647249013185501,5
/home/grva-mintcave/Projects/Facies/Dataset/facies/tiles/images/img_01293.npy,/home/grva-mintcave/Projects/Facies/Dataset/facies/tiles/masks/img_01293.npy,"(4, 512, 512)",0.0,1.0,0.5032206177711487,0.11707014590501785,5
/home/grva-mintcave/Projects/Facies/Dataset/facies/tiles/images/img_01294.npy,/home/grva-mintcave/Projects/Facies/Dataset/facies/tiles/masks/img_01294.npy,"(4, 512, 512)",0.0,1.0,0.503197968006134,0.11754263192415237,5
/home/grva-mintcave/Projects/Facies/Dataset/facies/tiles/images/img_01295.npy,/home/grva-mintcave/Projects/Facies/Dataset/facies/tiles/masks/img_01295.npy,"(4, 512, 512)",0.0,1.0,0.5022867321968079,0.11675052344799042,5
/home/grva-mintcave/Projects/Facies/Dataset/facies/tiles/images/img_01296.npy,/home/grva-mintcave/Projects/Facies/Dataset/facies/tiles/masks/img_01296.npy,"(4, 512, 512)",0.0,1.0,0.5024706721305847,0.13392095267772675,5
/home/grva-mintcave/Projects/Facies/Dataset/facies/tiles/images/img_01297.npy,/home/grva-mintcave/Projects/Facies/Dataset/facies/tiles/masks/img_01297.npy,"(4, 512, 512)",0.0,1.0,0.5029179453849792,0.1180599108338356,5
/home/grva-mintcave/Projects/Facies/Dataset/facies/tiles/images/img_01298.npy,/home/grva-mintcave/Projects/Facies/Dataset/facies/tiles/masks/img_01298.npy,"(4, 512, 512)",0.0,1.0,0.5029029846191406,0.10599185526371002,5
/home/grva-mintcave/Projects/Facies/Dataset/facies/tiles/images/img_01299.npy,/home/grva-mintcave/Projects/Facies/Dataset/facies/tiles/masks/img_01299.npy,"(4, 512, 512)",0.0,1.0,0.5028812289237976,0.10657509416341782,5
/home/grva-mintcave/Projects/Facies/Dataset/facies/tiles/images/img_01300.npy,/home/grva-mintcave/Projects/Facies/Dataset/facies/tiles/masks/img_01300.npy,"(4, 512, 512)",0.0,1.0,0.5034677386283875,0.1151920035481453,5
/home/grva-mintcave/Projects/Facies/Dataset/facies/tiles/images/img_01301.npy,/home/grva-mintcave/Projects/Facies/Dataset/facies/tiles/masks/img_01301.npy,"(4, 512, 512)",0.0,1.0,0.5026130676269531,0.1248246431350708,5
/home/grva-mintcave/Projects/Facies/Dataset/facies/tiles/images/img_01302.npy,/home/grva-mintcave/Projects/Facies/Dataset/facies/tiles/masks/img_01302.npy,"(4, 512, 512)",0.0,1.0,0.5024940371513367,0.12237130850553513,5
/home/grva-mintcave/Projects/Facies/Dataset/facies/tiles/images/img_01303.npy,/home/grva-mintcave/Projects/Facies/Dataset/facies/tiles/masks/img_01303.npy,"(4, 512, 512)",0.0,1.0,0.5031083226203918,0.12229014933109283,5
/home/grva-mintcave/Projects/Facies/Dataset/facies/tiles/images/img_01304.npy,/home/grva-mintcave/Projects/Facies/Dataset/facies/tiles/masks/img_01304.npy,"(4, 512, 512)",0.0,1.0,0.503106415271759,0.12273626029491425,5
/home/grva-mintcave/Projects/Facies/Dataset/facies/tiles/images/img_01305.npy,/home/grva-mintcave/Projects/Facies/Dataset/facies/tiles/masks/img_01305.npy,"(4, 512, 512)",0.0,1.0,0.5023851990699768,0.1187439113855362,5
/home/grva-mintcave/Projects/Facies/Dataset/facies/tiles/images/img_01306.npy,/home/grva-mintcave/Projects/Facies/Dataset/facies/tiles/masks/img_01306.npy,"(4, 512, 512)",0.0,1.0,0.5026791095733643,0.1254175454378128,5
/home/grva-mintcave/Projects/Facies/Dataset/facies/tiles/images/img_01307.npy,/home/grva-mintcave/Projects/Facies/Dataset/facies/tiles/masks/img_01307.npy,"(4, 512, 512)",0.0,1.0,0.5028597712516785,0.12396574020385742,5
/home/grva-mintcave/Projects/Facies/Dataset/facies/tiles/images/img_01308.npy,/home/grva-mintcave/Projects/Facies/Dataset/facies/tiles/masks/img_01308.npy,"(4, 512, 512)",0.0,1.0,0.5028122067451477,0.11148062348365784,5
/home/grva-mintcave/Projects/Facies/Dataset/facies/tiles/images/img_01309.npy,/home/grva-mintcave/Projects/Facies/Dataset/facies/tiles/masks/img_01309.npy,"(4, 512, 512)",0.0,1.0,0.5028226971626282,0.11185168474912643,5
/home/grva-mintcave/Projects/Facies/Dataset/facies/tiles/images/img_01310.npy,/home/grva-mintcave/Projects/Facies/Dataset/facies/tiles/masks/img_01310.npy,"(4, 512, 512)",0.0,1.0,0.5039185285568237,0.12318164110183716,5
/home/grva-mintcave/Projects/Facies/Dataset/facies/tiles/images/img_01311.npy,/home/grva-mintcave/Projects/Facies/Dataset/facies/tiles/masks/img_01311.npy,"(4, 512, 512)",0.0,1.0,0.5024235844612122,0.13331370055675507,5
/home/grva-mintcave/Projects/Facies/Dataset/facies/tiles/images/img_01312.npy,/home/grva-mintcave/Projects/Facies/Dataset/facies/tiles/masks/img_01312.npy,"(4, 512, 512)",0.0,1.0,0.5025824904441833,0.1233329027891159,5
/home/grva-mintcave/Projects/Facies/Dataset/facies/tiles/images/img_01313.npy,/home/grva-mintcave/Projects/Facies/Dataset/facies/tiles/masks/img_01313.npy,"(4, 512, 512)",0.0,1.0,0.5031431913375854,0.12252010405063629,5
/home/grva-mintcave/Projects/Facies/Dataset/facies/tiles/images/img_01314.npy,/home/grva-mintcave/Projects/Facies/Dataset/facies/tiles/masks/img_01314.npy,"(4, 512, 512)",0.0,1.0,0.5031499266624451,0.12296400219202042,5
/home/grva-mintcave/Projects/Facies/Dataset/facies/tiles/images/img_01315.npy,/home/grva-mintcave/Projects/Facies/Dataset/facies/tiles/masks/img_01315.npy,"(4, 512, 512)",0.0,1.0,0.5026209950447083,0.1271369457244873,5
/home/grva-mintcave/Projects/Facies/Dataset/facies/tiles/images/img_01316.npy,/home/grva-mintcave/Projects/Facies/Dataset/facies/tiles/masks/img_01316.npy,"(4, 512, 512)",0.0,1.0,0.502472460269928,0.13420477509498596,5
/home/grva-mintcave/Projects/Facies/Dataset/facies/tiles/images/img_01317.npy,/home/grva-mintcave/Projects/Facies/Dataset/facies/tiles/masks/img_01317.npy,"(4, 512, 512)",0.0,1.0,0.5029388070106506,0.12566204369068146,5
/home/grva-mintcave/Projects/Facies/Dataset/facies/tiles/images/img_01318.npy,/home/grva-mintcave/Projects/Facies/Dataset/facies/tiles/masks/img_01318.npy,"(4, 512, 512)",0.0,1.0,0.5028374791145325,0.11421271413564682,5
/home/grva-mintcave/Projects/Facies/Dataset/facies/tiles/images/img_01319.npy,/home/grva-mintcave/Projects/Facies/Dataset/facies/tiles/masks/img_01319.npy,"(4, 512, 512)",0.0,1.0,0.5028460025787354,0.11467990279197693,5
/home/grva-mintcave/Projects/Facies/Dataset/facies/tiles/images/img_01320.npy,/home/grva-mintcave/Projects/Facies/Dataset/facies/tiles/masks/img_01320.npy,"(4, 512, 512)",0.0,1.0,0.5039627552032471,0.1377154439687729,5
/home/grva-mintcave/Projects/Facies/Dataset/facies/tiles/images/img_01321.npy,/home/grva-mintcave/Projects/Facies/Dataset/facies/tiles/masks/img_01321.npy,"(4, 512, 512)",0.0,1.0,0.502409040927887,0.14342722296714783,5
/home/grva-mintcave/Projects/Facies/Dataset/facies/tiles/images/img_01322.npy,/home/grva-mintcave/Projects/Facies/Dataset/facies/tiles/masks/img_01322.npy,"(4, 512, 512)",0.0,1.0,0.5025640726089478,0.12265126407146454,5
/home/grva-mintcave/Projects/Facies/Dataset/facies/tiles/images/img_01323.npy,/home/grva-mintcave/Projects/Facies/Dataset/facies/tiles/masks/img_01323.npy,"(4, 512, 512)",0.0,1.0,0.5029823780059814,0.12938211858272552,5
/home/grva-mintcave/Projects/Facies/Dataset/facies/tiles/images/img_01324.npy,/home/grva-mintcave/Projects/Facies/Dataset/facies/tiles/masks/img_01324.npy,"(4, 512, 512)",0.0,1.0,0.5029927492141724,0.12971344590187073,5
/home/grva-mintcave/Projects/Facies/Dataset/facies/tiles/images/img_01325.npy,/home/grva-mintcave/Projects/Facies/Dataset/facies/tiles/masks/img_01325.npy,"(4, 512, 512)",0.0,1.0,0.5028800368309021,0.1430775225162506,5
/home/grva-mintcave/Projects/Facies/Dataset/facies/tiles/images/img_01326.npy,/home/grva-mintcave/Projects/Facies/Dataset/facies/tiles/masks/img_01326.npy,"(4, 512, 512)",0.0,1.0,0.5025213360786438,0.14473102986812592,5
/home/grva-mintcave/Projects/Facies/Dataset/facies/tiles/images/img_01327.npy,/home/grva-mintcave/Projects/Facies/Dataset/facies/tiles/masks/img_01327.npy,"(4, 512, 512)",0.0,1.0,0.5029814839363098,0.12377619743347168,5
/home/grva-mintcave/Projects/Facies/Dataset/facies/tiles/images/img_01328.npy,/home/grva-mintcave/Projects/Facies/Dataset/facies/tiles/masks/img_01328.npy,"(4, 512, 512)",0.0,1.0,0.5024804472923279,0.12151404470205307,5
/home/grva-mintcave/Projects/Facies/Dataset/facies/tiles/images/img_01329.npy,/home/grva-mintcave/Projects/Facies/Dataset/facies/tiles/masks/img_01329.npy,"(4, 512, 512)",0.0,1.0,0.5025044679641724,0.12191440910100937,5
/home/grva-mintcave/Projects/Facies/Dataset/facies/tiles/images/img_01330.npy,/home/grva-mintcave/Projects/Facies/Dataset/facies/tiles/masks/img_01330.npy,"(4, 512, 512)",0.0,1.0,0.5036758780479431,0.1402679830789566,5
/home/grva-mintcave/Projects/Facies/Dataset/facies/tiles/images/img_01331.npy,/home/grva-mintcave/Projects/Facies/Dataset/facies/tiles/masks/img_01331.npy,"(4, 512, 512)",0.0,1.0,0.5024478435516357,0.14673307538032532,5
/home/grva-mintcave/Projects/Facies/Dataset/facies/tiles/images/img_01332.npy,/home/grva-mintcave/Projects/Facies/Dataset/facies/tiles/masks/img_01332.npy,"(4, 512, 512)",0.0,1.0,0.5025343298912048,0.12564541399478912,5
/home/grva-mintcave/Projects/Facies/Dataset/facies/tiles/images/img_01333.npy,/home/grva-mintcave/Projects/Facies/Dataset/facies/tiles/masks/img_01333.npy,"(4, 512, 512)",0.0,1.0,0.5031372904777527,0.13220122456550598,5
/home/grva-mintcave/Projects/Facies/Dataset/facies/tiles/images/img_01334.npy,/home/grva-mintcave/Projects/Facies/Dataset/facies/tiles/masks/img_01334.npy,"(4, 512, 512)",0.0,1.0,0.5031538009643555,0.13252246379852295,5
/home/grva-mintcave/Projects/Facies/Dataset/facies/tiles/images/img_01335.npy,/home/grva-mintcave/Projects/Facies/Dataset/facies/tiles/masks/img_01335.npy,"(4, 512, 512)",0.0,1.0,0.5029714107513428,0.1463325470685959,5
/home/grva-mintcave/Projects/Facies/Dataset/facies/tiles/images/img_01336.npy,/home/grva-mintcave/Projects/Facies/Dataset/facies/tiles/masks/img_01336.npy,"(4, 512, 512)",0.0,1.0,0.5023633241653442,0.147929385304451,5
/home/grva-mintcave/Projects/Facies/Dataset/facies/tiles/images/img_01337.npy,/home/grva-mintcave/Projects/Facies/Dataset/facies/tiles/masks/img_01337.npy,"(4, 512, 512)",0.0,1.0,0.503017008304596,0.1279638409614563,5
/home/grva-mintcave/Projects/Facies/Dataset/facies/tiles/images/img_01338.npy,/home/grva-mintcave/Projects/Facies/Dataset/facies/tiles/masks/img_01338.npy,"(4, 512, 512)",0.0,1.0,0.5025692582130432,0.12557686865329742,5
/home/grva-mintcave/Projects/Facies/Dataset/facies/tiles/images/img_01339.npy,/home/grva-mintcave/Projects/Facies/Dataset/facies/tiles/masks/img_01339.npy,"(4, 512, 512)",0.0,1.0,0.5025821924209595,0.12598350644111633,5
/home/grva-mintcave/Projects/Facies/Dataset/facies/tiles/images/img_01340.npy,/home/grva-mintcave/Projects/Facies/Dataset/facies/tiles/masks/img_01340.npy,"(4, 512, 512)",0.0,1.0,0.50328129529953,0.13624043762683868,5
/home/grva-mintcave/Projects/Facies/Dataset/facies/tiles/images/img_01341.npy,/home/grva-mintcave/Projects/Facies/Dataset/facies/tiles/masks/img_01341.npy,"(4, 512, 512)",0.0,1.0,0.5024399161338806,0.14459353685379028,5
/home/grva-mintcave/Projects/Facies/Dataset/facies/tiles/images/img_01342.npy,/home/grva-mintcave/Projects/Facies/Dataset/facies/tiles/masks/img_01342.npy,"(4, 512, 512)",0.0,1.0,0.5025055408477783,0.13309542834758759,5
/home/grva-mintcave/Projects/Facies/Dataset/facies/tiles/images/img_01343.npy,/home/grva-mintcave/Projects/Facies/Dataset/facies/tiles/masks/img_01343.npy,"(4, 512, 512)",0.0,1.0,0.5030350089073181,0.1376701295375824,5
/home/grva-mintcave/Projects/Facies/Dataset/facies/tiles/images/img_01344.npy,/home/grva-mintcave/Projects/Facies/Dataset/facies/tiles/masks/img_01344.npy,"(4, 512, 512)",0.0,1.0,0.5030410885810852,0.1379203200340271,5
/home/grva-mintcave/Projects/Facies/Dataset/facies/tiles/images/img_01345.npy,/home/grva-mintcave/Projects/Facies/Dataset/facies/tiles/masks/img_01345.npy,"(4, 512, 512)",0.0,1.0,0.5031515955924988,0.1427827924489975,5
/home/grva-mintcave/Projects/Facies/Dataset/facies/tiles/images/img_01346.npy,/home/grva-mintcave/Projects/Facies/Dataset/facies/tiles/masks/img_01346.npy,"(4, 512, 512)",0.0,1.0,0.5023460388183594,0.14539319276809692,5
/home/grva-mintcave/Projects/Facies/Dataset/facies/tiles/images/img_01347.npy,/home/grva-mintcave/Projects/Facies/Dataset/facies/tiles/masks/img_01347.npy,"(4, 512, 512)",0.0,1.0,0.5028489828109741,0.13598684966564178,5
/home/grva-mintcave/Projects/Facies/Dataset/facies/tiles/images/img_01348.npy,/home/grva-mintcave/Projects/Facies/Dataset/facies/tiles/masks/img_01348.npy,"(4, 512, 512)",0.0,1.0,0.5024151802062988,0.1325925588607788,5
/home/grva-mintcave/Projects/Facies/Dataset/facies/tiles/images/img_01349.npy,/home/grva-mintcave/Projects/Facies/Dataset/facies/tiles/masks/img_01349.npy,"(4, 512, 512)",0.0,1.0,0.502403199672699,0.13293109834194183,5
/home/grva-mintcave/Projects/Facies/Dataset/facies/tiles/images/img_01350.npy,/home/grva-mintcave/Projects/Facies/Dataset/facies/tiles/masks/img_01350.npy,"(4, 512, 512)",0.0,1.0,0.5030390620231628,0.14120589196681976,5
/home/grva-mintcave/Projects/Facies/Dataset/facies/tiles/images/img_01351.npy,/home/grva-mintcave/Projects/Facies/Dataset/facies/tiles/masks/img_01351.npy,"(4, 512, 512)",0.0,1.0,0.5026094913482666,0.1416967660188675,5
/home/grva-mintcave/Projects/Facies/Dataset/facies/tiles/images/img_01352.npy,/home/grva-mintcave/Projects/Facies/Dataset/facies/tiles/masks/img_01352.npy,"(4, 512, 512)",0.0,1.0,0.5026403665542603,0.1370910406112671,5
/home/grva-mintcave/Projects/Facies/Dataset/facies/tiles/images/img_01353.npy,/home/grva-mintcave/Projects/Facies/Dataset/facies/tiles/masks/img_01353.npy,"(4, 512, 512)",0.0,1.0,0.502934992313385,0.14727306365966797,5
/home/grva-mintcave/Projects/Facies/Dataset/facies/tiles/images/img_01354.npy,/home/grva-mintcave/Projects/Facies/Dataset/facies/tiles/masks/img_01354.npy,"(4, 512, 512)",0.0,1.0,0.5029416680335999,0.14751332998275757,5
/home/grva-mintcave/Projects/Facies/Dataset/facies/tiles/images/img_01355.npy,/home/grva-mintcave/Projects/Facies/Dataset/facies/tiles/masks/img_01355.npy,"(4, 512, 512)",0.0,1.0,0.5033749938011169,0.14828090369701385,5
/home/grva-mintcave/Projects/Facies/Dataset/facies/tiles/images/img_01356.npy,/home/grva-mintcave/Projects/Facies/Dataset/facies/tiles/masks/img_01356.npy,"(4, 512, 512)",0.0,1.0,0.502637505531311,0.14223305881023407,5
/home/grva-mintcave/Projects/Facies/Dataset/facies/tiles/images/img_01357.npy,/home/grva-mintcave/Projects/Facies/Dataset/facies/tiles/masks/img_01357.npy,"(4, 512, 512)",0.0,1.0,0.5025399327278137,0.1389438956975937,5
/home/grva-mintcave/Projects/Facies/Dataset/facies/tiles/images/img_01358.npy,/home/grva-mintcave/Projects/Facies/Dataset/facies/tiles/masks/img_01358.npy,"(4, 512, 512)",0.0,1.0,0.5025883913040161,0.14146515727043152,5
/home/grva-mintcave/Projects/Facies/Dataset/facies/tiles/images/img_01359.npy,/home/grva-mintcave/Projects/Facies/Dataset/facies/tiles/masks/img_01359.npy,"(4, 512, 512)",0.0,1.0,0.5025691986083984,0.14189928770065308,5
/home/grva-mintcave/Projects/Facies/Dataset/facies/tiles/images/img_01360.npy,/home/grva-mintcave/Projects/Facies/Dataset/facies/tiles/masks/img_01360.npy,"(4, 512, 512)",0.0,1.0,0.5028858780860901,0.14730249345302582,5
/home/grva-mintcave/Projects/Facies/Dataset/facies/tiles/images/img_01361.npy,/home/grva-mintcave/Projects/Facies/Dataset/facies/tiles/masks/img_01361.npy,"(4, 512, 512)",0.0,1.0,0.5025071501731873,0.13322734832763672,5
/home/grva-mintcave/Projects/Facies/Dataset/facies/tiles/images/img_01362.npy,/home/grva-mintcave/Projects/Facies/Dataset/facies/tiles/masks/img_01362.npy,"(4, 512, 512)",0.0,1.0,0.5026901960372925,0.13245710730552673,5
/home/grva-mintcave/Projects/Facies/Dataset/facies/tiles/images/img_01363.npy,/home/grva-mintcave/Projects/Facies/Dataset/facies/tiles/masks/img_01363.npy,"(4, 512, 512)",0.0,1.0,0.5031595826148987,0.15434473752975464,5
/home/grva-mintcave/Projects/Facies/Dataset/facies/tiles/images/img_01364.npy,/home/grva-mintcave/Projects/Facies/Dataset/facies/tiles/masks/img_01364.npy,"(4, 512, 512)",0.0,1.0,0.5031678676605225,0.15462297201156616,5
/home/grva-mintcave/Projects/Facies/Dataset/facies/tiles/images/img_01365.npy,/home/grva-mintcave/Projects/Facies/Dataset/facies/tiles/masks/img_01365.npy,"(4, 512, 512)",0.0,1.0,0.5036242008209229,0.15293803811073303,5
/home/grva-mintcave/Projects/Facies/Dataset/facies/tiles/images/img_01366.npy,/home/grva-mintcave/Projects/Facies/Dataset/facies/tiles/masks/img_01366.npy,"(4, 512, 512)",0.0,1.0,0.5026797652244568,0.1337398886680603,5
/home/grva-mintcave/Projects/Facies/Dataset/facies/tiles/images/img_01367.npy,/home/grva-mintcave/Projects/Facies/Dataset/facies/tiles/masks/img_01367.npy,"(4, 512, 512)",0.0,1.0,0.5028373003005981,0.13458967208862305,5
/home/grva-mintcave/Projects/Facies/Dataset/facies/tiles/images/img_01368.npy,/home/grva-mintcave/Projects/Facies/Dataset/facies/tiles/masks/img_01368.npy,"(4, 512, 512)",0.0,1.0,0.502943217754364,0.14682531356811523,5
/home/grva-mintcave/Projects/Facies/Dataset/facies/tiles/images/img_01369.npy,/home/grva-mintcave/Projects/Facies/Dataset/facies/tiles/masks/img_01369.npy,"(4, 512, 512)",0.0,1.0,0.5029247999191284,0.14728151261806488,5
/home/grva-mintcave/Projects/Facies/Dataset/facies/tiles/images/img_01370.npy,/home/grva-mintcave/Projects/Facies/Dataset/facies/tiles/masks/img_01370.npy,"(4, 512, 512)",0.0,1.0,0.5031198263168335,0.15009045600891113,5
/home/grva-mintcave/Projects/Facies/Dataset/facies/tiles/images/img_01371.npy,/home/grva-mintcave/Projects/Facies/Dataset/facies/tiles/masks/img_01371.npy,"(4, 512, 512)",0.0,1.0,0.5024799704551697,0.13714000582695007,5
/home/grva-mintcave/Projects/Facies/Dataset/facies/tiles/images/img_01372.npy,/home/grva-mintcave/Projects/Facies/Dataset/facies/tiles/masks/img_01372.npy,"(4, 512, 512)",0.0,1.0,0.5027558207511902,0.1418657749891281,5
/home/grva-mintcave/Projects/Facies/Dataset/facies/tiles/images/img_01373.npy,/home/grva-mintcave/Projects/Facies/Dataset/facies/tiles/masks/img_01373.npy,"(4, 512, 512)",0.0,1.0,0.5031263828277588,0.1526957005262375,5
/home/grva-mintcave/Projects/Facies/Dataset/facies/tiles/images/img_01374.npy,/home/grva-mintcave/Projects/Facies/Dataset/facies/tiles/masks/img_01374.npy,"(4, 512, 512)",0.0,1.0,0.5031338930130005,0.15271921455860138,5
/home/grva-mintcave/Projects/Facies/Dataset/facies/tiles/images/img_01375.npy,/home/grva-mintcave/Projects/Facies/Dataset/facies/tiles/masks/img_01375.npy,"(4, 512, 512)",0.0,1.0,0.5041204690933228,0.15570689737796783,5
/home/grva-mintcave/Projects/Facies/Dataset/facies/tiles/images/img_01376.npy,/home/grva-mintcave/Projects/Facies/Dataset/facies/tiles/masks/img_01376.npy,"(4, 512, 512)",0.0,1.0,0.5025535821914673,0.1376958042383194,5
/home/grva-mintcave/Projects/Facies/Dataset/facies/tiles/images/img_01377.npy,/home/grva-mintcave/Projects/Facies/Dataset/facies/tiles/masks/img_01377.npy,"(4, 512, 512)",0.0,1.0,0.5029349327087402,0.14499707520008087,5
/home/grva-mintcave/Projects/Facies/Dataset/facies/tiles/images/img_01378.npy,/home/grva-mintcave/Projects/Facies/Dataset/facies/tiles/masks/img_01378.npy,"(4, 512, 512)",0.0,1.0,0.5025878548622131,0.1437503844499588,5
/home/grva-mintcave/Projects/Facies/Dataset/facies/tiles/images/img_01379.npy,/home/grva-mintcave/Projects/Facies/Dataset/facies/tiles/masks/img_01379.npy,"(4, 512, 512)",0.0,1.0,0.5025836825370789,0.1438204050064087,5
/home/grva-mintcave/Projects/Facies/Dataset/facies/tiles/images/img_01380.npy,/home/grva-mintcave/Projects/Facies/Dataset/facies/tiles/masks/img_01380.npy,"(4, 512, 512)",0.0,1.0,0.5026946663856506,0.15907436609268188,5
/home/grva-mintcave/Projects/Facies/Dataset/facies/tiles/images/img_01381.npy,/home/grva-mintcave/Projects/Facies/Dataset/facies/tiles/masks/img_01381.npy,"(4, 512, 512)",0.0,1.0,0.5026013255119324,0.14424337446689606,5
/home/grva-mintcave/Projects/Facies/Dataset/facies/tiles/images/img_01382.npy,/home/grva-mintcave/Projects/Facies/Dataset/facies/tiles/masks/img_01382.npy,"(4, 512, 512)",0.0,1.0,0.50234055519104,0.14908890426158905,5
/home/grva-mintcave/Projects/Facies/Dataset/facies/tiles/images/img_01383.npy,/home/grva-mintcave/Projects/Facies/Dataset/facies/tiles/masks/img_01383.npy,"(4, 512, 512)",0.0,1.0,0.5030821561813354,0.15631204843521118,5
/home/grva-mintcave/Projects/Facies/Dataset/facies/tiles/images/img_01384.npy,/home/grva-mintcave/Projects/Facies/Dataset/facies/tiles/masks/img_01384.npy,"(4, 512, 512)",0.0,1.0,0.5030747056007385,0.15628480911254883,5
/home/grva-mintcave/Projects/Facies/Dataset/facies/tiles/images/img_01385.npy,/home/grva-mintcave/Projects/Facies/Dataset/facies/tiles/masks/img_01385.npy,"(4, 512, 512)",0.0,1.0,0.5041640996932983,0.1668768972158432,5
/home/grva-mintcave/Projects/Facies/Dataset/facies/tiles/images/img_01386.npy,/home/grva-mintcave/Projects/Facies/Dataset/facies/tiles/masks/img_01386.npy,"(4, 512, 512)",0.0,1.0,0.5024177432060242,0.14483672380447388,5
/home/grva-mintcave/Projects/Facies/Dataset/facies/tiles/images/img_01387.npy,/home/grva-mintcave/Projects/Facies/Dataset/facies/tiles/masks/img_01387.npy,"(4, 512, 512)",0.0,1.0,0.5026737451553345,0.15166062116622925,5
/home/grva-mintcave/Projects/Facies/Dataset/facies/tiles/images/img_01388.npy,/home/grva-mintcave/Projects/Facies/Dataset/facies/tiles/masks/img_01388.npy,"(4, 512, 512)",0.0,1.0,0.5022708773612976,0.14759278297424316,5
/home/grva-mintcave/Projects/Facies/Dataset/facies/tiles/images/img_01389.npy,/home/grva-mintcave/Projects/Facies/Dataset/facies/tiles/masks/img_01389.npy,"(4, 512, 512)",0.0,1.0,0.5022512674331665,0.14768314361572266,5
/home/grva-mintcave/Projects/Facies/Dataset/facies/tiles/images/img_01390.npy,/home/grva-mintcave/Projects/Facies/Dataset/facies/tiles/masks/img_01390.npy,"(4, 512, 512)",0.0,1.0,0.5028889179229736,0.159809410572052,5
/home/grva-mintcave/Projects/Facies/Dataset/facies/tiles/images/img_01391.npy,/home/grva-mintcave/Projects/Facies/Dataset/facies/tiles/masks/img_01391.npy,"(4, 512, 512)",0.0,1.0,0.5025816559791565,0.14640337228775024,5
/home/grva-mintcave/Projects/Facies/Dataset/facies/tiles/images/img_01392.npy,/home/grva-mintcave/Projects/Facies/Dataset/facies/tiles/masks/img_01392.npy,"(4, 512, 512)",0.0,1.0,0.5020075440406799,0.144775390625,5
/home/grva-mintcave/Projects/Facies/Dataset/facies/tiles/images/img_01393.npy,/home/grva-mintcave/Projects/Facies/Dataset/facies/tiles/masks/img_01393.npy,"(4, 512, 512)",0.0,1.0,0.502805769443512,0.15477706491947174,5
/home/grva-mintcave/Projects/Facies/Dataset/facies/tiles/images/img_01394.npy,/home/grva-mintcave/Projects/Facies/Dataset/facies/tiles/masks/img_01394.npy,"(4, 512, 512)",0.0,1.0,0.5028125047683716,0.1548253744840622,5
/home/grva-mintcave/Projects/Facies/Dataset/facies/tiles/images/img_01395.npy,/home/grva-mintcave/Projects/Facies/Dataset/facies/tiles/masks/img_01395.npy,"(4, 512, 512)",0.0,1.0,0.5047354102134705,0.16832144558429718,5
/home/grva-mintcave/Projects/Facies/Dataset/facies/tiles/images/img_01396.npy,/home/grva-mintcave/Projects/Facies/Dataset/facies/tiles/masks/img_01396.npy,"(4, 512, 512)",0.0,1.0,0.5023297071456909,0.14661748707294464,5
/home/grva-mintcave/Projects/Facies/Dataset/facies/tiles/images/img_01397.npy,/home/grva-mintcave/Projects/Facies/Dataset/facies/tiles/masks/img_01397.npy,"(4, 512, 512)",0.0,1.0,0.5029682517051697,0.14765594899654388,5
/home/grva-mintcave/Projects/Facies/Dataset/facies/tiles/images/img_01398.npy,/home/grva-mintcave/Projects/Facies/Dataset/facies/tiles/masks/img_01398.npy,"(4, 512, 512)",0.0,1.0,0.5021332502365112,0.14569136500358582,5
/home/grva-mintcave/Projects/Facies/Dataset/facies/tiles/images/img_01399.npy,/home/grva-mintcave/Projects/Facies/Dataset/facies/tiles/masks/img_01399.npy,"(4, 512, 512)",0.0,1.0,0.5021030306816101,0.1457543969154358,5
/home/grva-mintcave/Projects/Facies/Dataset/facies/tiles/images/img_01400.npy,/home/grva-mintcave/Projects/Facies/Dataset/facies/tiles/masks/img_01400.npy,"(4, 512, 512)",0.0,1.0,0.5033401846885681,0.15240813791751862,5
/home/grva-mintcave/Projects/Facies/Dataset/facies/tiles/images/img_01401.npy,/home/grva-mintcave/Projects/Facies/Dataset/facies/tiles/masks/img_01401.npy,"(4, 512, 512)",0.0,1.0,0.5027716159820557,0.14359261095523834,5
/home/grva-mintcave/Projects/Facies/Dataset/facies/tiles/images/img_01402.npy,/home/grva-mintcave/Projects/Facies/Dataset/facies/tiles/masks/img_01402.npy,"(4, 512, 512)",0.0,1.0,0.5021865367889404,0.149713933467865,5
/home/grva-mintcave/Projects/Facies/Dataset/facies/tiles/images/img_01403.npy,/home/grva-mintcave/Projects/Facies/Dataset/facies/tiles/masks/img_01403.npy,"(4, 512, 512)",0.0,1.0,0.5026894807815552,0.146442711353302,5
/home/grva-mintcave/Projects/Facies/Dataset/facies/tiles/images/img_01404.npy,/home/grva-mintcave/Projects/Facies/Dataset/facies/tiles/masks/img_01404.npy,"(4, 512, 512)",0.0,1.0,0.5027168989181519,0.14629296958446503,5
/home/grva-mintcave/Projects/Facies/Dataset/facies/tiles/images/img_01405.npy,/home/grva-mintcave/Projects/Facies/Dataset/facies/tiles/masks/img_01405.npy,"(4, 512, 512)",0.0,1.0,0.5050318241119385,0.160325288772583,5
/home/grva-mintcave/Projects/Facies/Dataset/facies/tiles/images/img_01406.npy,/home/grva-mintcave/Projects/Facies/Dataset/facies/tiles/masks/img_01406.npy,"(4, 512, 512)",0.0,1.0,0.502295732498169,0.14385531842708588,5
/home/grva-mintcave/Projects/Facies/Dataset/facies/tiles/images/img_01407.npy,/home/grva-mintcave/Projects/Facies/Dataset/facies/tiles/masks/img_01407.npy,"(4, 512, 512)",0.0,1.0,0.502937376499176,0.15350723266601562,5
/home/grva-mintcave/Projects/Facies/Dataset/facies/tiles/images/img_01408.npy,/home/grva-mintcave/Projects/Facies/Dataset/facies/tiles/masks/img_01408.npy,"(4, 512, 512)",0.0,1.0,0.5026590824127197,0.1383299082517624,5
/home/grva-mintcave/Projects/Facies/Dataset/facies/tiles/images/img_01409.npy,/home/grva-mintcave/Projects/Facies/Dataset/facies/tiles/masks/img_01409.npy,"(4, 512, 512)",0.0,1.0,0.5026518702507019,0.13807159662246704,5
/home/grva-mintcave/Projects/Facies/Dataset/facies/tiles/images/img_01410.npy,/home/grva-mintcave/Projects/Facies/Dataset/facies/tiles/masks/img_01410.npy,"(4, 512, 512)",0.0,1.0,0.5035929679870605,0.14862853288650513,5
/home/grva-mintcave/Projects/Facies/Dataset/facies/tiles/images/img_01411.npy,/home/grva-mintcave/Projects/Facies/Dataset/facies/tiles/masks/img_01411.npy,"(4, 512, 512)",0.0,1.0,0.502710223197937,0.14452864229679108,5
/home/grva-mintcave/Projects/Facies/Dataset/facies/tiles/images/img_01412.npy,/home/grva-mintcave/Projects/Facies/Dataset/facies/tiles/masks/img_01412.npy,"(4, 512, 512)",0.0,1.0,0.501946210861206,0.14974640309810638,5
/home/grva-mintcave/Projects/Facies/Dataset/facies/tiles/images/img_01413.npy,/home/grva-mintcave/Projects/Facies/Dataset/facies/tiles/masks/img_01413.npy,"(4, 512, 512)",0.0,1.0,0.5031319260597229,0.16123029589653015,5
/home/grva-mintcave/Projects/Facies/Dataset/facies/tiles/images/img_01414.npy,/home/grva-mintcave/Projects/Facies/Dataset/facies/tiles/masks/img_01414.npy,"(4, 512, 512)",0.0,1.0,0.5031413435935974,0.1611204892396927,5
/home/grva-mintcave/Projects/Facies/Dataset/facies/tiles/images/img_01415.npy,/home/grva-mintcave/Projects/Facies/Dataset/facies/tiles/masks/img_01415.npy,"(4, 512, 512)",0.0,1.0,0.505128800868988,0.156868115067482,5
/home/grva-mintcave/Projects/Facies/Dataset/facies/tiles/images/img_01416.npy,/home/grva-mintcave/Projects/Facies/Dataset/facies/tiles/masks/img_01416.npy,"(4, 512, 512)",0.0,1.0,0.5020291209220886,0.1446041315793991,5
/home/grva-mintcave/Projects/Facies/Dataset/facies/tiles/images/img_01417.npy,/home/grva-mintcave/Projects/Facies/Dataset/facies/tiles/masks/img_01417.npy,"(4, 512, 512)",0.0,1.0,0.5026746392250061,0.155059814453125,5
/home/grva-mintcave/Projects/Facies/Dataset/facies/tiles/images/img_01418.npy,/home/grva-mintcave/Projects/Facies/Dataset/facies/tiles/masks/img_01418.npy,"(4, 512, 512)",0.0,1.0,0.5029227137565613,0.15473902225494385,5
/home/grva-mintcave/Projects/Facies/Dataset/facies/tiles/images/img_01419.npy,/home/grva-mintcave/Projects/Facies/Dataset/facies/tiles/masks/img_01419.npy,"(4, 512, 512)",0.0,1.0,0.5029119849205017,0.15451344847679138,5
/home/grva-mintcave/Projects/Facies/Dataset/facies/tiles/images/img_01420.npy,/home/grva-mintcave/Projects/Facies/Dataset/facies/tiles/masks/img_01420.npy,"(4, 512, 512)",0.0,1.0,0.5037899613380432,0.14762486517429352,5
/home/grva-mintcave/Projects/Facies/Dataset/facies/tiles/images/img_01421.npy,/home/grva-mintcave/Projects/Facies/Dataset/facies/tiles/masks/img_01421.npy,"(4, 512, 512)",0.0,1.0,0.5028492212295532,0.14369595050811768,5
/home/grva-mintcave/Projects/Facies/Dataset/facies/tiles/images/img_01422.npy,/home/grva-mintcave/Projects/Facies/Dataset/facies/tiles/masks/img_01422.npy,"(4, 512, 512)",0.0,1.0,0.5017019510269165,0.1635916531085968,5
/home/grva-mintcave/Projects/Facies/Dataset/facies/tiles/images/img_01423.npy,/home/grva-mintcave/Projects/Facies/Dataset/facies/tiles/masks/img_01423.npy,"(4, 512, 512)",0.0,1.0,0.5035250782966614,0.16954827308654785,5
/home/grva-mintcave/Projects/Facies/Dataset/facies/tiles/images/img_01424.npy,/home/grva-mintcave/Projects/Facies/Dataset/facies/tiles/masks/img_01424.npy,"(4, 512, 512)",0.0,1.0,0.5035431385040283,0.16931095719337463,5
/home/grva-mintcave/Projects/Facies/Dataset/facies/tiles/images/img_01425.npy,/home/grva-mintcave/Projects/Facies/Dataset/facies/tiles/masks/img_01425.npy,"(4, 512, 512)",0.0,1.0,0.50465989112854,0.15446873009204865,5
/home/grva-mintcave/Projects/Facies/Dataset/facies/tiles/images/img_01426.npy,/home/grva-mintcave/Projects/Facies/Dataset/facies/tiles/masks/img_01426.npy,"(4, 512, 512)",0.0,1.0,0.5019382238388062,0.14390696585178375,5
/home/grva-mintcave/Projects/Facies/Dataset/facies/tiles/images/img_01427.npy,/home/grva-mintcave/Projects/Facies/Dataset/facies/tiles/masks/img_01427.npy,"(4, 512, 512)",0.0,1.0,0.5024501085281372,0.16911396384239197,5
/home/grva-mintcave/Projects/Facies/Dataset/facies/tiles/images/img_01428.npy,/home/grva-mintcave/Projects/Facies/Dataset/facies/tiles/masks/img_01428.npy,"(4, 512, 512)",0.0,1.0,0.5029233694076538,0.16378697752952576,5
/home/grva-mintcave/Projects/Facies/Dataset/facies/tiles/images/img_01429.npy,/home/grva-mintcave/Projects/Facies/Dataset/facies/tiles/masks/img_01429.npy,"(4, 512, 512)",0.0,1.0,0.5029198527336121,0.16357296705245972,5
/home/grva-mintcave/Projects/Facies/Dataset/facies/tiles/images/img_01430.npy,/home/grva-mintcave/Projects/Facies/Dataset/facies/tiles/masks/img_01430.npy,"(4, 512, 512)",0.0,1.0,0.5040254592895508,0.15096785128116608,5
/home/grva-mintcave/Projects/Facies/Dataset/facies/tiles/images/img_01431.npy,/home/grva-mintcave/Projects/Facies/Dataset/facies/tiles/masks/img_01431.npy,"(4, 512, 512)",0.0,1.0,0.502677857875824,0.14382077753543854,5
/home/grva-mintcave/Projects/Facies/Dataset/facies/tiles/images/img_01432.npy,/home/grva-mintcave/Projects/Facies/Dataset/facies/tiles/masks/img_01432.npy,"(4, 512, 512)",0.0,1.0,0.5018833875656128,0.1512032300233841,5
/home/grva-mintcave/Projects/Facies/Dataset/facies/tiles/images/img_01433.npy,/home/grva-mintcave/Projects/Facies/Dataset/facies/tiles/masks/img_01433.npy,"(4, 512, 512)",0.0,1.0,0.5039978623390198,0.17343644797801971,5
/home/grva-mintcave/Projects/Facies/Dataset/facies/tiles/images/img_01434.npy,/home/grva-mintcave/Projects/Facies/Dataset/facies/tiles/masks/img_01434.npy,"(4, 512, 512)",0.0,1.0,0.5040125846862793,0.17303714156150818,5
/home/grva-mintcave/Projects/Facies/Dataset/facies/tiles/images/img_01435.npy,/home/grva-mintcave/Projects/Facies/Dataset/facies/tiles/masks/img_01435.npy,"(4, 512, 512)",0.0,1.0,0.5045177936553955,0.15869459509849548,5
/home/grva-mintcave/Projects/Facies/Dataset/facies/tiles/images/img_01436.npy,/home/grva-mintcave/Projects/Facies/Dataset/facies/tiles/masks/img_01436.npy,"(4, 512, 512)",0.0,1.0,0.5018498301506042,0.14429697394371033,5
/home/grva-mintcave/Projects/Facies/Dataset/facies/tiles/images/img_01437.npy,/home/grva-mintcave/Projects/Facies/Dataset/facies/tiles/masks/img_01437.npy,"(4, 512, 512)",0.0,1.0,0.5024763345718384,0.15672370791435242,5
/home/grva-mintcave/Projects/Facies/Dataset/facies/tiles/images/img_01438.npy,/home/grva-mintcave/Projects/Facies/Dataset/facies/tiles/masks/img_01438.npy,"(4, 512, 512)",0.0,1.0,0.5035582184791565,0.1692543625831604,5
/home/grva-mintcave/Projects/Facies/Dataset/facies/tiles/images/img_01439.npy,/home/grva-mintcave/Projects/Facies/Dataset/facies/tiles/masks/img_01439.npy,"(4, 512, 512)",0.0,1.0,0.503537118434906,0.16899748146533966,5
/home/grva-mintcave/Projects/Facies/Dataset/facies/tiles/images/img_01440.npy,/home/grva-mintcave/Projects/Facies/Dataset/facies/tiles/masks/img_01440.npy,"(4, 512, 512)",0.0,1.0,0.503414511680603,0.16734467446804047,5
/home/grva-mintcave/Projects/Facies/Dataset/facies/tiles/images/img_01441.npy,/home/grva-mintcave/Projects/Facies/Dataset/facies/tiles/masks/img_01441.npy,"(4, 512, 512)",0.0,1.0,0.5024104118347168,0.15342970192432404,5
/home/grva-mintcave/Projects/Facies/Dataset/facies/tiles/images/img_01442.npy,/home/grva-mintcave/Projects/Facies/Dataset/facies/tiles/masks/img_01442.npy,"(4, 512, 512)",0.0,1.0,0.5019099712371826,0.146388441324234,5
/home/grva-mintcave/Projects/Facies/Dataset/facies/tiles/images/img_01443.npy,/home/grva-mintcave/Projects/Facies/Dataset/facies/tiles/masks/img_01443.npy,"(4, 512, 512)",0.0,1.0,0.503720760345459,0.174951434135437,5
/home/grva-mintcave/Projects/Facies/Dataset/facies/tiles/images/img_01444.npy,/home/grva-mintcave/Projects/Facies/Dataset/facies/tiles/masks/img_01444.npy,"(4, 512, 512)",0.0,1.0,0.5037405490875244,0.17458310723304749,5
/home/grva-mintcave/Projects/Facies/Dataset/facies/tiles/images/img_01445.npy,/home/grva-mintcave/Projects/Facies/Dataset/facies/tiles/masks/img_01445.npy,"(4, 512, 512)",0.0,1.0,0.5040068030357361,0.17616665363311768,5
/home/grva-mintcave/Projects/Facies/Dataset/facies/tiles/images/img_01446.npy,/home/grva-mintcave/Projects/Facies/Dataset/facies/tiles/masks/img_01446.npy,"(4, 512, 512)",0.0,1.0,0.5019126534461975,0.15374736487865448,5
/home/grva-mintcave/Projects/Facies/Dataset/facies/tiles/images/img_01447.npy,/home/grva-mintcave/Projects/Facies/Dataset/facies/tiles/masks/img_01447.npy,"(4, 512, 512)",0.0,1.0,0.5025796294212341,0.15011902153491974,5
/home/grva-mintcave/Projects/Facies/Dataset/facies/tiles/images/img_01448.npy,/home/grva-mintcave/Projects/Facies/Dataset/facies/tiles/masks/img_01448.npy,"(4, 512, 512)",0.0,1.0,0.5028700828552246,0.17221063375473022,5
/home/grva-mintcave/Projects/Facies/Dataset/facies/tiles/images/img_01449.npy,/home/grva-mintcave/Projects/Facies/Dataset/facies/tiles/masks/img_01449.npy,"(4, 512, 512)",0.0,1.0,0.502834677696228,0.17192231118679047,5
/home/grva-mintcave/Projects/Facies/Dataset/facies/tiles/images/img_01450.npy,/home/grva-mintcave/Projects/Facies/Dataset/facies/tiles/masks/img_01450.npy,"(4, 512, 512)",0.0,1.0,0.503592312335968,0.1687256544828415,5
/home/grva-mintcave/Projects/Facies/Dataset/facies/tiles/images/img_01451.npy,/home/grva-mintcave/Projects/Facies/Dataset/facies/tiles/masks/img_01451.npy,"(4, 512, 512)",0.0,1.0,0.5022885799407959,0.15717492997646332,5
/home/grva-mintcave/Projects/Facies/Dataset/facies/tiles/images/img_01452.npy,/home/grva-mintcave/Projects/Facies/Dataset/facies/tiles/masks/img_01452.npy,"(4, 512, 512)",0.0,1.0,0.5018718242645264,0.1398467719554901,5
/home/grva-mintcave/Projects/Facies/Dataset/facies/tiles/images/img_01453.npy,/home/grva-mintcave/Projects/Facies/Dataset/facies/tiles/masks/img_01453.npy,"(4, 512, 512)",0.0,1.0,0.503852367401123,0.1683465987443924,5
/home/grva-mintcave/Projects/Facies/Dataset/facies/tiles/images/img_01454.npy,/home/grva-mintcave/Projects/Facies/Dataset/facies/tiles/masks/img_01454.npy,"(4, 512, 512)",0.0,1.0,0.503838837146759,0.16826015710830688,5
/home/grva-mintcave/Projects/Facies/Dataset/facies/tiles/images/img_01455.npy,/home/grva-mintcave/Projects/Facies/Dataset/facies/tiles/masks/img_01455.npy,"(4, 512, 512)",0.0,1.0,0.5043463110923767,0.17735199630260468,5
/home/grva-mintcave/Projects/Facies/Dataset/facies/tiles/images/img_01456.npy,/home/grva-mintcave/Projects/Facies/Dataset/facies/tiles/masks/img_01456.npy,"(4, 512, 512)",0.0,1.0,0.5019629001617432,0.15760517120361328,5
/home/grva-mintcave/Projects/Facies/Dataset/facies/tiles/images/img_01457.npy,/home/grva-mintcave/Projects/Facies/Dataset/facies/tiles/masks/img_01457.npy,"(4, 512, 512)",0.0,1.0,0.5029070377349854,0.14286187291145325,5
/home/grva-mintcave/Projects/Facies/Dataset/facies/tiles/images/img_01458.npy,/home/grva-mintcave/Projects/Facies/Dataset/facies/tiles/masks/img_01458.npy,"(4, 512, 512)",0.0,1.0,0.5025649666786194,0.1690162867307663,5
/home/grva-mintcave/Projects/Facies/Dataset/facies/tiles/images/img_01459.npy,/home/grva-mintcave/Projects/Facies/Dataset/facies/tiles/masks/img_01459.npy,"(4, 512, 512)",0.0,1.0,0.5025166869163513,0.16907931864261627,5
/home/grva-mintcave/Projects/Facies/Dataset/facies/tiles/images/img_01460.npy,/home/grva-mintcave/Projects/Facies/Dataset/facies/tiles/masks/img_01460.npy,"(4, 512, 512)",0.0,1.0,0.5034975409507751,0.16135072708129883,5
/home/grva-mintcave/Projects/Facies/Dataset/facies/tiles/images/img_01461.npy,/home/grva-mintcave/Projects/Facies/Dataset/facies/tiles/masks/img_01461.npy,"(4, 512, 512)",0.0,1.0,0.5024420022964478,0.1561100035905838,5
/home/grva-mintcave/Projects/Facies/Dataset/facies/tiles/images/img_01462.npy,/home/grva-mintcave/Projects/Facies/Dataset/facies/tiles/masks/img_01462.npy,"(4, 512, 512)",0.0,1.0,0.5017449855804443,0.136638343334198,5
/home/grva-mintcave/Projects/Facies/Dataset/facies/tiles/images/img_01463.npy,/home/grva-mintcave/Projects/Facies/Dataset/facies/tiles/masks/img_01463.npy,"(4, 512, 512)",0.0,1.0,0.5041321516036987,0.16780786216259003,5
/home/grva-mintcave/Projects/Facies/Dataset/facies/tiles/images/img_01464.npy,/home/grva-mintcave/Projects/Facies/Dataset/facies/tiles/masks/img_01464.npy,"(4, 512, 512)",0.0,1.0,0.5041117668151855,0.16755327582359314,5
/home/grva-mintcave/Projects/Facies/Dataset/facies/tiles/images/img_01465.npy,/home/grva-mintcave/Projects/Facies/Dataset/facies/tiles/masks/img_01465.npy,"(4, 512, 512)",0.0,1.0,0.5042018294334412,0.16969655454158783,5
/home/grva-mintcave/Projects/Facies/Dataset/facies/tiles/images/img_01466.npy,/home/grva-mintcave/Projects/Facies/Dataset/facies/tiles/masks/img_01466.npy,"(4, 512, 512)",0.0,1.0,0.5021345615386963,0.15644624829292297,5
/home/grva-mintcave/Projects/Facies/Dataset/facies/tiles/images/img_01467.npy,/home/grva-mintcave/Projects/Facies/Dataset/facies/tiles/masks/img_01467.npy,"(4, 512, 512)",0.0,1.0,0.5026649236679077,0.140093594789505,5
/home/grva-mintcave/Projects/Facies/Dataset/facies/tiles/images/img_01468.npy,/home/grva-mintcave/Projects/Facies/Dataset/facies/tiles/masks/img_01468.npy,"(4, 512, 512)",0.0,1.0,0.5032560229301453,0.16988590359687805,5
/home/grva-mintcave/Projects/Facies/Dataset/facies/tiles/images/img_01469.npy,/home/grva-mintcave/Projects/Facies/Dataset/facies/tiles/masks/img_01469.npy,"(4, 512, 512)",0.0,1.0,0.5032232999801636,0.1699315309524536,5
/home/grva-mintcave/Projects/Facies/Dataset/facies/tiles/images/img_01470.npy,/home/grva-mintcave/Projects/Facies/Dataset/facies/tiles/masks/img_01470.npy,"(4, 512, 512)",0.0,1.0,0.5034379363059998,0.15791666507720947,5
/home/grva-mintcave/Projects/Facies/Dataset/facies/tiles/images/img_01471.npy,/home/grva-mintcave/Projects/Facies/Dataset/facies/tiles/masks/img_01471.npy,"(4, 512, 512)",0.0,1.0,0.5022947788238525,0.1559000015258789,5
/home/grva-mintcave/Projects/Facies/Dataset/facies/tiles/images/img_01472.npy,/home/grva-mintcave/Projects/Facies/Dataset/facies/tiles/masks/img_01472.npy,"(4, 512, 512)",0.0,1.0,0.5018538236618042,0.14691317081451416,5
/home/grva-mintcave/Projects/Facies/Dataset/facies/tiles/images/img_01473.npy,/home/grva-mintcave/Projects/Facies/Dataset/facies/tiles/masks/img_01473.npy,"(4, 512, 512)",0.0,1.0,0.503666877746582,0.16395483911037445,5
/home/grva-mintcave/Projects/Facies/Dataset/facies/tiles/images/img_01474.npy,/home/grva-mintcave/Projects/Facies/Dataset/facies/tiles/masks/img_01474.npy,"(4, 512, 512)",0.0,1.0,0.5036570429801941,0.16358104348182678,5
/home/grva-mintcave/Projects/Facies/Dataset/facies/tiles/images/img_01475.npy,/home/grva-mintcave/Projects/Facies/Dataset/facies/tiles/masks/img_01475.npy,"(4, 512, 512)",0.0,1.0,0.5044736266136169,0.16624237596988678,5
/home/grva-mintcave/Projects/Facies/Dataset/facies/tiles/images/img_01476.npy,/home/grva-mintcave/Projects/Facies/Dataset/facies/tiles/masks/img_01476.npy,"(4, 512, 512)",0.0,1.0,0.50208580493927,0.15648514032363892,5
/home/grva-mintcave/Projects/Facies/Dataset/facies/tiles/images/img_01477.npy,/home/grva-mintcave/Projects/Facies/Dataset/facies/tiles/masks/img_01477.npy,"(4, 512, 512)",0.0,1.0,0.5025487542152405,0.15094132721424103,5
/home/grva-mintcave/Projects/Facies/Dataset/facies/tiles/images/img_01478.npy,/home/grva-mintcave/Projects/Facies/Dataset/facies/tiles/masks/img_01478.npy,"(4, 512, 512)",0.0,1.0,0.503519594669342,0.16873084008693695,5
/home/grva-mintcave/Projects/Facies/Dataset/facies/tiles/images/img_01479.npy,/home/grva-mintcave/Projects/Facies/Dataset/facies/tiles/masks/img_01479.npy,"(4, 512, 512)",0.0,1.0,0.5034908652305603,0.16855798661708832,5
/home/grva-mintcave/Projects/Facies/Dataset/facies/tiles/images/img_01480.npy,/home/grva-mintcave/Projects/Facies/Dataset/facies/tiles/masks/img_01480.npy,"(4, 512, 512)",0.0,1.0,0.5031793117523193,0.16303680837154388,5
/home/grva-mintcave/Projects/Facies/Dataset/facies/tiles/images/img_01481.npy,/home/grva-mintcave/Projects/Facies/Dataset/facies/tiles/masks/img_01481.npy,"(4, 512, 512)",0.0,1.0,0.5019267201423645,0.15799476206302643,5
/home/grva-mintcave/Projects/Facies/Dataset/facies/tiles/images/img_01482.npy,/home/grva-mintcave/Projects/Facies/Dataset/facies/tiles/masks/img_01482.npy,"(4, 512, 512)",0.0,1.0,0.5017622709274292,0.1552400290966034,5
/home/grva-mintcave/Projects/Facies/Dataset/facies/tiles/images/img_01483.npy,/home/grva-mintcave/Projects/Facies/Dataset/facies/tiles/masks/img_01483.npy,"(4, 512, 512)",0.0,1.0,0.5036576390266418,0.16462883353233337,5
/home/grva-mintcave/Projects/Facies/Dataset/facies/tiles/images/img_01484.npy,/home/grva-mintcave/Projects/Facies/Dataset/facies/tiles/masks/img_01484.npy,"(4, 512, 512)",0.0,1.0,0.5036386847496033,0.16424107551574707,5
/home/grva-mintcave/Projects/Facies/Dataset/facies/tiles/images/img_01485.npy,/home/grva-mintcave/Projects/Facies/Dataset/facies/tiles/masks/img_01485.npy,"(4, 512, 512)",0.0,1.0,0.504409909248352,0.17095811665058136,5
/home/grva-mintcave/Projects/Facies/Dataset/facies/tiles/images/img_01486.npy,/home/grva-mintcave/Projects/Facies/Dataset/facies/tiles/masks/img_01486.npy,"(4, 512, 512)",0.0,1.0,0.5022388696670532,0.1581021398305893,5
/home/grva-mintcave/Projects/Facies/Dataset/facies/tiles/images/img_01487.npy,/home/grva-mintcave/Projects/Facies/Dataset/facies/tiles/masks/img_01487.npy,"(4, 512, 512)",0.0,1.0,0.5021044611930847,0.16244769096374512,5
/home/grva-mintcave/Projects/Facies/Dataset/facies/tiles/images/img_01488.npy,/home/grva-mintcave/Projects/Facies/Dataset/facies/tiles/masks/img_01488.npy,"(4, 512, 512)",0.0,1.0,0.502286434173584,0.16997088491916656,5
/home/grva-mintcave/Projects/Facies/Dataset/facies/tiles/images/img_01489.npy,/home/grva-mintcave/Projects/Facies/Dataset/facies/tiles/masks/img_01489.npy,"(4, 512, 512)",0.0,1.0,0.5023189187049866,0.16995291411876678,5
/home/grva-mintcave/Projects/Facies/Dataset/facies/tiles/images/img_01490.npy,/home/grva-mintcave/Projects/Facies/Dataset/facies/tiles/masks/img_01490.npy,"(4, 512, 512)",0.0,1.0,0.5026487112045288,0.16537225246429443,5
/home/grva-mintcave/Projects/Facies/Dataset/facies/tiles/images/img_01491.npy,/home/grva-mintcave/Projects/Facies/Dataset/facies/tiles/masks/img_01491.npy,"(4, 512, 512)",0.0,1.0,0.502171516418457,0.15231186151504517,5
/home/grva-mintcave/Projects/Facies/Dataset/facies/tiles/images/img_01492.npy,/home/grva-mintcave/Projects/Facies/Dataset/facies/tiles/masks/img_01492.npy,"(4, 512, 512)",0.0,1.0,0.5010213851928711,0.1625630110502243,5
/home/grva-mintcave/Projects/Facies/Dataset/facies/tiles/images/img_01493.npy,/home/grva-mintcave/Projects/Facies/Dataset/facies/tiles/masks/img_01493.npy,"(4, 512, 512)",0.0,1.0,0.503250241279602,0.17292946577072144,5
/home/grva-mintcave/Projects/Facies/Dataset/facies/tiles/images/img_01494.npy,/home/grva-mintcave/Projects/Facies/Dataset/facies/tiles/masks/img_01494.npy,"(4, 512, 512)",0.0,1.0,0.5032270550727844,0.17261184751987457,5
/home/grva-mintcave/Projects/Facies/Dataset/facies/tiles/images/img_01495.npy,/home/grva-mintcave/Projects/Facies/Dataset/facies/tiles/masks/img_01495.npy,"(4, 512, 512)",0.0,1.0,0.5043114423751831,0.17311111092567444,5
/home/grva-mintcave/Projects/Facies/Dataset/facies/tiles/images/img_01496.npy,/home/grva-mintcave/Projects/Facies/Dataset/facies/tiles/masks/img_01496.npy,"(4, 512, 512)",0.0,1.0,0.50250244140625,0.1522177904844284,5
/home/grva-mintcave/Projects/Facies/Dataset/facies/tiles/images/img_01497.npy,/home/grva-mintcave/Projects/Facies/Dataset/facies/tiles/masks/img_01497.npy,"(4, 512, 512)",0.0,1.0,0.5017188787460327,0.1701204776763916,5
/home/grva-mintcave/Projects/Facies/Dataset/facies/tiles/images/img_01498.npy,/home/grva-mintcave/Projects/Facies/Dataset/facies/tiles/masks/img_01498.npy,"(4, 512, 512)",0.0,1.0,0.5027843117713928,0.18523189425468445,5
/home/grva-mintcave/Projects/Facies/Dataset/facies/tiles/images/img_01499.npy,/home/grva-mintcave/Projects/Facies/Dataset/facies/tiles/masks/img_01499.npy,"(4, 512, 512)",0.0,1.0,0.5028144121170044,0.18532802164554596,5
/home/grva-mintcave/Projects/Facies/Dataset/facies/tiles/images/img_01500.npy,/home/grva-mintcave/Projects/Facies/Dataset/facies/tiles/masks/img_01500.npy,"(4, 512, 512)",0.0,1.0,0.502949059009552,0.1601920872926712,5
/home/grva-mintcave/Projects/Facies/Dataset/facies/tiles/images/img_01501.npy,/home/grva-mintcave/Projects/Facies/Dataset/facies/tiles/masks/img_01501.npy,"(4, 512, 512)",0.0,1.0,0.5024367570877075,0.14903542399406433,5
/home/grva-mintcave/Projects/Facies/Dataset/facies/tiles/images/img_01502.npy,/home/grva-mintcave/Projects/Facies/Dataset/facies/tiles/masks/img_01502.npy,"(4, 512, 512)",0.0,1.0,0.5009320974349976,0.1493779718875885,5
/home/grva-mintcave/Projects/Facies/Dataset/facies/tiles/images/img_01503.npy,/home/grva-mintcave/Projects/Facies/Dataset/facies/tiles/masks/img_01503.npy,"(4, 512, 512)",0.0,1.0,0.5033038258552551,0.1715870052576065,5
/home/grva-mintcave/Projects/Facies/Dataset/facies/tiles/images/img_01504.npy,/home/grva-mintcave/Projects/Facies/Dataset/facies/tiles/masks/img_01504.npy,"(4, 512, 512)",0.0,1.0,0.5033074021339417,0.17132684588432312,5
/home/grva-mintcave/Projects/Facies/Dataset/facies/tiles/images/img_01505.npy,/home/grva-mintcave/Projects/Facies/Dataset/facies/tiles/masks/img_01505.npy,"(4, 512, 512)",0.0,1.0,0.5047174692153931,0.16947217285633087,5
/home/grva-mintcave/Projects/Facies/Dataset/facies/tiles/images/img_01506.npy,/home/grva-mintcave/Projects/Facies/Dataset/facies/tiles/masks/img_01506.npy,"(4, 512, 512)",0.0,1.0,0.5026519894599915,0.14886510372161865,5
/home/grva-mintcave/Projects/Facies/Dataset/facies/tiles/images/img_01507.npy,/home/grva-mintcave/Projects/Facies/Dataset/facies/tiles/masks/img_01507.npy,"(4, 512, 512)",0.0,1.0,0.5025133490562439,0.15391020476818085,5
/home/grva-mintcave/Projects/Facies/Dataset/facies/tiles/images/img_01508.npy,/home/grva-mintcave/Projects/Facies/Dataset/facies/tiles/masks/img_01508.npy,"(4, 512, 512)",0.0,1.0,0.5031626224517822,0.1839347928762436,5
/home/grva-mintcave/Projects/Facies/Dataset/facies/tiles/images/img_01509.npy,/home/grva-mintcave/Projects/Facies/Dataset/facies/tiles/masks/img_01509.npy,"(4, 512, 512)",0.0,1.0,0.5031693577766418,0.18397526443004608,5
/home/grva-mintcave/Projects/Facies/Dataset/facies/tiles/images/img_01510.npy,/home/grva-mintcave/Projects/Facies/Dataset/facies/tiles/masks/img_01510.npy,"(4, 512, 512)",0.0,1.0,0.5029031038284302,0.16257299482822418,5
/home/grva-mintcave/Projects/Facies/Dataset/facies/tiles/images/img_01511.npy,/home/grva-mintcave/Projects/Facies/Dataset/facies/tiles/masks/img_01511.npy,"(4, 512, 512)",0.0,1.0,0.5024809241294861,0.14694474637508392,5
/home/grva-mintcave/Projects/Facies/Dataset/facies/tiles/images/img_01512.npy,/home/grva-mintcave/Projects/Facies/Dataset/facies/tiles/masks/img_01512.npy,"(4, 512, 512)",0.0,1.0,0.5009941458702087,0.15064474940299988,5
/home/grva-mintcave/Projects/Facies/Dataset/facies/tiles/images/img_01513.npy,/home/grva-mintcave/Projects/Facies/Dataset/facies/tiles/masks/img_01513.npy,"(4, 512, 512)",0.0,1.0,0.5033047795295715,0.17334309220314026,5
/home/grva-mintcave/Projects/Facies/Dataset/facies/tiles/images/img_01514.npy,/home/grva-mintcave/Projects/Facies/Dataset/facies/tiles/masks/img_01514.npy,"(4, 512, 512)",0.0,1.0,0.5033071637153625,0.17294277250766754,5
/home/grva-mintcave/Projects/Facies/Dataset/facies/tiles/images/img_01515.npy,/home/grva-mintcave/Projects/Facies/Dataset/facies/tiles/masks/img_01515.npy,"(4, 512, 512)",0.0,1.0,0.5048467516899109,0.17285753786563873,5
/home/grva-mintcave/Projects/Facies/Dataset/facies/tiles/images/img_01516.npy,/home/grva-mintcave/Projects/Facies/Dataset/facies/tiles/masks/img_01516.npy,"(4, 512, 512)",0.0,1.0,0.502953290939331,0.14688658714294434,5
/home/grva-mintcave/Projects/Facies/Dataset/facies/tiles/images/img_01517.npy,/home/grva-mintcave/Projects/Facies/Dataset/facies/tiles/masks/img_01517.npy,"(4, 512, 512)",0.0,1.0,0.502778947353363,0.15337355434894562,5
/home/grva-mintcave/Projects/Facies/Dataset/facies/tiles/images/img_01518.npy,/home/grva-mintcave/Projects/Facies/Dataset/facies/tiles/masks/img_01518.npy,"(4, 512, 512)",0.0,1.0,0.5037888884544373,0.18545909225940704,5
/home/grva-mintcave/Projects/Facies/Dataset/facies/tiles/images/img_01519.npy,/home/grva-mintcave/Projects/Facies/Dataset/facies/tiles/masks/img_01519.npy,"(4, 512, 512)",0.0,1.0,0.5037681460380554,0.18520908057689667,5
/home/grva-mintcave/Projects/Facies/Dataset/facies/tiles/images/img_01520.npy,/home/grva-mintcave/Projects/Facies/Dataset/facies/tiles/masks/img_01520.npy,"(4, 512, 512)",0.0,1.0,0.5026372671127319,0.1707075834274292,5
/home/grva-mintcave/Projects/Facies/Dataset/facies/tiles/images/img_01521.npy,/home/grva-mintcave/Projects/Facies/Dataset/facies/tiles/masks/img_01521.npy,"(4, 512, 512)",0.0,1.0,0.5024536848068237,0.13938744366168976,5
/home/grva-mintcave/Projects/Facies/Dataset/facies/tiles/images/img_01522.npy,/home/grva-mintcave/Projects/Facies/Dataset/facies/tiles/masks/img_01522.npy,"(4, 512, 512)",0.0,1.0,0.5012627243995667,0.15715733170509338,5
/home/grva-mintcave/Projects/Facies/Dataset/facies/tiles/images/img_01523.npy,/home/grva-mintcave/Projects/Facies/Dataset/facies/tiles/masks/img_01523.npy,"(4, 512, 512)",0.0,1.0,0.5046430230140686,0.1829274594783783,5
/home/grva-mintcave/Projects/Facies/Dataset/facies/tiles/images/img_01524.npy,/home/grva-mintcave/Projects/Facies/Dataset/facies/tiles/masks/img_01524.npy,"(4, 512, 512)",0.0,1.0,0.5046413540840149,0.18258348107337952,5
/home/grva-mintcave/Projects/Facies/Dataset/facies/tiles/images/img_01525.npy,/home/grva-mintcave/Projects/Facies/Dataset/facies/tiles/masks/img_01525.npy,"(4, 512, 512)",0.0,1.0,0.5045707821846008,0.18194067478179932,5
/home/grva-mintcave/Projects/Facies/Dataset/facies/tiles/images/img_01526.npy,/home/grva-mintcave/Projects/Facies/Dataset/facies/tiles/masks/img_01526.npy,"(4, 512, 512)",0.0,1.0,0.5028265714645386,0.13958637416362762,5
/home/grva-mintcave/Projects/Facies/Dataset/facies/tiles/images/img_01527.npy,/home/grva-mintcave/Projects/Facies/Dataset/facies/tiles/masks/img_01527.npy,"(4, 512, 512)",0.0,1.0,0.5025150775909424,0.16131338477134705,5
/home/grva-mintcave/Projects/Facies/Dataset/facies/tiles/images/img_01528.npy,/home/grva-mintcave/Projects/Facies/Dataset/facies/tiles/masks/img_01528.npy,"(4, 512, 512)",0.0,1.0,0.5047562718391418,0.19263781607151031,5
/home/grva-mintcave/Projects/Facies/Dataset/facies/tiles/images/img_01529.npy,/home/grva-mintcave/Projects/Facies/Dataset/facies/tiles/masks/img_01529.npy,"(4, 512, 512)",0.0,1.0,0.504745364189148,0.19243447482585907,5
/home/grva-mintcave/Projects/Facies/Dataset/facies/tiles/images/img_01530.npy,/home/grva-mintcave/Projects/Facies/Dataset/facies/tiles/masks/img_01530.npy,"(4, 512, 512)",0.0,1.0,0.5026419162750244,0.17809215188026428,5
/home/grva-mintcave/Projects/Facies/Dataset/facies/tiles/images/img_01531.npy,/home/grva-mintcave/Projects/Facies/Dataset/facies/tiles/masks/img_01531.npy,"(4, 512, 512)",0.0,1.0,0.502458930015564,0.14270459115505219,5
/home/grva-mintcave/Projects/Facies/Dataset/facies/tiles/images/img_01532.npy,/home/grva-mintcave/Projects/Facies/Dataset/facies/tiles/masks/img_01532.npy,"(4, 512, 512)",0.0,1.0,0.5015057921409607,0.16516081988811493,5
/home/grva-mintcave/Projects/Facies/Dataset/facies/tiles/images/img_01533.npy,/home/grva-mintcave/Projects/Facies/Dataset/facies/tiles/masks/img_01533.npy,"(4, 512, 512)",0.0,1.0,0.5054289102554321,0.18910031020641327,5
/home/grva-mintcave/Projects/Facies/Dataset/facies/tiles/images/img_01534.npy,/home/grva-mintcave/Projects/Facies/Dataset/facies/tiles/masks/img_01534.npy,"(4, 512, 512)",0.0,1.0,0.5054160952568054,0.18886308372020721,5
/home/grva-mintcave/Projects/Facies/Dataset/facies/tiles/images/img_01535.npy,/home/grva-mintcave/Projects/Facies/Dataset/facies/tiles/masks/img_01535.npy,"(4, 512, 512)",0.0,1.0,0.5040805339813232,0.18810436129570007,5
/home/grva-mintcave/Projects/Facies/Dataset/facies/tiles/images/img_01536.npy,/home/grva-mintcave/Projects/Facies/Dataset/facies/tiles/masks/img_01536.npy,"(4, 512, 512)",0.0,1.0,0.5028443932533264,0.14270584285259247,5
/home/grva-mintcave/Projects/Facies/Dataset/facies/tiles/images/img_01537.npy,/home/grva-mintcave/Projects/Facies/Dataset/facies/tiles/masks/img_01537.npy,"(4, 512, 512)",0.0,1.0,0.5019959211349487,0.1704958826303482,5
/home/grva-mintcave/Projects/Facies/Dataset/facies/tiles/images/img_01538.npy,/home/grva-mintcave/Projects/Facies/Dataset/facies/tiles/masks/img_01538.npy,"(4, 512, 512)",0.0,1.0,0.5044042468070984,0.2028723508119583,5
/home/grva-mintcave/Projects/Facies/Dataset/facies/tiles/images/img_01539.npy,/home/grva-mintcave/Projects/Facies/Dataset/facies/tiles/masks/img_01539.npy,"(4, 512, 512)",0.0,1.0,0.5044231414794922,0.20259058475494385,5
/home/grva-mintcave/Projects/Facies/Dataset/facies/tiles/images/img_01540.npy,/home/grva-mintcave/Projects/Facies/Dataset/facies/tiles/masks/img_01540.npy,"(4, 512, 512)",0.0,1.0,0.5034283995628357,0.17044882476329803,5
/home/grva-mintcave/Projects/Facies/Dataset/facies/tiles/images/img_01541.npy,/home/grva-mintcave/Projects/Facies/Dataset/facies/tiles/masks/img_01541.npy,"(4, 512, 512)",0.0,1.0,0.5025074481964111,0.1386096477508545,5
/home/grva-mintcave/Projects/Facies/Dataset/facies/tiles/images/img_01542.npy,/home/grva-mintcave/Projects/Facies/Dataset/facies/tiles/masks/img_01542.npy,"(4, 512, 512)",0.0,1.0,0.502291202545166,0.16759279370307922,5
/home/grva-mintcave/Projects/Facies/Dataset/facies/tiles/images/img_01543.npy,/home/grva-mintcave/Projects/Facies/Dataset/facies/tiles/masks/img_01543.npy,"(4, 512, 512)",0.0,1.0,0.5051859617233276,0.19440948963165283,5
/home/grva-mintcave/Projects/Facies/Dataset/facies/tiles/images/img_01544.npy,/home/grva-mintcave/Projects/Facies/Dataset/facies/tiles/masks/img_01544.npy,"(4, 512, 512)",0.0,1.0,0.5051901340484619,0.19424551725387573,5
/home/grva-mintcave/Projects/Facies/Dataset/facies/tiles/images/img_01545.npy,/home/grva-mintcave/Projects/Facies/Dataset/facies/tiles/masks/img_01545.npy,"(4, 512, 512)",0.0,1.0,0.5045148134231567,0.1812349110841751,5
/home/grva-mintcave/Projects/Facies/Dataset/facies/tiles/images/img_01546.npy,/home/grva-mintcave/Projects/Facies/Dataset/facies/tiles/masks/img_01546.npy,"(4, 512, 512)",0.0,1.0,0.5027669072151184,0.13842971622943878,5
/home/grva-mintcave/Projects/Facies/Dataset/facies/tiles/images/img_01547.npy,/home/grva-mintcave/Projects/Facies/Dataset/facies/tiles/masks/img_01547.npy,"(4, 512, 512)",0.0,1.0,0.5012142658233643,0.174039825797081,5
/home/grva-mintcave/Projects/Facies/Dataset/facies/tiles/images/img_01548.npy,/home/grva-mintcave/Projects/Facies/Dataset/facies/tiles/masks/img_01548.npy,"(4, 512, 512)",0.0,1.0,0.5040658712387085,0.21240830421447754,5
/home/grva-mintcave/Projects/Facies/Dataset/facies/tiles/images/img_01549.npy,/home/grva-mintcave/Projects/Facies/Dataset/facies/tiles/masks/img_01549.npy,"(4, 512, 512)",0.0,1.0,0.5041106939315796,0.21225984394550323,5
/home/grva-mintcave/Projects/Facies/Dataset/facies/tiles/images/img_01550.npy,/home/grva-mintcave/Projects/Facies/Dataset/facies/tiles/masks/img_01550.npy,"(4, 512, 512)",0.0,1.0,0.5033392310142517,0.1606304794549942,5
/home/grva-mintcave/Projects/Facies/Dataset/facies/tiles/images/img_01551.npy,/home/grva-mintcave/Projects/Facies/Dataset/facies/tiles/masks/img_01551.npy,"(4, 512, 512)",0.0,1.0,0.5025975704193115,0.15815319120883942,5
/home/grva-mintcave/Projects/Facies/Dataset/facies/tiles/images/img_01552.npy,/home/grva-mintcave/Projects/Facies/Dataset/facies/tiles/masks/img_01552.npy,"(4, 512, 512)",0.0,1.0,0.5018949508666992,0.17119814455509186,5
/home/grva-mintcave/Projects/Facies/Dataset/facies/tiles/images/img_01553.npy,/home/grva-mintcave/Projects/Facies/Dataset/facies/tiles/masks/img_01553.npy,"(4, 512, 512)",0.0,1.0,0.5046289563179016,0.191946879029274,5
/home/grva-mintcave/Projects/Facies/Dataset/facies/tiles/images/img_01554.npy,/home/grva-mintcave/Projects/Facies/Dataset/facies/tiles/masks/img_01554.npy,"(4, 512, 512)",0.0,1.0,0.5046402812004089,0.19184187054634094,5
/home/grva-mintcave/Projects/Facies/Dataset/facies/tiles/images/img_01555.npy,/home/grva-mintcave/Projects/Facies/Dataset/facies/tiles/masks/img_01555.npy,"(4, 512, 512)",0.0,1.0,0.5043219327926636,0.17150813341140747,5
/home/grva-mintcave/Projects/Facies/Dataset/facies/tiles/images/img_01556.npy,/home/grva-mintcave/Projects/Facies/Dataset/facies/tiles/masks/img_01556.npy,"(4, 512, 512)",0.0,1.0,0.5029129981994629,0.1584450900554657,5
/home/grva-mintcave/Projects/Facies/Dataset/facies/tiles/images/img_01557.npy,/home/grva-mintcave/Projects/Facies/Dataset/facies/tiles/masks/img_01557.npy,"(4, 512, 512)",0.0,1.0,0.5015254020690918,0.1776125282049179,5
/home/grva-mintcave/Projects/Facies/Dataset/facies/tiles/images/img_01558.npy,/home/grva-mintcave/Projects/Facies/Dataset/facies/tiles/masks/img_01558.npy,"(4, 512, 512)",0.0,1.0,0.5039353370666504,0.21069952845573425,5
/home/grva-mintcave/Projects/Facies/Dataset/facies/tiles/images/img_01559.npy,/home/grva-mintcave/Projects/Facies/Dataset/facies/tiles/masks/img_01559.npy,"(4, 512, 512)",0.0,1.0,0.5039631724357605,0.21052852272987366,5
/home/grva-mintcave/Projects/Facies/Dataset/facies/tiles/images/img_01560.npy,/home/grva-mintcave/Projects/Facies/Dataset/facies/tiles/masks/img_01560.npy,"(4, 512, 512)",0.0,1.0,0.5039412975311279,0.1563618928194046,5
/home/grva-mintcave/Projects/Facies/Dataset/facies/tiles/images/img_01561.npy,/home/grva-mintcave/Projects/Facies/Dataset/facies/tiles/masks/img_01561.npy,"(4, 512, 512)",0.0,1.0,0.5027648210525513,0.1526472270488739,5
/home/grva-mintcave/Projects/Facies/Dataset/facies/tiles/images/img_01562.npy,/home/grva-mintcave/Projects/Facies/Dataset/facies/tiles/masks/img_01562.npy,"(4, 512, 512)",0.0,1.0,0.5019320249557495,0.17051002383232117,5
/home/grva-mintcave/Projects/Facies/Dataset/facies/tiles/images/img_01563.npy,/home/grva-mintcave/Projects/Facies/Dataset/facies/tiles/masks/img_01563.npy,"(4, 512, 512)",0.0,1.0,0.5053144097328186,0.19207705557346344,5
/home/grva-mintcave/Projects/Facies/Dataset/facies/tiles/images/img_01564.npy,/home/grva-mintcave/Projects/Facies/Dataset/facies/tiles/masks/img_01564.npy,"(4, 512, 512)",0.0,1.0,0.5053315162658691,0.19197691977024078,5
/home/grva-mintcave/Projects/Facies/Dataset/facies/tiles/images/img_01565.npy,/home/grva-mintcave/Projects/Facies/Dataset/facies/tiles/masks/img_01565.npy,"(4, 512, 512)",0.0,1.0,0.5047726035118103,0.16698826849460602,5
/home/grva-mintcave/Projects/Facies/Dataset/facies/tiles/images/img_01566.npy,/home/grva-mintcave/Projects/Facies/Dataset/facies/tiles/masks/img_01566.npy,"(4, 512, 512)",0.0,1.0,0.5026929378509521,0.15319135785102844,5
/home/grva-mintcave/Projects/Facies/Dataset/facies/tiles/images/img_01567.npy,/home/grva-mintcave/Projects/Facies/Dataset/facies/tiles/masks/img_01567.npy,"(4, 512, 512)",0.0,1.0,0.5028769373893738,0.17786087095737457,5
/home/grva-mintcave/Projects/Facies/Dataset/facies/tiles/images/img_01568.npy,/home/grva-mintcave/Projects/Facies/Dataset/facies/tiles/masks/img_01568.npy,"(4, 512, 512)",0.0,1.0,0.501564621925354,0.21339407563209534,5
/home/grva-mintcave/Projects/Facies/Dataset/facies/tiles/images/img_01569.npy,/home/grva-mintcave/Projects/Facies/Dataset/facies/tiles/masks/img_01569.npy,"(4, 512, 512)",0.0,1.0,0.5015209317207336,0.21310488879680634,5
/home/grva-mintcave/Projects/Facies/Dataset/facies/tiles/images/img_01570.npy,/home/grva-mintcave/Projects/Facies/Dataset/facies/tiles/masks/img_01570.npy,"(4, 512, 512)",0.0,1.0,0.5041546821594238,0.16685305535793304,5
/home/grva-mintcave/Projects/Facies/Dataset/facies/tiles/images/img_01571.npy,/home/grva-mintcave/Projects/Facies/Dataset/facies/tiles/masks/img_01571.npy,"(4, 512, 512)",0.0,1.0,0.5029508471488953,0.1398964524269104,5
/home/grva-mintcave/Projects/Facies/Dataset/facies/tiles/images/img_01572.npy,/home/grva-mintcave/Projects/Facies/Dataset/facies/tiles/masks/img_01572.npy,"(4, 512, 512)",0.0,1.0,0.5022096633911133,0.16126187145709991,5
/home/grva-mintcave/Projects/Facies/Dataset/facies/tiles/images/img_01573.npy,/home/grva-mintcave/Projects/Facies/Dataset/facies/tiles/masks/img_01573.npy,"(4, 512, 512)",0.0,1.0,0.5045371651649475,0.191527858376503,5
/home/grva-mintcave/Projects/Facies/Dataset/facies/tiles/images/img_01574.npy,/home/grva-mintcave/Projects/Facies/Dataset/facies/tiles/masks/img_01574.npy,"(4, 512, 512)",0.0,1.0,0.5045550465583801,0.19128690659999847,5
/home/grva-mintcave/Projects/Facies/Dataset/facies/tiles/images/img_01575.npy,/home/grva-mintcave/Projects/Facies/Dataset/facies/tiles/masks/img_01575.npy,"(4, 512, 512)",0.0,1.0,0.5045701861381531,0.1784980595111847,5
/home/grva-mintcave/Projects/Facies/Dataset/facies/tiles/images/img_01576.npy,/home/grva-mintcave/Projects/Facies/Dataset/facies/tiles/masks/img_01576.npy,"(4, 512, 512)",0.0,1.0,0.5027174353599548,0.1408313512802124,5
/home/grva-mintcave/Projects/Facies/Dataset/facies/tiles/images/img_01577.npy,/home/grva-mintcave/Projects/Facies/Dataset/facies/tiles/masks/img_01577.npy,"(4, 512, 512)",0.0,1.0,0.5031524300575256,0.1688307374715805,5
/home/grva-mintcave/Projects/Facies/Dataset/facies/tiles/images/img_01578.npy,/home/grva-mintcave/Projects/Facies/Dataset/facies/tiles/masks/img_01578.npy,"(4, 512, 512)",0.0,1.0,0.5015922784805298,0.2164888083934784,5
/home/grva-mintcave/Projects/Facies/Dataset/facies/tiles/images/img_01579.npy,/home/grva-mintcave/Projects/Facies/Dataset/facies/tiles/masks/img_01579.npy,"(4, 512, 512)",0.0,1.0,0.5015595555305481,0.21603989601135254,5
/home/grva-mintcave/Projects/Facies/Dataset/facies/tiles/images/img_01580.npy,/home/grva-mintcave/Projects/Facies/Dataset/facies/tiles/masks/img_01580.npy,"(4, 512, 512)",0.0,1.0,0.5040284991264343,0.1748451143503189,5
/home/grva-mintcave/Projects/Facies/Dataset/facies/tiles/images/img_01581.npy,/home/grva-mintcave/Projects/Facies/Dataset/facies/tiles/masks/img_01581.npy,"(4, 512, 512)",0.0,1.0,0.5025409460067749,0.13614146411418915,5
/home/grva-mintcave/Projects/Facies/Dataset/facies/tiles/images/img_01582.npy,/home/grva-mintcave/Projects/Facies/Dataset/facies/tiles/masks/img_01582.npy,"(4, 512, 512)",0.0,1.0,0.5018272995948792,0.16869643330574036,5
/home/grva-mintcave/Projects/Facies/Dataset/facies/tiles/images/img_01583.npy,/home/grva-mintcave/Projects/Facies/Dataset/facies/tiles/masks/img_01583.npy,"(4, 512, 512)",0.0,1.0,0.5045962333679199,0.19219239056110382,5
/home/grva-mintcave/Projects/Facies/Dataset/facies/tiles/images/img_01584.npy,/home/grva-mintcave/Projects/Facies/Dataset/facies/tiles/masks/img_01584.npy,"(4, 512, 512)",0.0,1.0,0.504580020904541,0.19193290174007416,5
/home/grva-mintcave/Projects/Facies/Dataset/facies/tiles/images/img_01585.npy,/home/grva-mintcave/Projects/Facies/Dataset/facies/tiles/masks/img_01585.npy,"(4, 512, 512)",0.0,1.0,0.5041655898094177,0.18660874664783478,5
/home/grva-mintcave/Projects/Facies/Dataset/facies/tiles/images/img_01586.npy,/home/grva-mintcave/Projects/Facies/Dataset/facies/tiles/masks/img_01586.npy,"(4, 512, 512)",0.0,1.0,0.5023424029350281,0.13765422999858856,5
/home/grva-mintcave/Projects/Facies/Dataset/facies/tiles/images/img_01587.npy,/home/grva-mintcave/Projects/Facies/Dataset/facies/tiles/masks/img_01587.npy,"(4, 512, 512)",0.0,1.0,0.5021746158599854,0.1809617280960083,5
/home/grva-mintcave/Projects/Facies/Dataset/facies/tiles/images/img_01588.npy,/home/grva-mintcave/Projects/Facies/Dataset/facies/tiles/masks/img_01588.npy,"(4, 512, 512)",0.0,1.0,0.5033649206161499,0.21984100341796875,5
/home/grva-mintcave/Projects/Facies/Dataset/facies/tiles/images/img_01589.npy,/home/grva-mintcave/Projects/Facies/Dataset/facies/tiles/masks/img_01589.npy,"(4, 512, 512)",0.0,1.0,0.503380537033081,0.21931926906108856,5
/home/grva-mintcave/Projects/Facies/Dataset/facies/tiles/images/img_01590.npy,/home/grva-mintcave/Projects/Facies/Dataset/facies/tiles/masks/img_01590.npy,"(4, 512, 512)",0.0,1.0,0.5041482448577881,0.16940592229366302,5
/home/grva-mintcave/Projects/Facies/Dataset/facies/tiles/images/img_01591.npy,/home/grva-mintcave/Projects/Facies/Dataset/facies/tiles/masks/img_01591.npy,"(4, 512, 512)",0.0,1.0,0.5022295713424683,0.13543684780597687,5
/home/grva-mintcave/Projects/Facies/Dataset/facies/tiles/images/img_01592.npy,/home/grva-mintcave/Projects/Facies/Dataset/facies/tiles/masks/img_01592.npy,"(4, 512, 512)",0.0,1.0,0.502069890499115,0.1665412336587906,5
/home/grva-mintcave/Projects/Facies/Dataset/facies/tiles/images/img_01593.npy,/home/grva-mintcave/Projects/Facies/Dataset/facies/tiles/masks/img_01593.npy,"(4, 512, 512)",0.0,1.0,0.5059698820114136,0.1919512003660202,5
/home/grva-mintcave/Projects/Facies/Dataset/facies/tiles/images/img_01594.npy,/home/grva-mintcave/Projects/Facies/Dataset/facies/tiles/masks/img_01594.npy,"(4, 512, 512)",0.0,1.0,0.5059621930122375,0.1918344348669052,5
/home/grva-mintcave/Projects/Facies/Dataset/facies/tiles/images/img_01595.npy,/home/grva-mintcave/Projects/Facies/Dataset/facies/tiles/masks/img_01595.npy,"(4, 512, 512)",0.0,1.0,0.5044321417808533,0.18023453652858734,5
/home/grva-mintcave/Projects/Facies/Dataset/facies/tiles/images/img_01596.npy,/home/grva-mintcave/Projects/Facies/Dataset/facies/tiles/masks/img_01596.npy,"(4, 512, 512)",0.0,1.0,0.5022608637809753,0.13618017733097076,5
/home/grva-mintcave/Projects/Facies/Dataset/facies/tiles/images/img_01597.npy,/home/grva-mintcave/Projects/Facies/Dataset/facies/tiles/masks/img_01597.npy,"(4, 512, 512)",0.0,1.0,0.5023366212844849,0.1745430827140808,5
/home/grva-mintcave/Projects/Facies/Dataset/facies/tiles/images/img_01598.npy,/home/grva-mintcave/Projects/Facies/Dataset/facies/tiles/masks/img_01598.npy,"(4, 512, 512)",0.0,1.0,0.5052793622016907,0.21955792605876923,5
/home/grva-mintcave/Projects/Facies/Dataset/facies/tiles/images/img_01599.npy,/home/grva-mintcave/Projects/Facies/Dataset/facies/tiles/masks/img_01599.npy,"(4, 512, 512)",0.0,1.0,0.5053644180297852,0.21921226382255554,5
/home/grva-mintcave/Projects/Facies/Dataset/facies/tiles/images/img_01600.npy,/home/grva-mintcave/Projects/Facies/Dataset/facies/tiles/masks/img_01600.npy,"(4, 512, 512)",0.0,1.0,0.5042049288749695,0.16179826855659485,5
/home/grva-mintcave/Projects/Facies/Dataset/facies/tiles/images/img_01601.npy,/home/grva-mintcave/Projects/Facies/Dataset/facies/tiles/masks/img_01601.npy,"(4, 512, 512)",0.0,1.0,0.5023489594459534,0.14212839305400848,5
/home/grva-mintcave/Projects/Facies/Dataset/facies/tiles/images/img_01602.npy,/home/grva-mintcave/Projects/Facies/Dataset/facies/tiles/masks/img_01602.npy,"(4, 512, 512)",0.0,1.0,0.5021641254425049,0.16650019586086273,5
/home/grva-mintcave/Projects/Facies/Dataset/facies/tiles/images/img_01603.npy,/home/grva-mintcave/Projects/Facies/Dataset/facies/tiles/masks/img_01603.npy,"(4, 512, 512)",0.0,1.0,0.5053074955940247,0.18707706034183502,5
/home/grva-mintcave/Projects/Facies/Dataset/facies/tiles/images/img_01604.npy,/home/grva-mintcave/Projects/Facies/Dataset/facies/tiles/masks/img_01604.npy,"(4, 512, 512)",0.0,1.0,0.5052930116653442,0.18686233460903168,5
/home/grva-mintcave/Projects/Facies/Dataset/facies/tiles/images/img_01605.npy,/home/grva-mintcave/Projects/Facies/Dataset/facies/tiles/masks/img_01605.npy,"(4, 512, 512)",0.0,1.0,0.5047746896743774,0.17273791134357452,5
/home/grva-mintcave/Projects/Facies/Dataset/facies/tiles/images/img_01606.npy,/home/grva-mintcave/Projects/Facies/Dataset/facies/tiles/masks/img_01606.npy,"(4, 512, 512)",0.0,1.0,0.5023109912872314,0.14310456812381744,5
/home/grva-mintcave/Projects/Facies/Dataset/facies/tiles/images/img_01607.npy,/home/grva-mintcave/Projects/Facies/Dataset/facies/tiles/masks/img_01607.npy,"(4, 512, 512)",0.0,1.0,0.5022810697555542,0.1729162633419037,5
/home/grva-mintcave/Projects/Facies/Dataset/facies/tiles/images/img_01608.npy,/home/grva-mintcave/Projects/Facies/Dataset/facies/tiles/masks/img_01608.npy,"(4, 512, 512)",0.0,1.0,0.5036747455596924,0.21697945892810822,5
/home/grva-mintcave/Projects/Facies/Dataset/facies/tiles/images/img_01609.npy,/home/grva-mintcave/Projects/Facies/Dataset/facies/tiles/masks/img_01609.npy,"(4, 512, 512)",0.0,1.0,0.5037402510643005,0.21652844548225403,5
/home/grva-mintcave/Projects/Facies/Dataset/facies/tiles/images/img_01610.npy,/home/grva-mintcave/Projects/Facies/Dataset/facies/tiles/masks/img_01610.npy,"(4, 512, 512)",0.0,1.0,0.5041717886924744,0.16001811623573303,5
/home/grva-mintcave/Projects/Facies/Dataset/facies/tiles/images/img_01611.npy,/home/grva-mintcave/Projects/Facies/Dataset/facies/tiles/masks/img_01611.npy,"(4, 512, 512)",0.0,1.0,0.5023807287216187,0.15301255881786346,5
/home/grva-mintcave/Projects/Facies/Dataset/facies/tiles/images/img_01612.npy,/home/grva-mintcave/Projects/Facies/Dataset/facies/tiles/masks/img_01612.npy,"(4, 512, 512)",0.0,1.0,0.5022691488265991,0.15375475585460663,5
/home/grva-mintcave/Projects/Facies/Dataset/facies/tiles/images/img_01613.npy,/home/grva-mintcave/Projects/Facies/Dataset/facies/tiles/masks/img_01613.npy,"(4, 512, 512)",0.0,1.0,0.5043851137161255,0.17946988344192505,5
/home/grva-mintcave/Projects/Facies/Dataset/facies/tiles/images/img_01614.npy,/home/grva-mintcave/Projects/Facies/Dataset/facies/tiles/masks/img_01614.npy,"(4, 512, 512)",0.0,1.0,0.5043783783912659,0.17952771484851837,5
/home/grva-mintcave/Projects/Facies/Dataset/facies/tiles/images/img_01615.npy,/home/grva-mintcave/Projects/Facies/Dataset/facies/tiles/masks/img_01615.npy,"(4, 512, 512)",0.0,1.0,0.5046198964118958,0.1696244478225708,5
/home/grva-mintcave/Projects/Facies/Dataset/facies/tiles/images/img_01616.npy,/home/grva-mintcave/Projects/Facies/Dataset/facies/tiles/masks/img_01616.npy,"(4, 512, 512)",0.0,1.0,0.5022000670433044,0.15456168353557587,5
/home/grva-mintcave/Projects/Facies/Dataset/facies/tiles/images/img_01617.npy,/home/grva-mintcave/Projects/Facies/Dataset/facies/tiles/masks/img_01617.npy,"(4, 512, 512)",0.0,1.0,0.502241849899292,0.16142123937606812,5
/home/grva-mintcave/Projects/Facies/Dataset/facies/tiles/images/img_01618.npy,/home/grva-mintcave/Projects/Facies/Dataset/facies/tiles/masks/img_01618.npy,"(4, 512, 512)",0.0,1.0,0.503570556640625,0.2146914303302765,5
/home/grva-mintcave/Projects/Facies/Dataset/facies/tiles/images/img_01619.npy,/home/grva-mintcave/Projects/Facies/Dataset/facies/tiles/masks/img_01619.npy,"(4, 512, 512)",0.0,1.0,0.5036259293556213,0.21449938416481018,5
/home/grva-mintcave/Projects/Facies/Dataset/facies/tiles/images/img_01620.npy,/home/grva-mintcave/Projects/Facies/Dataset/facies/tiles/masks/img_01620.npy,"(4, 512, 512)",0.0,1.0,0.5041474103927612,0.14823876321315765,5
/home/grva-mintcave/Projects/Facies/Dataset/facies/tiles/images/img_01621.npy,/home/grva-mintcave/Projects/Facies/Dataset/facies/tiles/masks/img_01621.npy,"(4, 512, 512)",0.0,1.0,0.502448320388794,0.14687760174274445,5
/home/grva-mintcave/Projects/Facies/Dataset/facies/tiles/images/img_01622.npy,/home/grva-mintcave/Projects/Facies/Dataset/facies/tiles/masks/img_01622.npy,"(4, 512, 512)",0.0,1.0,0.5023463368415833,0.14128226041793823,5
/home/grva-mintcave/Projects/Facies/Dataset/facies/tiles/images/img_01623.npy,/home/grva-mintcave/Projects/Facies/Dataset/facies/tiles/masks/img_01623.npy,"(4, 512, 512)",0.0,1.0,0.5038878917694092,0.16574354469776154,5
/home/grva-mintcave/Projects/Facies/Dataset/facies/tiles/images/img_01624.npy,/home/grva-mintcave/Projects/Facies/Dataset/facies/tiles/masks/img_01624.npy,"(4, 512, 512)",0.0,1.0,0.5038862228393555,0.16600432991981506,5
/home/grva-mintcave/Projects/Facies/Dataset/facies/tiles/images/img_01625.npy,/home/grva-mintcave/Projects/Facies/Dataset/facies/tiles/masks/img_01625.npy,"(4, 512, 512)",0.0,1.0,0.5044781565666199,0.15684816241264343,5
/home/grva-mintcave/Projects/Facies/Dataset/facies/tiles/images/img_01626.npy,/home/grva-mintcave/Projects/Facies/Dataset/facies/tiles/masks/img_01626.npy,"(4, 512, 512)",0.0,1.0,0.5020536184310913,0.14854907989501953,5
/home/grva-mintcave/Projects/Facies/Dataset/facies/tiles/images/img_01627.npy,/home/grva-mintcave/Projects/Facies/Dataset/facies/tiles/masks/img_01627.npy,"(4, 512, 512)",0.0,1.0,0.5020051598548889,0.14818884432315826,5
/home/grva-mintcave/Projects/Facies/Dataset/facies/tiles/images/img_01628.npy,/home/grva-mintcave/Projects/Facies/Dataset/facies/tiles/masks/img_01628.npy,"(4, 512, 512)",0.0,1.0,0.5036007761955261,0.2034125179052353,5
/home/grva-mintcave/Projects/Facies/Dataset/facies/tiles/images/img_01629.npy,/home/grva-mintcave/Projects/Facies/Dataset/facies/tiles/masks/img_01629.npy,"(4, 512, 512)",0.0,1.0,0.5036405920982361,0.20344115793704987,5
/home/grva-mintcave/Projects/Facies/Dataset/facies/tiles/images/img_01630.npy,/home/grva-mintcave/Projects/Facies/Dataset/facies/tiles/masks/img_01630.npy,"(4, 512, 512)",0.0,1.0,0.50363689661026,0.13308992981910706,5
/home/grva-mintcave/Projects/Facies/Dataset/facies/tiles/images/img_01631.npy,/home/grva-mintcave/Projects/Facies/Dataset/facies/tiles/masks/img_01631.npy,"(4, 512, 512)",0.0,1.0,0.5024020671844482,0.1368507295846939,5
/home/grva-mintcave/Projects/Facies/Dataset/facies/tiles/images/img_01632.npy,/home/grva-mintcave/Projects/Facies/Dataset/facies/tiles/masks/img_01632.npy,"(4, 512, 512)",0.0,1.0,0.5026686191558838,0.13333413004875183,5
/home/grva-mintcave/Projects/Facies/Dataset/facies/tiles/images/img_01633.npy,/home/grva-mintcave/Projects/Facies/Dataset/facies/tiles/masks/img_01633.npy,"(4, 512, 512)",0.0,1.0,0.5048738718032837,0.16323769092559814,5
/home/grva-mintcave/Projects/Facies/Dataset/facies/tiles/images/img_01634.npy,/home/grva-mintcave/Projects/Facies/Dataset/facies/tiles/masks/img_01634.npy,"(4, 512, 512)",0.0,1.0,0.5048810243606567,0.16326723992824554,5
/home/grva-mintcave/Projects/Facies/Dataset/facies/tiles/images/img_01635.npy,/home/grva-mintcave/Projects/Facies/Dataset/facies/tiles/masks/img_01635.npy,"(4, 512, 512)",0.0,1.0,0.5042467713356018,0.14248976111412048,5
/home/grva-mintcave/Projects/Facies/Dataset/facies/tiles/images/img_01636.npy,/home/grva-mintcave/Projects/Facies/Dataset/facies/tiles/masks/img_01636.npy,"(4, 512, 512)",0.0,1.0,0.5018605589866638,0.13809339702129364,5
/home/grva-mintcave/Projects/Facies/Dataset/facies/tiles/images/img_01637.npy,/home/grva-mintcave/Projects/Facies/Dataset/facies/tiles/masks/img_01637.npy,"(4, 512, 512)",0.0,1.0,0.5022477507591248,0.13766245543956757,5
/home/grva-mintcave/Projects/Facies/Dataset/facies/tiles/images/img_01638.npy,/home/grva-mintcave/Projects/Facies/Dataset/facies/tiles/masks/img_01638.npy,"(4, 512, 512)",0.0,1.0,0.5044220685958862,0.2006358653306961,5
/home/grva-mintcave/Projects/Facies/Dataset/facies/tiles/images/img_01639.npy,/home/grva-mintcave/Projects/Facies/Dataset/facies/tiles/masks/img_01639.npy,"(4, 512, 512)",0.0,1.0,0.5044558048248291,0.20044425129890442,5
/home/grva-mintcave/Projects/Facies/Dataset/facies/tiles/images/img_01640.npy,/home/grva-mintcave/Projects/Facies/Dataset/facies/tiles/masks/img_01640.npy,"(4, 512, 512)",0.0,1.0,0.5032221674919128,0.1299455612897873,5
/home/grva-mintcave/Projects/Facies/Dataset/facies/tiles/images/img_01641.npy,/home/grva-mintcave/Projects/Facies/Dataset/facies/tiles/masks/img_01641.npy,"(4, 512, 512)",0.0,1.0,0.5025792121887207,0.12307438999414444,5
/home/grva-mintcave/Projects/Facies/Dataset/facies/tiles/images/img_01642.npy,/home/grva-mintcave/Projects/Facies/Dataset/facies/tiles/masks/img_01642.npy,"(4, 512, 512)",0.0,1.0,0.5028948783874512,0.13574881851673126,5
/home/grva-mintcave/Projects/Facies/Dataset/facies/tiles/images/img_01643.npy,/home/grva-mintcave/Projects/Facies/Dataset/facies/tiles/masks/img_01643.npy,"(4, 512, 512)",0.0,1.0,0.5047563910484314,0.16171014308929443,5
/home/grva-mintcave/Projects/Facies/Dataset/facies/tiles/images/img_01644.npy,/home/grva-mintcave/Projects/Facies/Dataset/facies/tiles/masks/img_01644.npy,"(4, 512, 512)",0.0,1.0,0.5047541856765747,0.16158528625965118,5
/home/grva-mintcave/Projects/Facies/Dataset/facies/tiles/images/img_01645.npy,/home/grva-mintcave/Projects/Facies/Dataset/facies/tiles/masks/img_01645.npy,"(4, 512, 512)",0.0,1.0,0.5041012167930603,0.14105260372161865,5
/home/grva-mintcave/Projects/Facies/Dataset/facies/tiles/images/img_01646.npy,/home/grva-mintcave/Projects/Facies/Dataset/facies/tiles/masks/img_01646.npy,"(4, 512, 512)",0.0,1.0,0.5022544264793396,0.12393629550933838,5
/home/grva-mintcave/Projects/Facies/Dataset/facies/tiles/images/img_01647.npy,/home/grva-mintcave/Projects/Facies/Dataset/facies/tiles/masks/img_01647.npy,"(4, 512, 512)",0.0,1.0,0.5025050044059753,0.13900786638259888,5
/home/grva-mintcave/Projects/Facies/Dataset/facies/tiles/images/img_01648.npy,/home/grva-mintcave/Projects/Facies/Dataset/facies/tiles/masks/img_01648.npy,"(4, 512, 512)",0.0,1.0,0.5045779347419739,0.20319366455078125,5
/home/grva-mintcave/Projects/Facies/Dataset/facies/tiles/images/img_01649.npy,/home/grva-mintcave/Projects/Facies/Dataset/facies/tiles/masks/img_01649.npy,"(4, 512, 512)",0.0,1.0,0.5046326518058777,0.20280778408050537,5
/home/grva-mintcave/Projects/Facies/Dataset/facies/tiles/images/img_01650.npy,/home/grva-mintcave/Projects/Facies/Dataset/facies/tiles/masks/img_01650.npy,"(4, 512, 512)",0.0,1.0,0.503240704536438,0.1313915103673935,5
/home/grva-mintcave/Projects/Facies/Dataset/facies/tiles/images/img_01651.npy,/home/grva-mintcave/Projects/Facies/Dataset/facies/tiles/masks/img_01651.npy,"(4, 512, 512)",0.0,1.0,0.5024771094322205,0.11740818619728088,5
/home/grva-mintcave/Projects/Facies/Dataset/facies/tiles/images/img_01652.npy,/home/grva-mintcave/Projects/Facies/Dataset/facies/tiles/masks/img_01652.npy,"(4, 512, 512)",0.0,1.0,0.5024675726890564,0.14387725293636322,5
/home/grva-mintcave/Projects/Facies/Dataset/facies/tiles/images/img_01653.npy,/home/grva-mintcave/Projects/Facies/Dataset/facies/tiles/masks/img_01653.npy,"(4, 512, 512)",0.0,1.0,0.5049554705619812,0.16355058550834656,5
/home/grva-mintcave/Projects/Facies/Dataset/facies/tiles/images/img_01654.npy,/home/grva-mintcave/Projects/Facies/Dataset/facies/tiles/masks/img_01654.npy,"(4, 512, 512)",0.0,1.0,0.5049293041229248,0.16345521807670593,5
/home/grva-mintcave/Projects/Facies/Dataset/facies/tiles/images/img_01655.npy,/home/grva-mintcave/Projects/Facies/Dataset/facies/tiles/masks/img_01655.npy,"(4, 512, 512)",0.0,1.0,0.5039817094802856,0.1414564996957779,5
/home/grva-mintcave/Projects/Facies/Dataset/facies/tiles/images/img_01656.npy,/home/grva-mintcave/Projects/Facies/Dataset/facies/tiles/masks/img_01656.npy,"(4, 512, 512)",0.0,1.0,0.5027385354042053,0.11833219975233078,5
/home/grva-mintcave/Projects/Facies/Dataset/facies/tiles/images/img_01657.npy,/home/grva-mintcave/Projects/Facies/Dataset/facies/tiles/masks/img_01657.npy,"(4, 512, 512)",0.0,1.0,0.5029025077819824,0.14731812477111816,5
/home/grva-mintcave/Projects/Facies/Dataset/facies/tiles/images/img_01658.npy,/home/grva-mintcave/Projects/Facies/Dataset/facies/tiles/masks/img_01658.npy,"(4, 512, 512)",0.0,1.0,0.5029446482658386,0.20517565310001373,5
/home/grva-mintcave/Projects/Facies/Dataset/facies/tiles/images/img_01659.npy,/home/grva-mintcave/Projects/Facies/Dataset/facies/tiles/masks/img_01659.npy,"(4, 512, 512)",0.0,1.0,0.5029587149620056,0.20482271909713745,5
/home/grva-mintcave/Projects/Facies/Dataset/facies/tiles/images/img_01660.npy,/home/grva-mintcave/Projects/Facies/Dataset/facies/tiles/masks/img_01660.npy,"(4, 512, 512)",0.0,1.0,0.5033977031707764,0.13230706751346588,5
/home/grva-mintcave/Projects/Facies/Dataset/facies/tiles/images/img_01661.npy,/home/grva-mintcave/Projects/Facies/Dataset/facies/tiles/masks/img_01661.npy,"(4, 512, 512)",0.0,1.0,0.5024913549423218,0.11092433333396912,5
/home/grva-mintcave/Projects/Facies/Dataset/facies/tiles/images/img_01662.npy,/home/grva-mintcave/Projects/Facies/Dataset/facies/tiles/masks/img_01662.npy,"(4, 512, 512)",0.0,1.0,0.5022813677787781,0.13022539019584656,5
/home/grva-mintcave/Projects/Facies/Dataset/facies/tiles/images/img_01663.npy,/home/grva-mintcave/Projects/Facies/Dataset/facies/tiles/masks/img_01663.npy,"(4, 512, 512)",0.0,1.0,0.5051035284996033,0.15640053153038025,5
/home/grva-mintcave/Projects/Facies/Dataset/facies/tiles/images/img_01664.npy,/home/grva-mintcave/Projects/Facies/Dataset/facies/tiles/masks/img_01664.npy,"(4, 512, 512)",0.0,1.0,0.5051273107528687,0.15645970404148102,5
/home/grva-mintcave/Projects/Facies/Dataset/facies/tiles/images/img_01665.npy,/home/grva-mintcave/Projects/Facies/Dataset/facies/tiles/masks/img_01665.npy,"(4, 512, 512)",0.0,1.0,0.5039004683494568,0.14081408083438873,5
/home/grva-mintcave/Projects/Facies/Dataset/facies/tiles/images/img_01666.npy,/home/grva-mintcave/Projects/Facies/Dataset/facies/tiles/masks/img_01666.npy,"(4, 512, 512)",0.0,1.0,0.5024512410163879,0.11226561665534973,5
/home/grva-mintcave/Projects/Facies/Dataset/facies/tiles/images/img_01667.npy,/home/grva-mintcave/Projects/Facies/Dataset/facies/tiles/masks/img_01667.npy,"(4, 512, 512)",0.0,1.0,0.5030732154846191,0.1351882368326187,5
/home/grva-mintcave/Projects/Facies/Dataset/facies/tiles/images/img_01668.npy,/home/grva-mintcave/Projects/Facies/Dataset/facies/tiles/masks/img_01668.npy,"(4, 512, 512)",0.0,1.0,0.5027473568916321,0.19742164015769958,5
/home/grva-mintcave/Projects/Facies/Dataset/facies/tiles/images/img_01669.npy,/home/grva-mintcave/Projects/Facies/Dataset/facies/tiles/masks/img_01669.npy,"(4, 512, 512)",0.0,1.0,0.502748429775238,0.19714024662971497,5
/home/grva-mintcave/Projects/Facies/Dataset/facies/tiles/images/img_01670.npy,/home/grva-mintcave/Projects/Facies/Dataset/facies/tiles/masks/img_01670.npy,"(4, 512, 512)",0.0,1.0,0.5033106207847595,0.12144406139850616,5
/home/grva-mintcave/Projects/Facies/Dataset/facies/tiles/images/img_01671.npy,/home/grva-mintcave/Projects/Facies/Dataset/facies/tiles/masks/img_01671.npy,"(4, 512, 512)",0.0,1.0,0.5024095773696899,0.1058400422334671,5
/home/grva-mintcave/Projects/Facies/Dataset/facies/tiles/images/img_01672.npy,/home/grva-mintcave/Projects/Facies/Dataset/facies/tiles/masks/img_01672.npy,"(4, 512, 512)",0.0,1.0,0.5025238990783691,0.11122877895832062,5
/home/grva-mintcave/Projects/Facies/Dataset/facies/tiles/images/img_01673.npy,/home/grva-mintcave/Projects/Facies/Dataset/facies/tiles/masks/img_01673.npy,"(4, 512, 512)",0.0,1.0,0.5039393305778503,0.15621733665466309,5
/home/grva-mintcave/Projects/Facies/Dataset/facies/tiles/images/img_01674.npy,/home/grva-mintcave/Projects/Facies/Dataset/facies/tiles/masks/img_01674.npy,"(4, 512, 512)",0.0,1.0,0.5039650797843933,0.15625353157520294,5
/home/grva-mintcave/Projects/Facies/Dataset/facies/tiles/images/img_01675.npy,/home/grva-mintcave/Projects/Facies/Dataset/facies/tiles/masks/img_01675.npy,"(4, 512, 512)",0.0,1.0,0.5034902691841125,0.13001559674739838,5
/home/grva-mintcave/Projects/Facies/Dataset/facies/tiles/images/img_01676.npy,/home/grva-mintcave/Projects/Facies/Dataset/facies/tiles/masks/img_01676.npy,"(4, 512, 512)",0.0,1.0,0.5024639964103699,0.1067718118429184,5
/home/grva-mintcave/Projects/Facies/Dataset/facies/tiles/images/img_01677.npy,/home/grva-mintcave/Projects/Facies/Dataset/facies/tiles/masks/img_01677.npy,"(4, 512, 512)",0.0,1.0,0.5030319094657898,0.11607404053211212,5
/home/grva-mintcave/Projects/Facies/Dataset/facies/tiles/images/img_01678.npy,/home/grva-mintcave/Projects/Facies/Dataset/facies/tiles/masks/img_01678.npy,"(4, 512, 512)",0.0,1.0,0.5015031099319458,0.20472843945026398,5
/home/grva-mintcave/Projects/Facies/Dataset/facies/tiles/images/img_01679.npy,/home/grva-mintcave/Projects/Facies/Dataset/facies/tiles/masks/img_01679.npy,"(4, 512, 512)",0.0,1.0,0.5014517903327942,0.20483636856079102,5
/home/grva-mintcave/Projects/Facies/Dataset/facies/tiles/images/img_01680.npy,/home/grva-mintcave/Projects/Facies/Dataset/facies/tiles/masks/img_01680.npy,"(4, 512, 512)",0.0,1.0,0.5026469826698303,0.1060469001531601,5
/home/grva-mintcave/Projects/Facies/Dataset/facies/tiles/images/img_01681.npy,/home/grva-mintcave/Projects/Facies/Dataset/facies/tiles/masks/img_01681.npy,"(4, 512, 512)",0.0,1.0,0.5023183226585388,0.09729906171560287,5
/home/grva-mintcave/Projects/Facies/Dataset/facies/tiles/images/img_01682.npy,/home/grva-mintcave/Projects/Facies/Dataset/facies/tiles/masks/img_01682.npy,"(4, 512, 512)",0.0,1.0,0.5027326345443726,0.0947805643081665,5
/home/grva-mintcave/Projects/Facies/Dataset/facies/tiles/images/img_01683.npy,/home/grva-mintcave/Projects/Facies/Dataset/facies/tiles/masks/img_01683.npy,"(4, 512, 512)",0.0,1.0,0.502814769744873,0.15345993638038635,5
/home/grva-mintcave/Projects/Facies/Dataset/facies/tiles/images/img_01684.npy,/home/grva-mintcave/Projects/Facies/Dataset/facies/tiles/masks/img_01684.npy,"(4, 512, 512)",0.0,1.0,0.5028373003005981,0.15349772572517395,5
/home/grva-mintcave/Projects/Facies/Dataset/facies/tiles/images/img_01685.npy,/home/grva-mintcave/Projects/Facies/Dataset/facies/tiles/masks/img_01685.npy,"(4, 512, 512)",0.0,1.0,0.5032826066017151,0.11480183154344559,5
/home/grva-mintcave/Projects/Facies/Dataset/facies/tiles/images/img_01686.npy,/home/grva-mintcave/Projects/Facies/Dataset/facies/tiles/masks/img_01686.npy,"(4, 512, 512)",0.0,1.0,0.5026370286941528,0.09846183657646179,5
/home/grva-mintcave/Projects/Facies/Dataset/facies/tiles/images/img_01687.npy,/home/grva-mintcave/Projects/Facies/Dataset/facies/tiles/masks/img_01687.npy,"(4, 512, 512)",0.0,1.0,0.5026713609695435,0.09899699687957764,5
/home/grva-mintcave/Projects/Facies/Dataset/facies/tiles/images/img_01688.npy,/home/grva-mintcave/Projects/Facies/Dataset/facies/tiles/masks/img_01688.npy,"(4, 512, 512)",0.0,1.0,0.5014418363571167,0.2022058218717575,5
/home/grva-mintcave/Projects/Facies/Dataset/facies/tiles/images/img_01689.npy,/home/grva-mintcave/Projects/Facies/Dataset/facies/tiles/masks/img_01689.npy,"(4, 512, 512)",0.0,1.0,0.5014227032661438,0.20229129493236542,5
/home/grva-mintcave/Projects/Facies/Dataset/facies/tiles/images/img_01690.npy,/home/grva-mintcave/Projects/Facies/Dataset/facies/tiles/masks/img_01690.npy,"(4, 512, 512)",0.0,1.0,0.5023150444030762,0.10505298525094986,5
/home/grva-mintcave/Projects/Facies/Dataset/facies/tiles/images/img_01691.npy,/home/grva-mintcave/Projects/Facies/Dataset/facies/tiles/masks/img_01691.npy,"(4, 512, 512)",0.0,1.0,0.5022750496864319,0.09594777971506119,5
/home/grva-mintcave/Projects/Facies/Dataset/facies/tiles/images/img_01692.npy,/home/grva-mintcave/Projects/Facies/Dataset/facies/tiles/masks/img_01692.npy,"(4, 512, 512)",0.0,1.0,0.5025919079780579,0.08719969540834427,5
/home/grva-mintcave/Projects/Facies/Dataset/facies/tiles/images/img_01693.npy,/home/grva-mintcave/Projects/Facies/Dataset/facies/tiles/masks/img_01693.npy,"(4, 512, 512)",0.0,1.0,0.5031679272651672,0.14182059466838837,5
/home/grva-mintcave/Projects/Facies/Dataset/facies/tiles/images/img_01694.npy,/home/grva-mintcave/Projects/Facies/Dataset/facies/tiles/masks/img_01694.npy,"(4, 512, 512)",0.0,1.0,0.503133237361908,0.14199554920196533,5
/home/grva-mintcave/Projects/Facies/Dataset/facies/tiles/images/img_01695.npy,/home/grva-mintcave/Projects/Facies/Dataset/facies/tiles/masks/img_01695.npy,"(4, 512, 512)",0.0,1.0,0.503462553024292,0.11315865069627762,5
/home/grva-mintcave/Projects/Facies/Dataset/facies/tiles/images/img_01696.npy,/home/grva-mintcave/Projects/Facies/Dataset/facies/tiles/masks/img_01696.npy,"(4, 512, 512)",0.0,1.0,0.5027185082435608,0.09782227873802185,5
/home/grva-mintcave/Projects/Facies/Dataset/facies/tiles/images/img_01697.npy,/home/grva-mintcave/Projects/Facies/Dataset/facies/tiles/masks/img_01697.npy,"(4, 512, 512)",0.0,1.0,0.5028597712516785,0.09150715172290802,5
/home/grva-mintcave/Projects/Facies/Dataset/facies/tiles/images/img_01698.npy,/home/grva-mintcave/Projects/Facies/Dataset/facies/tiles/masks/img_01698.npy,"(4, 512, 512)",0.0,1.0,0.5024053454399109,0.188675656914711,5
/home/grva-mintcave/Projects/Facies/Dataset/facies/tiles/images/img_01699.npy,/home/grva-mintcave/Projects/Facies/Dataset/facies/tiles/masks/img_01699.npy,"(4, 512, 512)",0.0,1.0,0.5024570226669312,0.18883152306079865,5
/home/grva-mintcave/Projects/Facies/Dataset/facies/tiles/images/img_01700.npy,/home/grva-mintcave/Projects/Facies/Dataset/facies/tiles/masks/img_01700.npy,"(4, 512, 512)",0.0,1.0,0.5026651620864868,0.12508678436279297,5
/home/grva-mintcave/Projects/Facies/Dataset/facies/tiles/images/img_01701.npy,/home/grva-mintcave/Projects/Facies/Dataset/facies/tiles/masks/img_01701.npy,"(4, 512, 512)",0.0,1.0,0.5023804306983948,0.0968700647354126,5
/home/grva-mintcave/Projects/Facies/Dataset/facies/tiles/images/img_01702.npy,/home/grva-mintcave/Projects/Facies/Dataset/facies/tiles/masks/img_01702.npy,"(4, 512, 512)",0.0,1.0,0.5024360418319702,0.08575011789798737,5
/home/grva-mintcave/Projects/Facies/Dataset/facies/tiles/images/img_01703.npy,/home/grva-mintcave/Projects/Facies/Dataset/facies/tiles/masks/img_01703.npy,"(4, 512, 512)",0.0,1.0,0.5038330554962158,0.13655395805835724,5
/home/grva-mintcave/Projects/Facies/Dataset/facies/tiles/images/img_01704.npy,/home/grva-mintcave/Projects/Facies/Dataset/facies/tiles/masks/img_01704.npy,"(4, 512, 512)",0.0,1.0,0.5038248300552368,0.13669325411319733,5
/home/grva-mintcave/Projects/Facies/Dataset/facies/tiles/images/img_01705.npy,/home/grva-mintcave/Projects/Facies/Dataset/facies/tiles/masks/img_01705.npy,"(4, 512, 512)",0.0,1.0,0.5036019086837769,0.13084113597869873,5
/home/grva-mintcave/Projects/Facies/Dataset/facies/tiles/images/img_01706.npy,/home/grva-mintcave/Projects/Facies/Dataset/facies/tiles/masks/img_01706.npy,"(4, 512, 512)",0.0,1.0,0.5025613903999329,0.0995187908411026,5
/home/grva-mintcave/Projects/Facies/Dataset/facies/tiles/images/img_01707.npy,/home/grva-mintcave/Projects/Facies/Dataset/facies/tiles/masks/img_01707.npy,"(4, 512, 512)",0.0,1.0,0.5026222467422485,0.08812350779771805,5
/home/grva-mintcave/Projects/Facies/Dataset/facies/tiles/images/img_01708.npy,/home/grva-mintcave/Projects/Facies/Dataset/facies/tiles/masks/img_01708.npy,"(4, 512, 512)",0.0,1.0,0.5015738010406494,0.18346022069454193,5
/home/grva-mintcave/Projects/Facies/Dataset/facies/tiles/images/img_01709.npy,/home/grva-mintcave/Projects/Facies/Dataset/facies/tiles/masks/img_01709.npy,"(4, 512, 512)",0.0,1.0,0.5015650987625122,0.18399758636951447,5
/home/grva-mintcave/Projects/Facies/Dataset/facies/tiles/images/img_01710.npy,/home/grva-mintcave/Projects/Facies/Dataset/facies/tiles/masks/img_01710.npy,"(4, 512, 512)",0.0,1.0,0.5035344362258911,0.1414560228586197,5
/home/grva-mintcave/Projects/Facies/Dataset/facies/tiles/images/img_01711.npy,/home/grva-mintcave/Projects/Facies/Dataset/facies/tiles/masks/img_01711.npy,"(4, 512, 512)",0.0,1.0,0.5025043487548828,0.09293641149997711,5
/home/grva-mintcave/Projects/Facies/Dataset/facies/tiles/images/img_01712.npy,/home/grva-mintcave/Projects/Facies/Dataset/facies/tiles/masks/img_01712.npy,"(4, 512, 512)",0.0,1.0,0.5023527145385742,0.09265259653329849,5
/home/grva-mintcave/Projects/Facies/Dataset/facies/tiles/images/img_01713.npy,/home/grva-mintcave/Projects/Facies/Dataset/facies/tiles/masks/img_01713.npy,"(4, 512, 512)",0.0,1.0,0.5039349794387817,0.1349753737449646,5
/home/grva-mintcave/Projects/Facies/Dataset/facies/tiles/images/img_01714.npy,/home/grva-mintcave/Projects/Facies/Dataset/facies/tiles/masks/img_01714.npy,"(4, 512, 512)",0.0,1.0,0.5039686560630798,0.13532420992851257,5
/home/grva-mintcave/Projects/Facies/Dataset/facies/tiles/images/img_01715.npy,/home/grva-mintcave/Projects/Facies/Dataset/facies/tiles/masks/img_01715.npy,"(4, 512, 512)",0.0,1.0,0.50393146276474,0.14581827819347382,5
/home/grva-mintcave/Projects/Facies/Dataset/facies/tiles/images/img_01716.npy,/home/grva-mintcave/Projects/Facies/Dataset/facies/tiles/masks/img_01716.npy,"(4, 512, 512)",0.0,1.0,0.5027045607566833,0.0957266241312027,5
/home/grva-mintcave/Projects/Facies/Dataset/facies/tiles/images/img_01717.npy,/home/grva-mintcave/Projects/Facies/Dataset/facies/tiles/masks/img_01717.npy,"(4, 512, 512)",0.0,1.0,0.5027753114700317,0.09425624459981918,5
/home/grva-mintcave/Projects/Facies/Dataset/facies/tiles/images/img_01718.npy,/home/grva-mintcave/Projects/Facies/Dataset/facies/tiles/masks/img_01718.npy,"(4, 512, 512)",0.0,1.0,0.5016412138938904,0.18395785987377167,5
/home/grva-mintcave/Projects/Facies/Dataset/facies/tiles/images/img_01719.npy,/home/grva-mintcave/Projects/Facies/Dataset/facies/tiles/masks/img_01719.npy,"(4, 512, 512)",0.0,1.0,0.5017022490501404,0.18468886613845825,5
/home/grva-mintcave/Projects/Facies/Dataset/facies/tiles/images/img_01720.npy,/home/grva-mintcave/Projects/Facies/Dataset/facies/tiles/masks/img_01720.npy,"(4, 512, 512)",0.0,1.0,0.5035830736160278,0.13987013697624207,5
/home/grva-mintcave/Projects/Facies/Dataset/facies/tiles/images/img_01721.npy,/home/grva-mintcave/Projects/Facies/Dataset/facies/tiles/masks/img_01721.npy,"(4, 512, 512)",0.0,1.0,0.5023871660232544,0.10003878176212311,5
/home/grva-mintcave/Projects/Facies/Dataset/facies/tiles/images/img_01722.npy,/home/grva-mintcave/Projects/Facies/Dataset/facies/tiles/masks/img_01722.npy,"(4, 512, 512)",0.0,1.0,0.5023329257965088,0.09738034754991531,5
/home/grva-mintcave/Projects/Facies/Dataset/facies/tiles/images/img_01723.npy,/home/grva-mintcave/Projects/Facies/Dataset/facies/tiles/masks/img_01723.npy,"(4, 512, 512)",0.0,1.0,0.5039944052696228,0.13600102066993713,5
/home/grva-mintcave/Projects/Facies/Dataset/facies/tiles/images/img_01724.npy,/home/grva-mintcave/Projects/Facies/Dataset/facies/tiles/masks/img_01724.npy,"(4, 512, 512)",0.0,1.0,0.5039750337600708,0.13649258017539978,5
/home/grva-mintcave/Projects/Facies/Dataset/facies/tiles/images/img_01725.npy,/home/grva-mintcave/Projects/Facies/Dataset/facies/tiles/masks/img_01725.npy,"(4, 512, 512)",0.0,1.0,0.5039322972297668,0.14433903992176056,5
/home/grva-mintcave/Projects/Facies/Dataset/facies/tiles/images/img_01726.npy,/home/grva-mintcave/Projects/Facies/Dataset/facies/tiles/masks/img_01726.npy,"(4, 512, 512)",0.0,1.0,0.5025324821472168,0.10256943106651306,5
/home/grva-mintcave/Projects/Facies/Dataset/facies/tiles/images/img_01727.npy,/home/grva-mintcave/Projects/Facies/Dataset/facies/tiles/masks/img_01727.npy,"(4, 512, 512)",0.0,1.0,0.5028519630432129,0.09921795129776001,5
/home/grva-mintcave/Projects/Facies/Dataset/facies/tiles/images/img_01728.npy,/home/grva-mintcave/Projects/Facies/Dataset/facies/tiles/masks/img_01728.npy,"(4, 512, 512)",0.0,1.0,0.5018683075904846,0.18824702501296997,5
/home/grva-mintcave/Projects/Facies/Dataset/facies/tiles/images/img_01729.npy,/home/grva-mintcave/Projects/Facies/Dataset/facies/tiles/masks/img_01729.npy,"(4, 512, 512)",0.0,1.0,0.5019319653511047,0.18894167244434357,5
/home/grva-mintcave/Projects/Facies/Dataset/facies/tiles/images/img_01730.npy,/home/grva-mintcave/Projects/Facies/Dataset/facies/tiles/masks/img_01730.npy,"(4, 512, 512)",0.0,1.0,0.5031138062477112,0.12827688455581665,5
/home/grva-mintcave/Projects/Facies/Dataset/facies/tiles/images/img_01731.npy,/home/grva-mintcave/Projects/Facies/Dataset/facies/tiles/masks/img_01731.npy,"(4, 512, 512)",0.0,1.0,0.5021042823791504,0.11256913840770721,5
/home/grva-mintcave/Projects/Facies/Dataset/facies/tiles/images/img_01732.npy,/home/grva-mintcave/Projects/Facies/Dataset/facies/tiles/masks/img_01732.npy,"(4, 512, 512)",0.0,1.0,0.5024613738059998,0.09999369084835052,5
/home/grva-mintcave/Projects/Facies/Dataset/facies/tiles/images/img_01733.npy,/home/grva-mintcave/Projects/Facies/Dataset/facies/tiles/masks/img_01733.npy,"(4, 512, 512)",0.0,1.0,0.5041279196739197,0.14019371569156647,5
/home/grva-mintcave/Projects/Facies/Dataset/facies/tiles/images/img_01734.npy,/home/grva-mintcave/Projects/Facies/Dataset/facies/tiles/masks/img_01734.npy,"(4, 512, 512)",0.0,1.0,0.5041577816009521,0.14057095348834991,5
/home/grva-mintcave/Projects/Facies/Dataset/facies/tiles/images/img_01735.npy,/home/grva-mintcave/Projects/Facies/Dataset/facies/tiles/masks/img_01735.npy,"(4, 512, 512)",0.0,1.0,0.5032942295074463,0.1340886354446411,5
/home/grva-mintcave/Projects/Facies/Dataset/facies/tiles/images/img_01736.npy,/home/grva-mintcave/Projects/Facies/Dataset/facies/tiles/masks/img_01736.npy,"(4, 512, 512)",0.0,1.0,0.5025559067726135,0.1147092655301094,5
/home/grva-mintcave/Projects/Facies/Dataset/facies/tiles/images/img_01737.npy,/home/grva-mintcave/Projects/Facies/Dataset/facies/tiles/masks/img_01737.npy,"(4, 512, 512)",0.0,1.0,0.5027036666870117,0.09736356139183044,5
/home/grva-mintcave/Projects/Facies/Dataset/facies/tiles/images/img_01738.npy,/home/grva-mintcave/Projects/Facies/Dataset/facies/tiles/masks/img_01738.npy,"(4, 512, 512)",0.0,1.0,0.5014636516571045,0.19515784084796906,5
/home/grva-mintcave/Projects/Facies/Dataset/facies/tiles/images/img_01739.npy,/home/grva-mintcave/Projects/Facies/Dataset/facies/tiles/masks/img_01739.npy,"(4, 512, 512)",0.0,1.0,0.5014140605926514,0.19593647122383118,5
/home/grva-mintcave/Projects/Facies/Dataset/facies/tiles/images/img_01740.npy,/home/grva-mintcave/Projects/Facies/Dataset/facies/tiles/masks/img_01740.npy,"(4, 512, 512)",0.0,1.0,0.5027867555618286,0.12888309359550476,5
/home/grva-mintcave/Projects/Facies/Dataset/facies/tiles/images/img_01741.npy,/home/grva-mintcave/Projects/Facies/Dataset/facies/tiles/masks/img_01741.npy,"(4, 512, 512)",0.0,1.0,0.5020325779914856,0.12217202037572861,5
/home/grva-mintcave/Projects/Facies/Dataset/facies/tiles/images/img_01742.npy,/home/grva-mintcave/Projects/Facies/Dataset/facies/tiles/masks/img_01742.npy,"(4, 512, 512)",0.0,1.0,0.5024763941764832,0.1041683778166771,5
/home/grva-mintcave/Projects/Facies/Dataset/facies/tiles/images/img_01743.npy,/home/grva-mintcave/Projects/Facies/Dataset/facies/tiles/masks/img_01743.npy,"(4, 512, 512)",0.0,1.0,0.5039774775505066,0.1417710781097412,5
/home/grva-mintcave/Projects/Facies/Dataset/facies/tiles/images/img_01744.npy,/home/grva-mintcave/Projects/Facies/Dataset/facies/tiles/masks/img_01744.npy,"(4, 512, 512)",0.0,1.0,0.5040146112442017,0.1420564204454422,5
/home/grva-mintcave/Projects/Facies/Dataset/facies/tiles/images/img_01745.npy,/home/grva-mintcave/Projects/Facies/Dataset/facies/tiles/masks/img_01745.npy,"(4, 512, 512)",0.0,1.0,0.5026264786720276,0.13663724064826965,5
/home/grva-mintcave/Projects/Facies/Dataset/facies/tiles/images/img_01746.npy,/home/grva-mintcave/Projects/Facies/Dataset/facies/tiles/masks/img_01746.npy,"(4, 512, 512)",0.0,1.0,0.5023407340049744,0.12486863136291504,5
/home/grva-mintcave/Projects/Facies/Dataset/facies/tiles/images/img_01747.npy,/home/grva-mintcave/Projects/Facies/Dataset/facies/tiles/masks/img_01747.npy,"(4, 512, 512)",0.0,1.0,0.5025994181632996,0.09911971539258957,5
/home/grva-mintcave/Projects/Facies/Dataset/facies/tiles/images/img_01748.npy,/home/grva-mintcave/Projects/Facies/Dataset/facies/tiles/masks/img_01748.npy,"(4, 512, 512)",0.0,1.0,0.5009276866912842,0.19926929473876953,5
/home/grva-mintcave/Projects/Facies/Dataset/facies/tiles/images/img_01749.npy,/home/grva-mintcave/Projects/Facies/Dataset/facies/tiles/masks/img_01749.npy,"(4, 512, 512)",0.0,1.0,0.5009422898292542,0.19991140067577362,5
/home/grva-mintcave/Projects/Facies/Dataset/facies/tiles/images/img_01750.npy,/home/grva-mintcave/Projects/Facies/Dataset/facies/tiles/masks/img_01750.npy,"(4, 512, 512)",0.0,1.0,0.5030253529548645,0.1358852982521057,5
/home/grva-mintcave/Projects/Facies/Dataset/facies/tiles/images/img_01751.npy,/home/grva-mintcave/Projects/Facies/Dataset/facies/tiles/masks/img_01751.npy,"(4, 512, 512)",0.0,1.0,0.5016635060310364,0.13160718977451324,5
/home/grva-mintcave/Projects/Facies/Dataset/facies/tiles/images/img_01752.npy,/home/grva-mintcave/Projects/Facies/Dataset/facies/tiles/masks/img_01752.npy,"(4, 512, 512)",0.0,1.0,0.5025475025177002,0.10770511627197266,5
/home/grva-mintcave/Projects/Facies/Dataset/facies/tiles/images/img_01753.npy,/home/grva-mintcave/Projects/Facies/Dataset/facies/tiles/masks/img_01753.npy,"(4, 512, 512)",0.0,1.0,0.503838300704956,0.14403684437274933,5
/home/grva-mintcave/Projects/Facies/Dataset/facies/tiles/images/img_01754.npy,/home/grva-mintcave/Projects/Facies/Dataset/facies/tiles/masks/img_01754.npy,"(4, 512, 512)",0.0,1.0,0.5038695931434631,0.14418616890907288,5
/home/grva-mintcave/Projects/Facies/Dataset/facies/tiles/images/img_01755.npy,/home/grva-mintcave/Projects/Facies/Dataset/facies/tiles/masks/img_01755.npy,"(4, 512, 512)",0.0,1.0,0.5024210214614868,0.14488214254379272,5
/home/grva-mintcave/Projects/Facies/Dataset/facies/tiles/images/img_01756.npy,/home/grva-mintcave/Projects/Facies/Dataset/facies/tiles/masks/img_01756.npy,"(4, 512, 512)",0.0,1.0,0.502073347568512,0.13540692627429962,5
/home/grva-mintcave/Projects/Facies/Dataset/facies/tiles/images/img_01757.npy,/home/grva-mintcave/Projects/Facies/Dataset/facies/tiles/masks/img_01757.npy,"(4, 512, 512)",0.0,1.0,0.5025309324264526,0.10233927518129349,5
/home/grva-mintcave/Projects/Facies/Dataset/facies/tiles/images/img_01758.npy,/home/grva-mintcave/Projects/Facies/Dataset/facies/tiles/masks/img_01758.npy,"(4, 512, 512)",0.0,1.0,0.5017521977424622,0.19879738986492157,5
/home/grva-mintcave/Projects/Facies/Dataset/facies/tiles/images/img_01759.npy,/home/grva-mintcave/Projects/Facies/Dataset/facies/tiles/masks/img_01759.npy,"(4, 512, 512)",0.0,1.0,0.5017824769020081,0.19930706918239594,5
/home/grva-mintcave/Projects/Facies/Dataset/facies/tiles/images/img_01760.npy,/home/grva-mintcave/Projects/Facies/Dataset/facies/tiles/masks/img_01760.npy,"(4, 512, 512)",0.0,1.0,0.5038604736328125,0.1408783495426178,5
/home/grva-mintcave/Projects/Facies/Dataset/facies/tiles/images/img_01761.npy,/home/grva-mintcave/Projects/Facies/Dataset/facies/tiles/masks/img_01761.npy,"(4, 512, 512)",0.0,1.0,0.501970648765564,0.13225004076957703,5
/home/grva-mintcave/Projects/Facies/Dataset/facies/tiles/images/img_01762.npy,/home/grva-mintcave/Projects/Facies/Dataset/facies/tiles/masks/img_01762.npy,"(4, 512, 512)",0.0,1.0,0.5024368166923523,0.11205527931451797,5
/home/grva-mintcave/Projects/Facies/Dataset/facies/tiles/images/img_01763.npy,/home/grva-mintcave/Projects/Facies/Dataset/facies/tiles/masks/img_01763.npy,"(4, 512, 512)",0.0,1.0,0.5039910078048706,0.15557335317134857,5
/home/grva-mintcave/Projects/Facies/Dataset/facies/tiles/images/img_01764.npy,/home/grva-mintcave/Projects/Facies/Dataset/facies/tiles/masks/img_01764.npy,"(4, 512, 512)",0.0,1.0,0.5039837956428528,0.15543276071548462,5
/home/grva-mintcave/Projects/Facies/Dataset/facies/tiles/images/img_01765.npy,/home/grva-mintcave/Projects/Facies/Dataset/facies/tiles/masks/img_01765.npy,"(4, 512, 512)",0.0,1.0,0.5027627348899841,0.15022432804107666,5
/home/grva-mintcave/Projects/Facies/Dataset/facies/tiles/images/img_01766.npy,/home/grva-mintcave/Projects/Facies/Dataset/facies/tiles/masks/img_01766.npy,"(4, 512, 512)",0.0,1.0,0.5023965239524841,0.13759304583072662,5
/home/grva-mintcave/Projects/Facies/Dataset/facies/tiles/images/img_01767.npy,/home/grva-mintcave/Projects/Facies/Dataset/facies/tiles/masks/img_01767.npy,"(4, 512, 512)",0.0,1.0,0.5026023387908936,0.10858309268951416,5
/home/grva-mintcave/Projects/Facies/Dataset/facies/tiles/images/img_01768.npy,/home/grva-mintcave/Projects/Facies/Dataset/facies/tiles/masks/img_01768.npy,"(4, 512, 512)",0.0,1.0,0.503507137298584,0.20600277185440063,5
/home/grva-mintcave/Projects/Facies/Dataset/facies/tiles/images/img_01769.npy,/home/grva-mintcave/Projects/Facies/Dataset/facies/tiles/masks/img_01769.npy,"(4, 512, 512)",0.0,1.0,0.503565788269043,0.20634886622428894,5
/home/grva-mintcave/Projects/Facies/Dataset/facies/tiles/images/img_01770.npy,/home/grva-mintcave/Projects/Facies/Dataset/facies/tiles/masks/img_01770.npy,"(4, 512, 512)",0.0,1.0,0.5038790702819824,0.1487552672624588,5
/home/grva-mintcave/Projects/Facies/Dataset/facies/tiles/images/img_01771.npy,/home/grva-mintcave/Projects/Facies/Dataset/facies/tiles/masks/img_01771.npy,"(4, 512, 512)",0.0,1.0,0.5024939179420471,0.13602235913276672,5
/home/grva-mintcave/Projects/Facies/Dataset/facies/tiles/images/img_01772.npy,/home/grva-mintcave/Projects/Facies/Dataset/facies/tiles/masks/img_01772.npy,"(4, 512, 512)",0.0,1.0,0.5025308132171631,0.1178915873169899,5
/home/grva-mintcave/Projects/Facies/Dataset/facies/tiles/images/img_01773.npy,/home/grva-mintcave/Projects/Facies/Dataset/facies/tiles/masks/img_01773.npy,"(4, 512, 512)",0.0,1.0,0.5024875998497009,0.16166473925113678,5
/home/grva-mintcave/Projects/Facies/Dataset/facies/tiles/images/img_01774.npy,/home/grva-mintcave/Projects/Facies/Dataset/facies/tiles/masks/img_01774.npy,"(4, 512, 512)",0.0,1.0,0.5024462938308716,0.1614803820848465,5
/home/grva-mintcave/Projects/Facies/Dataset/facies/tiles/images/img_01775.npy,/home/grva-mintcave/Projects/Facies/Dataset/facies/tiles/masks/img_01775.npy,"(4, 512, 512)",0.0,1.0,0.5029112100601196,0.15772859752178192,5
/home/grva-mintcave/Projects/Facies/Dataset/facies/tiles/images/img_01776.npy,/home/grva-mintcave/Projects/Facies/Dataset/facies/tiles/masks/img_01776.npy,"(4, 512, 512)",0.0,1.0,0.5017149448394775,0.1437922865152359,5
/home/grva-mintcave/Projects/Facies/Dataset/facies/tiles/images/img_01777.npy,/home/grva-mintcave/Projects/Facies/Dataset/facies/tiles/masks/img_01777.npy,"(4, 512, 512)",0.0,1.0,0.5028784275054932,0.11639532446861267,5
/home/grva-mintcave/Projects/Facies/Dataset/facies/tiles/images/img_01778.npy,/home/grva-mintcave/Projects/Facies/Dataset/facies/tiles/masks/img_01778.npy,"(4, 512, 512)",0.0,1.0,0.5021910071372986,0.21073614060878754,5
/home/grva-mintcave/Projects/Facies/Dataset/facies/tiles/images/img_01779.npy,/home/grva-mintcave/Projects/Facies/Dataset/facies/tiles/masks/img_01779.npy,"(4, 512, 512)",0.0,1.0,0.502217173576355,0.21102428436279297,5
/home/grva-mintcave/Projects/Facies/Dataset/facies/tiles/images/img_01780.npy,/home/grva-mintcave/Projects/Facies/Dataset/facies/tiles/masks/img_01780.npy,"(4, 512, 512)",0.0,1.0,0.5033489465713501,0.1535344272851944,5
/home/grva-mintcave/Projects/Facies/Dataset/facies/tiles/images/img_01781.npy,/home/grva-mintcave/Projects/Facies/Dataset/facies/tiles/masks/img_01781.npy,"(4, 512, 512)",0.0,1.0,0.5023525357246399,0.14933384954929352,5
/home/grva-mintcave/Projects/Facies/Dataset/facies/tiles/images/img_01782.npy,/home/grva-mintcave/Projects/Facies/Dataset/facies/tiles/masks/img_01782.npy,"(4, 512, 512)",0.0,1.0,0.5025408864021301,0.13079260289669037,5
/home/grva-mintcave/Projects/Facies/Dataset/facies/tiles/images/img_01783.npy,/home/grva-mintcave/Projects/Facies/Dataset/facies/tiles/masks/img_01783.npy,"(4, 512, 512)",0.0,1.0,0.5027468800544739,0.16229526698589325,5
/home/grva-mintcave/Projects/Facies/Dataset/facies/tiles/images/img_01784.npy,/home/grva-mintcave/Projects/Facies/Dataset/facies/tiles/masks/img_01784.npy,"(4, 512, 512)",0.0,1.0,0.502713143825531,0.1620478630065918,5
/home/grva-mintcave/Projects/Facies/Dataset/facies/tiles/images/img_01785.npy,/home/grva-mintcave/Projects/Facies/Dataset/facies/tiles/masks/img_01785.npy,"(4, 512, 512)",0.0,1.0,0.5030928254127502,0.16184592247009277,5
/home/grva-mintcave/Projects/Facies/Dataset/facies/tiles/images/img_01786.npy,/home/grva-mintcave/Projects/Facies/Dataset/facies/tiles/masks/img_01786.npy,"(4, 512, 512)",0.0,1.0,0.5005142688751221,0.15865719318389893,5
/home/grva-mintcave/Projects/Facies/Dataset/facies/tiles/images/img_01787.npy,/home/grva-mintcave/Projects/Facies/Dataset/facies/tiles/masks/img_01787.npy,"(4, 512, 512)",0.0,1.0,0.5031071901321411,0.1289592683315277,5
/home/grva-mintcave/Projects/Facies/Dataset/facies/tiles/images/img_01788.npy,/home/grva-mintcave/Projects/Facies/Dataset/facies/tiles/masks/img_01788.npy,"(4, 512, 512)",0.0,1.0,0.5025668740272522,0.21170534193515778,5
/home/grva-mintcave/Projects/Facies/Dataset/facies/tiles/images/img_01789.npy,/home/grva-mintcave/Projects/Facies/Dataset/facies/tiles/masks/img_01789.npy,"(4, 512, 512)",0.0,1.0,0.5026269555091858,0.2119327336549759,5
/home/grva-mintcave/Projects/Facies/Dataset/facies/tiles/images/img_01790.npy,/home/grva-mintcave/Projects/Facies/Dataset/facies/tiles/masks/img_01790.npy,"(4, 512, 512)",0.0,1.0,0.5026794672012329,0.15987415611743927,5
/home/grva-mintcave/Projects/Facies/Dataset/facies/tiles/images/img_01791.npy,/home/grva-mintcave/Projects/Facies/Dataset/facies/tiles/masks/img_01791.npy,"(4, 512, 512)",0.0,1.0,0.5017094612121582,0.16671474277973175,5
/home/grva-mintcave/Projects/Facies/Dataset/facies/tiles/images/img_01792.npy,/home/grva-mintcave/Projects/Facies/Dataset/facies/tiles/masks/img_01792.npy,"(4, 512, 512)",0.0,1.0,0.5025121569633484,0.13703811168670654,5
/home/grva-mintcave/Projects/Facies/Dataset/facies/tiles/images/img_01793.npy,/home/grva-mintcave/Projects/Facies/Dataset/facies/tiles/masks/img_01793.npy,"(4, 512, 512)",0.0,1.0,0.5033293962478638,0.15735632181167603,5
/home/grva-mintcave/Projects/Facies/Dataset/facies/tiles/images/img_01794.npy,/home/grva-mintcave/Projects/Facies/Dataset/facies/tiles/masks/img_01794.npy,"(4, 512, 512)",0.0,1.0,0.5032980442047119,0.1569577157497406,5
/home/grva-mintcave/Projects/Facies/Dataset/facies/tiles/images/img_01795.npy,/home/grva-mintcave/Projects/Facies/Dataset/facies/tiles/masks/img_01795.npy,"(4, 512, 512)",0.0,1.0,0.5033114552497864,0.1682489514350891,5
/home/grva-mintcave/Projects/Facies/Dataset/facies/tiles/images/img_01796.npy,/home/grva-mintcave/Projects/Facies/Dataset/facies/tiles/masks/img_01796.npy,"(4, 512, 512)",0.0,1.0,0.5002678632736206,0.1758207529783249,5
/home/grva-mintcave/Projects/Facies/Dataset/facies/tiles/images/img_01797.npy,/home/grva-mintcave/Projects/Facies/Dataset/facies/tiles/masks/img_01797.npy,"(4, 512, 512)",0.0,1.0,0.5032030344009399,0.13405145704746246,5
/home/grva-mintcave/Projects/Facies/Dataset/facies/tiles/images/img_01798.npy,/home/grva-mintcave/Projects/Facies/Dataset/facies/tiles/masks/img_01798.npy,"(4, 512, 512)",0.0,1.0,0.5049795508384705,0.2087554782629013,5
/home/grva-mintcave/Projects/Facies/Dataset/facies/tiles/images/img_01799.npy,/home/grva-mintcave/Projects/Facies/Dataset/facies/tiles/masks/img_01799.npy,"(4, 512, 512)",0.0,1.0,0.5050028562545776,0.20881254971027374,5
/home/grva-mintcave/Projects/Facies/Dataset/facies/tiles/images/img_01800.npy,/home/grva-mintcave/Projects/Facies/Dataset/facies/tiles/masks/img_01800.npy,"(4, 512, 512)",0.0,1.0,0.5021500587463379,0.16076956689357758,5
/home/grva-mintcave/Projects/Facies/Dataset/facies/tiles/images/img_01801.npy,/home/grva-mintcave/Projects/Facies/Dataset/facies/tiles/masks/img_01801.npy,"(4, 512, 512)",0.0,1.0,0.5015571117401123,0.17377400398254395,5
/home/grva-mintcave/Projects/Facies/Dataset/facies/tiles/images/img_01802.npy,/home/grva-mintcave/Projects/Facies/Dataset/facies/tiles/masks/img_01802.npy,"(4, 512, 512)",0.0,1.0,0.5024621486663818,0.13836687803268433,5
/home/grva-mintcave/Projects/Facies/Dataset/facies/tiles/images/img_01803.npy,/home/grva-mintcave/Projects/Facies/Dataset/facies/tiles/masks/img_01803.npy,"(4, 512, 512)",0.0,1.0,0.5032809972763062,0.15344448387622833,5
/home/grva-mintcave/Projects/Facies/Dataset/facies/tiles/images/img_01804.npy,/home/grva-mintcave/Projects/Facies/Dataset/facies/tiles/masks/img_01804.npy,"(4, 512, 512)",0.0,1.0,0.5032846331596375,0.15265284478664398,5
/home/grva-mintcave/Projects/Facies/Dataset/facies/tiles/images/img_01805.npy,/home/grva-mintcave/Projects/Facies/Dataset/facies/tiles/masks/img_01805.npy,"(4, 512, 512)",0.0,1.0,0.5035738348960876,0.1694185584783554,5
/home/grva-mintcave/Projects/Facies/Dataset/facies/tiles/images/img_01806.npy,/home/grva-mintcave/Projects/Facies/Dataset/facies/tiles/masks/img_01806.npy,"(4, 512, 512)",0.0,1.0,0.5004596710205078,0.18408477306365967,5
/home/grva-mintcave/Projects/Facies/Dataset/facies/tiles/images/img_01807.npy,/home/grva-mintcave/Projects/Facies/Dataset/facies/tiles/masks/img_01807.npy,"(4, 512, 512)",0.0,1.0,0.5031168460845947,0.13465037941932678,5
/home/grva-mintcave/Projects/Facies/Dataset/facies/tiles/images/img_01808.npy,/home/grva-mintcave/Projects/Facies/Dataset/facies/tiles/masks/img_01808.npy,"(4, 512, 512)",0.0,1.0,0.5040080547332764,0.20133483409881592,5
/home/grva-mintcave/Projects/Facies/Dataset/facies/tiles/images/img_01809.npy,/home/grva-mintcave/Projects/Facies/Dataset/facies/tiles/masks/img_01809.npy,"(4, 512, 512)",0.0,1.0,0.5040190815925598,0.20067858695983887,5
/home/grva-mintcave/Projects/Facies/Dataset/facies/tiles/images/img_01810.npy,/home/grva-mintcave/Projects/Facies/Dataset/facies/tiles/masks/img_01810.npy,"(4, 512, 512)",0.0,1.0,0.5018772482872009,0.1584881693124771,5
/home/grva-mintcave/Projects/Facies/Dataset/facies/tiles/images/img_01811.npy,/home/grva-mintcave/Projects/Facies/Dataset/facies/tiles/masks/img_01811.npy,"(4, 512, 512)",0.0,1.0,0.5018511414527893,0.17377346754074097,5
/home/grva-mintcave/Projects/Facies/Dataset/facies/tiles/images/img_01812.npy,/home/grva-mintcave/Projects/Facies/Dataset/facies/tiles/masks/img_01812.npy,"(4, 512, 512)",0.0,1.0,0.5023331046104431,0.1342785507440567,5
/home/grva-mintcave/Projects/Facies/Dataset/facies/tiles/images/img_01813.npy,/home/grva-mintcave/Projects/Facies/Dataset/facies/tiles/masks/img_01813.npy,"(4, 512, 512)",0.0,1.0,0.5035945177078247,0.15927782654762268,5
/home/grva-mintcave/Projects/Facies/Dataset/facies/tiles/images/img_01814.npy,/home/grva-mintcave/Projects/Facies/Dataset/facies/tiles/masks/img_01814.npy,"(4, 512, 512)",0.0,1.0,0.503597617149353,0.15878503024578094,5
/home/grva-mintcave/Projects/Facies/Dataset/facies/tiles/images/img_01815.npy,/home/grva-mintcave/Projects/Facies/Dataset/facies/tiles/masks/img_01815.npy,"(4, 512, 512)",0.0,1.0,0.5038025379180908,0.16869695484638214,5
/home/grva-mintcave/Projects/Facies/Dataset/facies/tiles/images/img_01816.npy,/home/grva-mintcave/Projects/Facies/Dataset/facies/tiles/masks/img_01816.npy,"(4, 512, 512)",0.0,1.0,0.5009090304374695,0.1829577535390854,5
/home/grva-mintcave/Projects/Facies/Dataset/facies/tiles/images/img_01817.npy,/home/grva-mintcave/Projects/Facies/Dataset/facies/tiles/masks/img_01817.npy,"(4, 512, 512)",0.0,1.0,0.5027709007263184,0.13059528172016144,5
/home/grva-mintcave/Projects/Facies/Dataset/facies/tiles/images/img_01818.npy,/home/grva-mintcave/Projects/Facies/Dataset/facies/tiles/masks/img_01818.npy,"(4, 512, 512)",0.0,1.0,0.5047792792320251,0.20614218711853027,5
/home/grva-mintcave/Projects/Facies/Dataset/facies/tiles/images/img_01819.npy,/home/grva-mintcave/Projects/Facies/Dataset/facies/tiles/masks/img_01819.npy,"(4, 512, 512)",0.0,1.0,0.5047909617424011,0.2057279497385025,5
/home/grva-mintcave/Projects/Facies/Dataset/facies/tiles/images/img_01820.npy,/home/grva-mintcave/Projects/Facies/Dataset/facies/tiles/masks/img_01820.npy,"(4, 512, 512)",0.0,1.0,0.5026683807373047,0.15745948255062103,5
/home/grva-mintcave/Projects/Facies/Dataset/facies/tiles/images/img_01821.npy,/home/grva-mintcave/Projects/Facies/Dataset/facies/tiles/masks/img_01821.npy,"(4, 512, 512)",0.0,1.0,0.5019192099571228,0.173478364944458,5
/home/grva-mintcave/Projects/Facies/Dataset/facies/tiles/images/img_01822.npy,/home/grva-mintcave/Projects/Facies/Dataset/facies/tiles/masks/img_01822.npy,"(4, 512, 512)",0.0,1.0,0.5025650858879089,0.1382126808166504,5
/home/grva-mintcave/Projects/Facies/Dataset/facies/tiles/images/img_01823.npy,/home/grva-mintcave/Projects/Facies/Dataset/facies/tiles/masks/img_01823.npy,"(4, 512, 512)",0.0,1.0,0.5040448904037476,0.1643729954957962,5
/home/grva-mintcave/Projects/Facies/Dataset/facies/tiles/images/img_01824.npy,/home/grva-mintcave/Projects/Facies/Dataset/facies/tiles/masks/img_01824.npy,"(4, 512, 512)",0.0,1.0,0.5040295124053955,0.16363288462162018,5
/home/grva-mintcave/Projects/Facies/Dataset/facies/tiles/images/img_01825.npy,/home/grva-mintcave/Projects/Facies/Dataset/facies/tiles/masks/img_01825.npy,"(4, 512, 512)",0.0,1.0,0.5028671622276306,0.16734951734542847,5
/home/grva-mintcave/Projects/Facies/Dataset/facies/tiles/images/img_01826.npy,/home/grva-mintcave/Projects/Facies/Dataset/facies/tiles/masks/img_01826.npy,"(4, 512, 512)",0.0,1.0,0.5011042356491089,0.18165214359760284,5
/home/grva-mintcave/Projects/Facies/Dataset/facies/tiles/images/img_01827.npy,/home/grva-mintcave/Projects/Facies/Dataset/facies/tiles/masks/img_01827.npy,"(4, 512, 512)",0.0,1.0,0.5029630661010742,0.1344306319952011,5
/home/grva-mintcave/Projects/Facies/Dataset/facies/tiles/images/img_01828.npy,/home/grva-mintcave/Projects/Facies/Dataset/facies/tiles/masks/img_01828.npy,"(4, 512, 512)",0.0,1.0,0.5049670338630676,0.20687851309776306,5
/home/grva-mintcave/Projects/Facies/Dataset/facies/tiles/images/img_01829.npy,/home/grva-mintcave/Projects/Facies/Dataset/facies/tiles/masks/img_01829.npy,"(4, 512, 512)",0.0,1.0,0.5049535632133484,0.2062627226114273,5
/home/grva-mintcave/Projects/Facies/Dataset/facies/tiles/images/img_01830.npy,/home/grva-mintcave/Projects/Facies/Dataset/facies/tiles/masks/img_01830.npy,"(4, 512, 512)",0.0,1.0,0.5036880970001221,0.163399800658226,5
/home/grva-mintcave/Projects/Facies/Dataset/facies/tiles/images/img_01831.npy,/home/grva-mintcave/Projects/Facies/Dataset/facies/tiles/masks/img_01831.npy,"(4, 512, 512)",0.0,1.0,0.5018700957298279,0.1811266541481018,5
/home/grva-mintcave/Projects/Facies/Dataset/facies/tiles/images/img_01832.npy,/home/grva-mintcave/Projects/Facies/Dataset/facies/tiles/masks/img_01832.npy,"(4, 512, 512)",0.0,1.0,0.5026148557662964,0.13667558133602142,5
/home/grva-mintcave/Projects/Facies/Dataset/facies/tiles/images/img_01833.npy,/home/grva-mintcave/Projects/Facies/Dataset/facies/tiles/masks/img_01833.npy,"(4, 512, 512)",0.0,1.0,0.5039868354797363,0.15843574702739716,5
/home/grva-mintcave/Projects/Facies/Dataset/facies/tiles/images/img_01834.npy,/home/grva-mintcave/Projects/Facies/Dataset/facies/tiles/masks/img_01834.npy,"(4, 512, 512)",0.0,1.0,0.5039548873901367,0.15782402455806732,5
/home/grva-mintcave/Projects/Facies/Dataset/facies/tiles/images/img_01835.npy,/home/grva-mintcave/Projects/Facies/Dataset/facies/tiles/masks/img_01835.npy,"(4, 512, 512)",0.0,1.0,0.501961886882782,0.17309212684631348,5
/home/grva-mintcave/Projects/Facies/Dataset/facies/tiles/images/img_01836.npy,/home/grva-mintcave/Projects/Facies/Dataset/facies/tiles/masks/img_01836.npy,"(4, 512, 512)",0.0,1.0,0.500796377658844,0.18958933651447296,5
/home/grva-mintcave/Projects/Facies/Dataset/facies/tiles/images/img_01837.npy,/home/grva-mintcave/Projects/Facies/Dataset/facies/tiles/masks/img_01837.npy,"(4, 512, 512)",0.0,1.0,0.5032446980476379,0.132621631026268,5
/home/grva-mintcave/Projects/Facies/Dataset/facies/tiles/images/img_01838.npy,/home/grva-mintcave/Projects/Facies/Dataset/facies/tiles/masks/img_01838.npy,"(4, 512, 512)",0.0,1.0,0.5031898021697998,0.19845326244831085,5
/home/grva-mintcave/Projects/Facies/Dataset/facies/tiles/images/img_01839.npy,/home/grva-mintcave/Projects/Facies/Dataset/facies/tiles/masks/img_01839.npy,"(4, 512, 512)",0.0,1.0,0.5031750202178955,0.19797925651073456,5
/home/grva-mintcave/Projects/Facies/Dataset/facies/tiles/images/img_01840.npy,/home/grva-mintcave/Projects/Facies/Dataset/facies/tiles/masks/img_01840.npy,"(4, 512, 512)",0.0,1.0,0.5035848021507263,0.15851135551929474,5
/home/grva-mintcave/Projects/Facies/Dataset/facies/tiles/images/img_01841.npy,/home/grva-mintcave/Projects/Facies/Dataset/facies/tiles/masks/img_01841.npy,"(4, 512, 512)",0.0,1.0,0.5017547011375427,0.17691437900066376,5
/home/grva-mintcave/Projects/Facies/Dataset/facies/tiles/images/img_01842.npy,/home/grva-mintcave/Projects/Facies/Dataset/facies/tiles/masks/img_01842.npy,"(4, 512, 512)",0.0,1.0,0.5028534531593323,0.12979499995708466,5
/home/grva-mintcave/Projects/Facies/Dataset/facies/tiles/images/img_01843.npy,/home/grva-mintcave/Projects/Facies/Dataset/facies/tiles/masks/img_01843.npy,"(4, 512, 512)",0.0,1.0,0.5046342015266418,0.15527288615703583,5
/home/grva-mintcave/Projects/Facies/Dataset/facies/tiles/images/img_01844.npy,/home/grva-mintcave/Projects/Facies/Dataset/facies/tiles/masks/img_01844.npy,"(4, 512, 512)",0.0,1.0,0.5046188831329346,0.15488360822200775,5
/home/grva-mintcave/Projects/Facies/Dataset/facies/tiles/images/img_01845.npy,/home/grva-mintcave/Projects/Facies/Dataset/facies/tiles/masks/img_01845.npy,"(4, 512, 512)",0.0,1.0,0.5016732215881348,0.16817255318164825,5
/home/grva-mintcave/Projects/Facies/Dataset/facies/tiles/images/img_01846.npy,/home/grva-mintcave/Projects/Facies/Dataset/facies/tiles/masks/img_01846.npy,"(4, 512, 512)",0.0,1.0,0.5008095502853394,0.18606290221214294,5
/home/grva-mintcave/Projects/Facies/Dataset/facies/tiles/images/img_01847.npy,/home/grva-mintcave/Projects/Facies/Dataset/facies/tiles/masks/img_01847.npy,"(4, 512, 512)",0.0,1.0,0.5031747817993164,0.12615352869033813,5
/home/grva-mintcave/Projects/Facies/Dataset/facies/tiles/images/img_01848.npy,/home/grva-mintcave/Projects/Facies/Dataset/facies/tiles/masks/img_01848.npy,"(4, 512, 512)",0.0,1.0,0.5019614696502686,0.1979614794254303,5
/home/grva-mintcave/Projects/Facies/Dataset/facies/tiles/images/img_01849.npy,/home/grva-mintcave/Projects/Facies/Dataset/facies/tiles/masks/img_01849.npy,"(4, 512, 512)",0.0,1.0,0.5019474625587463,0.19765758514404297,5
/home/grva-mintcave/Projects/Facies/Dataset/facies/tiles/images/img_01850.npy,/home/grva-mintcave/Projects/Facies/Dataset/facies/tiles/masks/img_01850.npy,"(4, 512, 512)",0.0,1.0,0.503825843334198,0.16036655008792877,5
/home/grva-mintcave/Projects/Facies/Dataset/facies/tiles/images/img_01851.npy,/home/grva-mintcave/Projects/Facies/Dataset/facies/tiles/masks/img_01851.npy,"(4, 512, 512)",0.0,1.0,0.5018439292907715,0.17421916127204895,5
/home/grva-mintcave/Projects/Facies/Dataset/facies/tiles/images/img_01852.npy,/home/grva-mintcave/Projects/Facies/Dataset/facies/tiles/masks/img_01852.npy,"(4, 512, 512)",0.0,1.0,0.5025472640991211,0.12946297228336334,5
/home/grva-mintcave/Projects/Facies/Dataset/facies/tiles/images/img_01853.npy,/home/grva-mintcave/Projects/Facies/Dataset/facies/tiles/masks/img_01853.npy,"(4, 512, 512)",0.0,1.0,0.5053569078445435,0.1570417433977127,5
/home/grva-mintcave/Projects/Facies/Dataset/facies/tiles/images/img_01854.npy,/home/grva-mintcave/Projects/Facies/Dataset/facies/tiles/masks/img_01854.npy,"(4, 512, 512)",0.0,1.0,0.5053669810295105,0.15667003393173218,4
/home/grva-mintcave/Projects/Facies/Dataset/facies/tiles/images/img_01855.npy,/home/grva-mintcave/Projects/Facies/Dataset/facies/tiles/masks/img_01855.npy,"(4, 512, 512)",0.0,1.0,0.5028985142707825,0.16957928240299225,5
/home/grva-mintcave/Projects/Facies/Dataset/facies/tiles/images/img_01856.npy,/home/grva-mintcave/Projects/Facies/Dataset/facies/tiles/masks/img_01856.npy,"(4, 512, 512)",0.0,1.0,0.5010086297988892,0.18330085277557373,5
/home/grva-mintcave/Projects/Facies/Dataset/facies/tiles/images/img_01857.npy,/home/grva-mintcave/Projects/Facies/Dataset/facies/tiles/masks/img_01857.npy,"(4, 512, 512)",0.0,1.0,0.502896785736084,0.125333771109581,5
/home/grva-mintcave/Projects/Facies/Dataset/facies/tiles/images/img_01858.npy,/home/grva-mintcave/Projects/Facies/Dataset/facies/tiles/masks/img_01858.npy,"(4, 512, 512)",0.0,1.0,0.5011681318283081,0.20153942704200745,5
/home/grva-mintcave/Projects/Facies/Dataset/facies/tiles/images/img_01859.npy,/home/grva-mintcave/Projects/Facies/Dataset/facies/tiles/masks/img_01859.npy,"(4, 512, 512)",0.0,1.0,0.5011506080627441,0.20127171277999878,4
/home/grva-mintcave/Projects/Facies/Dataset/facies/tiles/images/img_01860.npy,/home/grva-mintcave/Projects/Facies/Dataset/facies/tiles/masks/img_01860.npy,"(4, 512, 512)",0.0,1.0,0.5033743381500244,0.1590038239955902,5
/home/grva-mintcave/Projects/Facies/Dataset/facies/tiles/images/img_01861.npy,/home/grva-mintcave/Projects/Facies/Dataset/facies/tiles/masks/img_01861.npy,"(4, 512, 512)",0.0,1.0,0.5018139481544495,0.17703492939472198,5
/home/grva-mintcave/Projects/Facies/Dataset/facies/tiles/images/img_01862.npy,/home/grva-mintcave/Projects/Facies/Dataset/facies/tiles/masks/img_01862.npy,"(4, 512, 512)",0.0,1.0,0.502294659614563,0.12835894525051117,5
/home/grva-mintcave/Projects/Facies/Dataset/facies/tiles/images/img_01863.npy,/home/grva-mintcave/Projects/Facies/Dataset/facies/tiles/masks/img_01863.npy,"(4, 512, 512)",0.0,1.0,0.5049543380737305,0.15774694085121155,5
/home/grva-mintcave/Projects/Facies/Dataset/facies/tiles/images/img_01864.npy,/home/grva-mintcave/Projects/Facies/Dataset/facies/tiles/masks/img_01864.npy,"(4, 512, 512)",0.0,1.0,0.504965603351593,0.1574733555316925,4
/home/grva-mintcave/Projects/Facies/Dataset/facies/tiles/images/img_01865.npy,/home/grva-mintcave/Projects/Facies/Dataset/facies/tiles/masks/img_01865.npy,"(4, 512, 512)",0.0,1.0,0.5029593110084534,0.1684906929731369,5
/home/grva-mintcave/Projects/Facies/Dataset/facies/tiles/images/img_01866.npy,/home/grva-mintcave/Projects/Facies/Dataset/facies/tiles/masks/img_01866.npy,"(4, 512, 512)",0.0,1.0,0.5012534260749817,0.1862734705209732,5
/home/grva-mintcave/Projects/Facies/Dataset/facies/tiles/images/img_01867.npy,/home/grva-mintcave/Projects/Facies/Dataset/facies/tiles/masks/img_01867.npy,"(4, 512, 512)",0.0,1.0,0.5029621124267578,0.12322480976581573,5
/home/grva-mintcave/Projects/Facies/Dataset/facies/tiles/images/img_01868.npy,/home/grva-mintcave/Projects/Facies/Dataset/facies/tiles/masks/img_01868.npy,"(4, 512, 512)",0.0,1.0,0.5008426308631897,0.2034538835287094,5
/home/grva-mintcave/Projects/Facies/Dataset/facies/tiles/images/img_01869.npy,/home/grva-mintcave/Projects/Facies/Dataset/facies/tiles/masks/img_01869.npy,"(4, 512, 512)",0.0,1.0,0.5008445382118225,0.2032676488161087,4
/home/grva-mintcave/Projects/Facies/Dataset/facies/tiles/images/img_01870.npy,/home/grva-mintcave/Projects/Facies/Dataset/facies/tiles/masks/img_01870.npy,"(4, 512, 512)",0.0,1.0,0.5028859972953796,0.1547519564628601,5
/home/grva-mintcave/Projects/Facies/Dataset/facies/tiles/images/img_01871.npy,/home/grva-mintcave/Projects/Facies/Dataset/facies/tiles/masks/img_01871.npy,"(4, 512, 512)",0.0,1.0,0.5021889209747314,0.17673324048519135,5
/home/grva-mintcave/Projects/Facies/Dataset/facies/tiles/images/img_01872.npy,/home/grva-mintcave/Projects/Facies/Dataset/facies/tiles/masks/img_01872.npy,"(4, 512, 512)",0.0,1.0,0.5023393034934998,0.12611451745033264,5
/home/grva-mintcave/Projects/Facies/Dataset/facies/tiles/images/img_01873.npy,/home/grva-mintcave/Projects/Facies/Dataset/facies/tiles/masks/img_01873.npy,"(4, 512, 512)",0.0,1.0,0.5046588778495789,0.15895859897136688,5
/home/grva-mintcave/Projects/Facies/Dataset/facies/tiles/images/img_01874.npy,/home/grva-mintcave/Projects/Facies/Dataset/facies/tiles/masks/img_01874.npy,"(4, 512, 512)",0.0,1.0,0.5046698451042175,0.15874241292476654,4
/home/grva-mintcave/Projects/Facies/Dataset/facies/tiles/images/img_01875.npy,/home/grva-mintcave/Projects/Facies/Dataset/facies/tiles/masks/img_01875.npy,"(4, 512, 512)",0.0,1.0,0.5027686357498169,0.16539208590984344,5
/home/grva-mintcave/Projects/Facies/Dataset/facies/tiles/images/img_01876.npy,/home/grva-mintcave/Projects/Facies/Dataset/facies/tiles/masks/img_01876.npy,"(4, 512, 512)",0.0,1.0,0.5016736388206482,0.18504036962985992,5
/home/grva-mintcave/Projects/Facies/Dataset/facies/tiles/images/img_01877.npy,/home/grva-mintcave/Projects/Facies/Dataset/facies/tiles/masks/img_01877.npy,"(4, 512, 512)",0.0,1.0,0.503035306930542,0.12175960838794708,5
/home/grva-mintcave/Projects/Facies/Dataset/facies/tiles/images/img_01878.npy,/home/grva-mintcave/Projects/Facies/Dataset/facies/tiles/masks/img_01878.npy,"(4, 512, 512)",0.0,1.0,0.5010567307472229,0.20664584636688232,5
/home/grva-mintcave/Projects/Facies/Dataset/facies/tiles/images/img_01879.npy,/home/grva-mintcave/Projects/Facies/Dataset/facies/tiles/masks/img_01879.npy,"(4, 512, 512)",0.0,1.0,0.5010542273521423,0.20651715993881226,4
/home/grva-mintcave/Projects/Facies/Dataset/facies/tiles/images/img_01880.npy,/home/grva-mintcave/Projects/Facies/Dataset/facies/tiles/masks/img_01880.npy,"(4, 512, 512)",0.0,1.0,0.5029277801513672,0.15499325096607208,5
/home/grva-mintcave/Projects/Facies/Dataset/facies/tiles/images/img_01881.npy,/home/grva-mintcave/Projects/Facies/Dataset/facies/tiles/masks/img_01881.npy,"(4, 512, 512)",0.0,1.0,0.5018808245658875,0.17751149833202362,5
/home/grva-mintcave/Projects/Facies/Dataset/facies/tiles/images/img_01882.npy,/home/grva-mintcave/Projects/Facies/Dataset/facies/tiles/masks/img_01882.npy,"(4, 512, 512)",0.0,1.0,0.5025784969329834,0.12281445413827896,5
/home/grva-mintcave/Projects/Facies/Dataset/facies/tiles/images/img_01883.npy,/home/grva-mintcave/Projects/Facies/Dataset/facies/tiles/masks/img_01883.npy,"(4, 512, 512)",0.0,1.0,0.5043818950653076,0.16020217537879944,5
/home/grva-mintcave/Projects/Facies/Dataset/facies/tiles/images/img_01884.npy,/home/grva-mintcave/Projects/Facies/Dataset/facies/tiles/masks/img_01884.npy,"(4, 512, 512)",0.0,1.0,0.5043860077857971,0.1599312275648117,4
/home/grva-mintcave/Projects/Facies/Dataset/facies/tiles/images/img_01885.npy,/home/grva-mintcave/Projects/Facies/Dataset/facies/tiles/masks/img_01885.npy,"(4, 512, 512)",0.0,1.0,0.5025501251220703,0.1644824594259262,5
/home/grva-mintcave/Projects/Facies/Dataset/facies/tiles/images/img_01886.npy,/home/grva-mintcave/Projects/Facies/Dataset/facies/tiles/masks/img_01886.npy,"(4, 512, 512)",0.0,1.0,0.5017167329788208,0.18375864624977112,5
/home/grva-mintcave/Projects/Facies/Dataset/facies/tiles/images/img_01887.npy,/home/grva-mintcave/Projects/Facies/Dataset/facies/tiles/masks/img_01887.npy,"(4, 512, 512)",0.0,1.0,0.502633810043335,0.12001962959766388,5
/home/grva-mintcave/Projects/Facies/Dataset/facies/tiles/images/img_01888.npy,/home/grva-mintcave/Projects/Facies/Dataset/facies/tiles/masks/img_01888.npy,"(4, 512, 512)",0.0,1.0,0.5014809370040894,0.2069910615682602,5
/home/grva-mintcave/Projects/Facies/Dataset/facies/tiles/images/img_01889.npy,/home/grva-mintcave/Projects/Facies/Dataset/facies/tiles/masks/img_01889.npy,"(4, 512, 512)",0.0,1.0,0.5014798641204834,0.20681540668010712,4
/home/grva-mintcave/Projects/Facies/Dataset/facies/tiles/images/img_01890.npy,/home/grva-mintcave/Projects/Facies/Dataset/facies/tiles/masks/img_01890.npy,"(4, 512, 512)",0.0,1.0,0.5033875703811646,0.1503058522939682,5
/home/grva-mintcave/Projects/Facies/Dataset/facies/tiles/images/img_01891.npy,/home/grva-mintcave/Projects/Facies/Dataset/facies/tiles/masks/img_01891.npy,"(4, 512, 512)",0.0,1.0,0.5026260614395142,0.16340269148349762,5
/home/grva-mintcave/Projects/Facies/Dataset/facies/tiles/images/img_01892.npy,/home/grva-mintcave/Projects/Facies/Dataset/facies/tiles/masks/img_01892.npy,"(4, 512, 512)",0.0,1.0,0.5025801658630371,0.128794863820076,5
/home/grva-mintcave/Projects/Facies/Dataset/facies/tiles/images/img_01893.npy,/home/grva-mintcave/Projects/Facies/Dataset/facies/tiles/masks/img_01893.npy,"(4, 512, 512)",0.0,1.0,0.504753828048706,0.16461725533008575,5
/home/grva-mintcave/Projects/Facies/Dataset/facies/tiles/images/img_01894.npy,/home/grva-mintcave/Projects/Facies/Dataset/facies/tiles/masks/img_01894.npy,"(4, 512, 512)",0.0,1.0,0.5047499537467957,0.1643536239862442,4
/home/grva-mintcave/Projects/Facies/Dataset/facies/tiles/images/img_01895.npy,/home/grva-mintcave/Projects/Facies/Dataset/facies/tiles/masks/img_01895.npy,"(4, 512, 512)",0.0,1.0,0.5033310055732727,0.1580761820077896,5
/home/grva-mintcave/Projects/Facies/Dataset/facies/tiles/images/img_01896.npy,/home/grva-mintcave/Projects/Facies/Dataset/facies/tiles/masks/img_01896.npy,"(4, 512, 512)",0.0,1.0,0.5016429424285889,0.16828887164592743,5
/home/grva-mintcave/Projects/Facies/Dataset/facies/tiles/images/img_01897.npy,/home/grva-mintcave/Projects/Facies/Dataset/facies/tiles/masks/img_01897.npy,"(4, 512, 512)",0.0,1.0,0.5025843381881714,0.1285773515701294,5
/home/grva-mintcave/Projects/Facies/Dataset/facies/tiles/images/img_01898.npy,/home/grva-mintcave/Projects/Facies/Dataset/facies/tiles/masks/img_01898.npy,"(4, 512, 512)",0.0,1.0,0.5033466219902039,0.20797163248062134,5
/home/grva-mintcave/Projects/Facies/Dataset/facies/tiles/images/img_01899.npy,/home/grva-mintcave/Projects/Facies/Dataset/facies/tiles/masks/img_01899.npy,"(4, 512, 512)",0.0,1.0,0.5033475756645203,0.2077939659357071,4
/home/grva-mintcave/Projects/Facies/Dataset/facies/tiles/images/img_01900.npy,/home/grva-mintcave/Projects/Facies/Dataset/facies/tiles/masks/img_01900.npy,"(4, 512, 512)",0.0,1.0,0.5030978322029114,0.14308485388755798,5
/home/grva-mintcave/Projects/Facies/Dataset/facies/tiles/images/img_01901.npy,/home/grva-mintcave/Projects/Facies/Dataset/facies/tiles/masks/img_01901.npy,"(4, 512, 512)",0.0,1.0,0.5026958584785461,0.15063326060771942,5
/home/grva-mintcave/Projects/Facies/Dataset/facies/tiles/images/img_01902.npy,/home/grva-mintcave/Projects/Facies/Dataset/facies/tiles/masks/img_01902.npy,"(4, 512, 512)",0.0,1.0,0.5028647780418396,0.1242348849773407,5
/home/grva-mintcave/Projects/Facies/Dataset/facies/tiles/images/img_01903.npy,/home/grva-mintcave/Projects/Facies/Dataset/facies/tiles/masks/img_01903.npy,"(4, 512, 512)",0.0,1.0,0.5051926970481873,0.16597901284694672,5
/home/grva-mintcave/Projects/Facies/Dataset/facies/tiles/images/img_01904.npy,/home/grva-mintcave/Projects/Facies/Dataset/facies/tiles/masks/img_01904.npy,"(4, 512, 512)",0.0,1.0,0.5051933526992798,0.16576723754405975,4
/home/grva-mintcave/Projects/Facies/Dataset/facies/tiles/images/img_01905.npy,/home/grva-mintcave/Projects/Facies/Dataset/facies/tiles/masks/img_01905.npy,"(4, 512, 512)",0.0,1.0,0.5032657980918884,0.14942032098770142,5
/home/grva-mintcave/Projects/Facies/Dataset/facies/tiles/images/img_01906.npy,/home/grva-mintcave/Projects/Facies/Dataset/facies/tiles/masks/img_01906.npy,"(4, 512, 512)",0.0,1.0,0.5013533234596252,0.15678323805332184,5
/home/grva-mintcave/Projects/Facies/Dataset/facies/tiles/images/img_01907.npy,/home/grva-mintcave/Projects/Facies/Dataset/facies/tiles/masks/img_01907.npy,"(4, 512, 512)",0.0,1.0,0.5024992823600769,0.12501098215579987,5
/home/grva-mintcave/Projects/Facies/Dataset/facies/tiles/images/img_01908.npy,/home/grva-mintcave/Projects/Facies/Dataset/facies/tiles/masks/img_01908.npy,"(4, 512, 512)",0.0,1.0,0.5046881437301636,0.21094682812690735,5
/home/grva-mintcave/Projects/Facies/Dataset/facies/tiles/images/img_01909.npy,/home/grva-mintcave/Projects/Facies/Dataset/facies/tiles/masks/img_01909.npy,"(4, 512, 512)",0.0,1.0,0.5046867728233337,0.21082977950572968,4
/home/grva-mintcave/Projects/Facies/Dataset/facies/tiles/images/img_01910.npy,/home/grva-mintcave/Projects/Facies/Dataset/facies/tiles/masks/img_01910.npy,"(4, 512, 512)",0.0,1.0,0.5023834109306335,0.13119637966156006,5
/home/grva-mintcave/Projects/Facies/Dataset/facies/tiles/images/img_01911.npy,/home/grva-mintcave/Projects/Facies/Dataset/facies/tiles/masks/img_01911.npy,"(4, 512, 512)",0.0,1.0,0.5024811029434204,0.15591098368167877,5
/home/grva-mintcave/Projects/Facies/Dataset/facies/tiles/images/img_01912.npy,/home/grva-mintcave/Projects/Facies/Dataset/facies/tiles/masks/img_01912.npy,"(4, 512, 512)",0.0,1.0,0.5031290054321289,0.12099502235651016,5
/home/grva-mintcave/Projects/Facies/Dataset/facies/tiles/images/img_01913.npy,/home/grva-mintcave/Projects/Facies/Dataset/facies/tiles/masks/img_01913.npy,"(4, 512, 512)",0.0,1.0,0.5061439871788025,0.15816430747509003,5
/home/grva-mintcave/Projects/Facies/Dataset/facies/tiles/images/img_01914.npy,/home/grva-mintcave/Projects/Facies/Dataset/facies/tiles/masks/img_01914.npy,"(4, 512, 512)",0.0,1.0,0.5061361789703369,0.15799251198768616,4
/home/grva-mintcave/Projects/Facies/Dataset/facies/tiles/images/img_01915.npy,/home/grva-mintcave/Projects/Facies/Dataset/facies/tiles/masks/img_01915.npy,"(4, 512, 512)",0.0,1.0,0.5024956464767456,0.1373794823884964,5
/home/grva-mintcave/Projects/Facies/Dataset/facies/tiles/images/img_01916.npy,/home/grva-mintcave/Projects/Facies/Dataset/facies/tiles/masks/img_01916.npy,"(4, 512, 512)",0.0,1.0,0.5018081068992615,0.16248580813407898,5
/home/grva-mintcave/Projects/Facies/Dataset/facies/tiles/images/img_01917.npy,/home/grva-mintcave/Projects/Facies/Dataset/facies/tiles/masks/img_01917.npy,"(4, 512, 512)",0.0,1.0,0.5023776888847351,0.12106209993362427,5
/home/grva-mintcave/Projects/Facies/Dataset/facies/tiles/images/img_01918.npy,/home/grva-mintcave/Projects/Facies/Dataset/facies/tiles/masks/img_01918.npy,"(4, 512, 512)",0.0,1.0,0.5044086575508118,0.20433199405670166,5
/home/grva-mintcave/Projects/Facies/Dataset/facies/tiles/images/img_01919.npy,/home/grva-mintcave/Projects/Facies/Dataset/facies/tiles/masks/img_01919.npy,"(4, 512, 512)",0.0,1.0,0.5044207572937012,0.2041977345943451,4
/home/grva-mintcave/Projects/Facies/Dataset/facies/tiles/images/img_01920.npy,/home/grva-mintcave/Projects/Facies/Dataset/facies/tiles/masks/img_01920.npy,"(4, 512, 512)",0.0,1.0,0.5023871660232544,0.13006067276000977,5
/home/grva-mintcave/Projects/Facies/Dataset/facies/tiles/images/img_01921.npy,/home/grva-mintcave/Projects/Facies/Dataset/facies/tiles/masks/img_01921.npy,"(4, 512, 512)",0.0,1.0,0.502044141292572,0.155244380235672,5
/home/grva-mintcave/Projects/Facies/Dataset/facies/tiles/images/img_01922.npy,/home/grva-mintcave/Projects/Facies/Dataset/facies/tiles/masks/img_01922.npy,"(4, 512, 512)",0.0,1.0,0.5032954216003418,0.1118483692407608,5
/home/grva-mintcave/Projects/Facies/Dataset/facies/tiles/images/img_01923.npy,/home/grva-mintcave/Projects/Facies/Dataset/facies/tiles/masks/img_01923.npy,"(4, 512, 512)",0.0,1.0,0.5057571530342102,0.15609951317310333,5
/home/grva-mintcave/Projects/Facies/Dataset/facies/tiles/images/img_01924.npy,/home/grva-mintcave/Projects/Facies/Dataset/facies/tiles/masks/img_01924.npy,"(4, 512, 512)",0.0,1.0,0.5057492852210999,0.15588432550430298,4
/home/grva-mintcave/Projects/Facies/Dataset/facies/tiles/images/img_01925.npy,/home/grva-mintcave/Projects/Facies/Dataset/facies/tiles/masks/img_01925.npy,"(4, 512, 512)",0.0,1.0,0.5025740265846252,0.13902410864830017,5
/home/grva-mintcave/Projects/Facies/Dataset/facies/tiles/images/img_01926.npy,/home/grva-mintcave/Projects/Facies/Dataset/facies/tiles/masks/img_01926.npy,"(4, 512, 512)",0.0,1.0,0.5022693276405334,0.16282662749290466,5
/home/grva-mintcave/Projects/Facies/Dataset/facies/tiles/images/img_01927.npy,/home/grva-mintcave/Projects/Facies/Dataset/facies/tiles/masks/img_01927.npy,"(4, 512, 512)",0.0,1.0,0.5020634531974792,0.11303210258483887,5
/home/grva-mintcave/Projects/Facies/Dataset/facies/tiles/images/img_01928.npy,/home/grva-mintcave/Projects/Facies/Dataset/facies/tiles/masks/img_01928.npy,"(4, 512, 512)",0.0,1.0,0.50473952293396,0.20430025458335876,5
/home/grva-mintcave/Projects/Facies/Dataset/facies/tiles/images/img_01929.npy,/home/grva-mintcave/Projects/Facies/Dataset/facies/tiles/masks/img_01929.npy,"(4, 512, 512)",0.0,1.0,0.5047497153282166,0.20413576066493988,4
/home/grva-mintcave/Projects/Facies/Dataset/facies/tiles/images/img_01930.npy,/home/grva-mintcave/Projects/Facies/Dataset/facies/tiles/masks/img_01930.npy,"(4, 512, 512)",0.0,1.0,0.5024165511131287,0.1320156306028366,5
/home/grva-mintcave/Projects/Facies/Dataset/facies/tiles/images/img_01931.npy,/home/grva-mintcave/Projects/Facies/Dataset/facies/tiles/masks/img_01931.npy,"(4, 512, 512)",0.0,1.0,0.5020363330841064,0.1598976105451584,5
/home/grva-mintcave/Projects/Facies/Dataset/facies/tiles/images/img_01932.npy,/home/grva-mintcave/Projects/Facies/Dataset/facies/tiles/masks/img_01932.npy,"(4, 512, 512)",0.0,1.0,0.502913773059845,0.11287612468004227,5
/home/grva-mintcave/Projects/Facies/Dataset/facies/tiles/images/img_01933.npy,/home/grva-mintcave/Projects/Facies/Dataset/facies/tiles/masks/img_01933.npy,"(4, 512, 512)",0.0,1.0,0.5049086213111877,0.15863370895385742,5
/home/grva-mintcave/Projects/Facies/Dataset/facies/tiles/images/img_01934.npy,/home/grva-mintcave/Projects/Facies/Dataset/facies/tiles/masks/img_01934.npy,"(4, 512, 512)",0.0,1.0,0.504934549331665,0.15839321911334991,4
/home/grva-mintcave/Projects/Facies/Dataset/facies/tiles/images/img_01935.npy,/home/grva-mintcave/Projects/Facies/Dataset/facies/tiles/masks/img_01935.npy,"(4, 512, 512)",0.0,1.0,0.5024609565734863,0.1402272880077362,5
/home/grva-mintcave/Projects/Facies/Dataset/facies/tiles/images/img_01936.npy,/home/grva-mintcave/Projects/Facies/Dataset/facies/tiles/masks/img_01936.npy,"(4, 512, 512)",0.0,1.0,0.5020730495452881,0.16836696863174438,5
/home/grva-mintcave/Projects/Facies/Dataset/facies/tiles/images/img_01937.npy,/home/grva-mintcave/Projects/Facies/Dataset/facies/tiles/masks/img_01937.npy,"(4, 512, 512)",0.0,1.0,0.5027120113372803,0.11647328734397888,5
/home/grva-mintcave/Projects/Facies/Dataset/facies/tiles/images/img_01938.npy,/home/grva-mintcave/Projects/Facies/Dataset/facies/tiles/masks/img_01938.npy,"(4, 512, 512)",0.0,1.0,0.5051849484443665,0.20949505269527435,5
/home/grva-mintcave/Projects/Facies/Dataset/facies/tiles/images/img_01939.npy,/home/grva-mintcave/Projects/Facies/Dataset/facies/tiles/masks/img_01939.npy,"(4, 512, 512)",0.0,1.0,0.5051819086074829,0.2091750055551529,4
/home/grva-mintcave/Projects/Facies/Dataset/facies/tiles/images/img_01940.npy,/home/grva-mintcave/Projects/Facies/Dataset/facies/tiles/masks/img_01940.npy,"(4, 512, 512)",0.0,1.0,0.5022771954536438,0.13025739789009094,5
/home/grva-mintcave/Projects/Facies/Dataset/facies/tiles/images/img_01941.npy,/home/grva-mintcave/Projects/Facies/Dataset/facies/tiles/masks/img_01941.npy,"(4, 512, 512)",0.0,1.0,0.5021268725395203,0.16657406091690063,5
/home/grva-mintcave/Projects/Facies/Dataset/facies/tiles/images/img_01942.npy,/home/grva-mintcave/Projects/Facies/Dataset/facies/tiles/masks/img_01942.npy,"(4, 512, 512)",0.0,1.0,0.5028752088546753,0.1132679209113121,5
/home/grva-mintcave/Projects/Facies/Dataset/facies/tiles/images/img_01943.npy,/home/grva-mintcave/Projects/Facies/Dataset/facies/tiles/masks/img_01943.npy,"(4, 512, 512)",0.0,1.0,0.5051548480987549,0.15432114899158478,5
/home/grva-mintcave/Projects/Facies/Dataset/facies/tiles/images/img_01944.npy,/home/grva-mintcave/Projects/Facies/Dataset/facies/tiles/masks/img_01944.npy,"(4, 512, 512)",0.0,1.0,0.5051575899124146,0.15414142608642578,4
/home/grva-mintcave/Projects/Facies/Dataset/facies/tiles/images/img_01945.npy,/home/grva-mintcave/Projects/Facies/Dataset/facies/tiles/masks/img_01945.npy,"(4, 512, 512)",0.0,1.0,0.5029134750366211,0.13962064683437347,5
/home/grva-mintcave/Projects/Facies/Dataset/facies/tiles/images/img_01946.npy,/home/grva-mintcave/Projects/Facies/Dataset/facies/tiles/masks/img_01946.npy,"(4, 512, 512)",0.0,1.0,0.5018591284751892,0.1769823580980301,5
/home/grva-mintcave/Projects/Facies/Dataset/facies/tiles/images/img_01947.npy,/home/grva-mintcave/Projects/Facies/Dataset/facies/tiles/masks/img_01947.npy,"(4, 512, 512)",0.0,1.0,0.5027222037315369,0.11769746989011765,5
/home/grva-mintcave/Projects/Facies/Dataset/facies/tiles/images/img_01948.npy,/home/grva-mintcave/Projects/Facies/Dataset/facies/tiles/masks/img_01948.npy,"(4, 512, 512)",0.0,1.0,0.504210889339447,0.20319482684135437,5
/home/grva-mintcave/Projects/Facies/Dataset/facies/tiles/images/img_01949.npy,/home/grva-mintcave/Projects/Facies/Dataset/facies/tiles/masks/img_01949.npy,"(4, 512, 512)",0.0,1.0,0.5041980743408203,0.20296816527843475,4
/home/grva-mintcave/Projects/Facies/Dataset/facies/tiles/images/img_01950.npy,/home/grva-mintcave/Projects/Facies/Dataset/facies/tiles/masks/img_01950.npy,"(4, 512, 512)",0.0,1.0,0.5018154978752136,0.13284046947956085,5
/home/grva-mintcave/Projects/Facies/Dataset/facies/tiles/images/img_01951.npy,/home/grva-mintcave/Projects/Facies/Dataset/facies/tiles/masks/img_01951.npy,"(4, 512, 512)",0.0,1.0,0.5020573139190674,0.17202863097190857,5
/home/grva-mintcave/Projects/Facies/Dataset/facies/tiles/images/img_01952.npy,/home/grva-mintcave/Projects/Facies/Dataset/facies/tiles/masks/img_01952.npy,"(4, 512, 512)",0.0,1.0,0.5026106834411621,0.1172579973936081,5
/home/grva-mintcave/Projects/Facies/Dataset/facies/tiles/images/img_01953.npy,/home/grva-mintcave/Projects/Facies/Dataset/facies/tiles/masks/img_01953.npy,"(4, 512, 512)",0.0,1.0,0.5044664144515991,0.15034450590610504,5
/home/grva-mintcave/Projects/Facies/Dataset/facies/tiles/images/img_01954.npy,/home/grva-mintcave/Projects/Facies/Dataset/facies/tiles/masks/img_01954.npy,"(4, 512, 512)",0.0,1.0,0.5044566988945007,0.14997334778308868,4
/home/grva-mintcave/Projects/Facies/Dataset/facies/tiles/images/img_01955.npy,/home/grva-mintcave/Projects/Facies/Dataset/facies/tiles/masks/img_01955.npy,"(4, 512, 512)",0.0,1.0,0.502709686756134,0.14396284520626068,5
/home/grva-mintcave/Projects/Facies/Dataset/facies/tiles/images/img_01956.npy,/home/grva-mintcave/Projects/Facies/Dataset/facies/tiles/masks/img_01956.npy,"(4, 512, 512)",0.0,1.0,0.5011345148086548,0.18139886856079102,5
/home/grva-mintcave/Projects/Facies/Dataset/facies/tiles/images/img_01957.npy,/home/grva-mintcave/Projects/Facies/Dataset/facies/tiles/masks/img_01957.npy,"(4, 512, 512)",0.0,1.0,0.5027581453323364,0.12305919080972672,5
/home/grva-mintcave/Projects/Facies/Dataset/facies/tiles/images/img_01958.npy,/home/grva-mintcave/Projects/Facies/Dataset/facies/tiles/masks/img_01958.npy,"(4, 512, 512)",0.0,1.0,0.504827082157135,0.20089374482631683,5
/home/grva-mintcave/Projects/Facies/Dataset/facies/tiles/images/img_01959.npy,/home/grva-mintcave/Projects/Facies/Dataset/facies/tiles/masks/img_01959.npy,"(4, 512, 512)",0.0,1.0,0.504797101020813,0.20060214400291443,4
/home/grva-mintcave/Projects/Facies/Dataset/facies/tiles/images/img_01960.npy,/home/grva-mintcave/Projects/Facies/Dataset/facies/tiles/masks/img_01960.npy,"(4, 512, 512)",0.0,1.0,0.5013777613639832,0.13746383786201477,5
/home/grva-mintcave/Projects/Facies/Dataset/facies/tiles/images/img_01961.npy,/home/grva-mintcave/Projects/Facies/Dataset/facies/tiles/masks/img_01961.npy,"(4, 512, 512)",0.0,1.0,0.5017340183258057,0.17225588858127594,5
/home/grva-mintcave/Projects/Facies/Dataset/facies/tiles/images/img_01962.npy,/home/grva-mintcave/Projects/Facies/Dataset/facies/tiles/masks/img_01962.npy,"(4, 512, 512)",0.0,1.0,0.5026328563690186,0.12103091180324554,5
/home/grva-mintcave/Projects/Facies/Dataset/facies/tiles/images/img_01963.npy,/home/grva-mintcave/Projects/Facies/Dataset/facies/tiles/masks/img_01963.npy,"(4, 512, 512)",0.0,1.0,0.5037623047828674,0.14455267786979675,5
/home/grva-mintcave/Projects/Facies/Dataset/facies/tiles/images/img_01964.npy,/home/grva-mintcave/Projects/Facies/Dataset/facies/tiles/masks/img_01964.npy,"(4, 512, 512)",0.0,1.0,0.5037477612495422,0.1441926211118698,4
/home/grva-mintcave/Projects/Facies/Dataset/facies/tiles/images/img_01965.npy,/home/grva-mintcave/Projects/Facies/Dataset/facies/tiles/masks/img_01965.npy,"(4, 512, 512)",0.0,1.0,0.5022369027137756,0.15030193328857422,5
/home/grva-mintcave/Projects/Facies/Dataset/facies/tiles/images/img_01966.npy,/home/grva-mintcave/Projects/Facies/Dataset/facies/tiles/masks/img_01966.npy,"(4, 512, 512)",0.0,1.0,0.5010870695114136,0.18034274876117706,5
/home/grva-mintcave/Projects/Facies/Dataset/facies/tiles/images/img_01967.npy,/home/grva-mintcave/Projects/Facies/Dataset/facies/tiles/masks/img_01967.npy,"(4, 512, 512)",0.0,1.0,0.5029762387275696,0.1280287653207779,5
/home/grva-mintcave/Projects/Facies/Dataset/facies/tiles/images/img_01968.npy,/home/grva-mintcave/Projects/Facies/Dataset/facies/tiles/masks/img_01968.npy,"(4, 512, 512)",0.0,1.0,0.5050568580627441,0.1953609585762024,5
/home/grva-mintcave/Projects/Facies/Dataset/facies/tiles/images/img_01969.npy,/home/grva-mintcave/Projects/Facies/Dataset/facies/tiles/masks/img_01969.npy,"(4, 512, 512)",0.0,1.0,0.5050576329231262,0.19509150087833405,4
/home/grva-mintcave/Projects/Facies/Dataset/facies/tiles/images/img_01970.npy,/home/grva-mintcave/Projects/Facies/Dataset/facies/tiles/masks/img_01970.npy,"(4, 512, 512)",0.0,1.0,0.5013933777809143,0.1406853348016739,5
/home/grva-mintcave/Projects/Facies/Dataset/facies/tiles/images/img_01971.npy,/home/grva-mintcave/Projects/Facies/Dataset/facies/tiles/masks/img_01971.npy,"(4, 512, 512)",0.0,1.0,0.5021183490753174,0.15022815763950348,5
/home/grva-mintcave/Projects/Facies/Dataset/facies/tiles/images/img_01972.npy,/home/grva-mintcave/Projects/Facies/Dataset/facies/tiles/masks/img_01972.npy,"(4, 512, 512)",0.0,1.0,0.5027267336845398,0.12502096593379974,5
/home/grva-mintcave/Projects/Facies/Dataset/facies/tiles/images/img_01973.npy,/home/grva-mintcave/Projects/Facies/Dataset/facies/tiles/masks/img_01973.npy,"(4, 512, 512)",0.0,1.0,0.5027601718902588,0.13660992681980133,5
/home/grva-mintcave/Projects/Facies/Dataset/facies/tiles/images/img_01974.npy,/home/grva-mintcave/Projects/Facies/Dataset/facies/tiles/masks/img_01974.npy,"(4, 512, 512)",0.0,1.0,0.5027538537979126,0.13621412217617035,4
/home/grva-mintcave/Projects/Facies/Dataset/facies/tiles/images/img_01975.npy,/home/grva-mintcave/Projects/Facies/Dataset/facies/tiles/masks/img_01975.npy,"(4, 512, 512)",0.0,1.0,0.5027633905410767,0.15314488112926483,5
/home/grva-mintcave/Projects/Facies/Dataset/facies/tiles/images/img_01976.npy,/home/grva-mintcave/Projects/Facies/Dataset/facies/tiles/masks/img_01976.npy,"(4, 512, 512)",0.0,1.0,0.5013885498046875,0.15735496580600739,5
/home/grva-mintcave/Projects/Facies/Dataset/facies/tiles/images/img_01977.npy,/home/grva-mintcave/Projects/Facies/Dataset/facies/tiles/masks/img_01977.npy,"(4, 512, 512)",0.0,1.0,0.5027742385864258,0.13304170966148376,5
/home/grva-mintcave/Projects/Facies/Dataset/facies/tiles/images/img_01978.npy,/home/grva-mintcave/Projects/Facies/Dataset/facies/tiles/masks/img_01978.npy,"(4, 512, 512)",0.0,1.0,0.5058509707450867,0.1930007040500641,5
/home/grva-mintcave/Projects/Facies/Dataset/facies/tiles/images/img_01979.npy,/home/grva-mintcave/Projects/Facies/Dataset/facies/tiles/masks/img_01979.npy,"(4, 512, 512)",0.0,1.0,0.5058572888374329,0.19273141026496887,4
/home/grva-mintcave/Projects/Facies/Dataset/facies/tiles/images/img_01980.npy,/home/grva-mintcave/Projects/Facies/Dataset/facies/tiles/masks/img_01980.npy,"(4, 512, 512)",0.0,1.0,0.5010248422622681,0.1380716860294342,5
/home/grva-mintcave/Projects/Facies/Dataset/facies/tiles/images/img_01981.npy,/home/grva-mintcave/Projects/Facies/Dataset/facies/tiles/masks/img_01981.npy,"(4, 512, 512)",0.0,1.0,0.5023286938667297,0.15101358294487,5
/home/grva-mintcave/Projects/Facies/Dataset/facies/tiles/images/img_01982.npy,/home/grva-mintcave/Projects/Facies/Dataset/facies/tiles/masks/img_01982.npy,"(4, 512, 512)",0.0,1.0,0.5027706027030945,0.1342664211988449,5
/home/grva-mintcave/Projects/Facies/Dataset/facies/tiles/images/img_01983.npy,/home/grva-mintcave/Projects/Facies/Dataset/facies/tiles/masks/img_01983.npy,"(4, 512, 512)",0.0,1.0,0.5035111308097839,0.13480091094970703,5
/home/grva-mintcave/Projects/Facies/Dataset/facies/tiles/images/img_01984.npy,/home/grva-mintcave/Projects/Facies/Dataset/facies/tiles/masks/img_01984.npy,"(4, 512, 512)",0.0,1.0,0.5034938454627991,0.13441750407218933,4
/home/grva-mintcave/Projects/Facies/Dataset/facies/tiles/images/img_01985.npy,/home/grva-mintcave/Projects/Facies/Dataset/facies/tiles/masks/img_01985.npy,"(4, 512, 512)",0.0,1.0,0.5021733045578003,0.15236353874206543,5
/home/grva-mintcave/Projects/Facies/Dataset/facies/tiles/images/img_01986.npy,/home/grva-mintcave/Projects/Facies/Dataset/facies/tiles/masks/img_01986.npy,"(4, 512, 512)",0.0,1.0,0.5014137029647827,0.15871532261371613,5
/home/grva-mintcave/Projects/Facies/Dataset/facies/tiles/images/img_01987.npy,/home/grva-mintcave/Projects/Facies/Dataset/facies/tiles/masks/img_01987.npy,"(4, 512, 512)",0.0,1.0,0.5026479959487915,0.14269937574863434,5
/home/grva-mintcave/Projects/Facies/Dataset/facies/tiles/images/img_01988.npy,/home/grva-mintcave/Projects/Facies/Dataset/facies/tiles/masks/img_01988.npy,"(4, 512, 512)",0.0,1.0,0.5043298006057739,0.19450920820236206,5
/home/grva-mintcave/Projects/Facies/Dataset/facies/tiles/images/img_01989.npy,/home/grva-mintcave/Projects/Facies/Dataset/facies/tiles/masks/img_01989.npy,"(4, 512, 512)",0.0,1.0,0.5043381452560425,0.19424578547477722,4
/home/grva-mintcave/Projects/Facies/Dataset/facies/tiles/images/img_01990.npy,/home/grva-mintcave/Projects/Facies/Dataset/facies/tiles/masks/img_01990.npy,"(4, 512, 512)",0.0,1.0,0.5015299320220947,0.14367792010307312,5
/home/grva-mintcave/Projects/Facies/Dataset/facies/tiles/images/img_01991.npy,/home/grva-mintcave/Projects/Facies/Dataset/facies/tiles/masks/img_01991.npy,"(4, 512, 512)",0.0,1.0,0.5020538568496704,0.15991681814193726,5
/home/grva-mintcave/Projects/Facies/Dataset/facies/tiles/images/img_01992.npy,/home/grva-mintcave/Projects/Facies/Dataset/facies/tiles/masks/img_01992.npy,"(4, 512, 512)",0.0,1.0,0.5025575757026672,0.13745267689228058,5
/home/grva-mintcave/Projects/Facies/Dataset/facies/tiles/images/img_01993.npy,/home/grva-mintcave/Projects/Facies/Dataset/facies/tiles/masks/img_01993.npy,"(4, 512, 512)",0.0,1.0,0.5036839246749878,0.13113869726657867,5
/home/grva-mintcave/Projects/Facies/Dataset/facies/tiles/images/img_01994.npy,/home/grva-mintcave/Projects/Facies/Dataset/facies/tiles/masks/img_01994.npy,"(4, 512, 512)",0.0,1.0,0.5036818981170654,0.1306198090314865,4
/home/grva-mintcave/Projects/Facies/Dataset/facies/tiles/images/img_01995.npy,/home/grva-mintcave/Projects/Facies/Dataset/facies/tiles/masks/img_01995.npy,"(4, 512, 512)",0.0,1.0,0.5018248558044434,0.1570567786693573,5
/home/grva-mintcave/Projects/Facies/Dataset/facies/tiles/images/img_01996.npy,/home/grva-mintcave/Projects/Facies/Dataset/facies/tiles/masks/img_01996.npy,"(4, 512, 512)",0.0,1.0,0.5016304850578308,0.1686071902513504,5
/home/grva-mintcave/Projects/Facies/Dataset/facies/tiles/images/img_01997.npy,/home/grva-mintcave/Projects/Facies/Dataset/facies/tiles/masks/img_01997.npy,"(4, 512, 512)",0.0,1.0,0.5027580857276917,0.14520876109600067,5
/home/grva-mintcave/Projects/Facies/Dataset/facies/tiles/images/img_01998.npy,/home/grva-mintcave/Projects/Facies/Dataset/facies/tiles/masks/img_01998.npy,"(4, 512, 512)",0.0,1.0,0.5045922994613647,0.19278749823570251,5
/home/grva-mintcave/Projects/Facies/Dataset/facies/tiles/images/img_01999.npy,/home/grva-mintcave/Projects/Facies/Dataset/facies/tiles/masks/img_01999.npy,"(4, 512, 512)",0.0,1.0,0.5045858025550842,0.19242684543132782,4
/home/grva-mintcave/Projects/Facies/Dataset/facies/tiles/images/img_02000.npy,/home/grva-mintcave/Projects/Facies/Dataset/facies/tiles/masks/img_02000.npy,"(4, 512, 512)",0.0,1.0,0.5011361837387085,0.14394766092300415,5
/home/grva-mintcave/Projects/Facies/Dataset/facies/tiles/images/img_02001.npy,/home/grva-mintcave/Projects/Facies/Dataset/facies/tiles/masks/img_02001.npy,"(4, 512, 512)",0.0,1.0,0.5017821788787842,0.1694824993610382,5
/home/grva-mintcave/Projects/Facies/Dataset/facies/tiles/images/img_02002.npy,/home/grva-mintcave/Projects/Facies/Dataset/facies/tiles/masks/img_02002.npy,"(4, 512, 512)",0.0,1.0,0.502653181552887,0.13844692707061768,5
/home/grva-mintcave/Projects/Facies/Dataset/facies/tiles/images/img_02003.npy,/home/grva-mintcave/Projects/Facies/Dataset/facies/tiles/masks/img_02003.npy,"(4, 512, 512)",0.0,1.0,0.5034948587417603,0.12526118755340576,5
/home/grva-mintcave/Projects/Facies/Dataset/facies/tiles/images/img_02004.npy,/home/grva-mintcave/Projects/Facies/Dataset/facies/tiles/masks/img_02004.npy,"(4, 512, 512)",0.0,1.0,0.5035021901130676,0.12464071065187454,4
/home/grva-mintcave/Projects/Facies/Dataset/facies/tiles/images/img_02005.npy,/home/grva-mintcave/Projects/Facies/Dataset/facies/tiles/masks/img_02005.npy,"(4, 512, 512)",0.0,1.0,0.500558614730835,0.15822459757328033,5
/home/grva-mintcave/Projects/Facies/Dataset/facies/tiles/images/img_02006.npy,/home/grva-mintcave/Projects/Facies/Dataset/facies/tiles/masks/img_02006.npy,"(4, 512, 512)",0.0,1.0,0.502054750919342,0.17796620726585388,5
/home/grva-mintcave/Projects/Facies/Dataset/facies/tiles/images/img_02007.npy,/home/grva-mintcave/Projects/Facies/Dataset/facies/tiles/masks/img_02007.npy,"(4, 512, 512)",0.0,1.0,0.502705454826355,0.14736075699329376,5
/home/grva-mintcave/Projects/Facies/Dataset/facies/tiles/images/img_02008.npy,/home/grva-mintcave/Projects/Facies/Dataset/facies/tiles/masks/img_02008.npy,"(4, 512, 512)",0.0,1.0,0.5046060085296631,0.1850103884935379,5
/home/grva-mintcave/Projects/Facies/Dataset/facies/tiles/images/img_02009.npy,/home/grva-mintcave/Projects/Facies/Dataset/facies/tiles/masks/img_02009.npy,"(4, 512, 512)",0.0,1.0,0.5045815110206604,0.1845702826976776,4
/home/grva-mintcave/Projects/Facies/Dataset/facies/tiles/images/img_02010.npy,/home/grva-mintcave/Projects/Facies/Dataset/facies/tiles/masks/img_02010.npy,"(4, 512, 512)",0.0,1.0,0.501168429851532,0.14808215200901031,5
/home/grva-mintcave/Projects/Facies/Dataset/facies/tiles/images/img_02011.npy,/home/grva-mintcave/Projects/Facies/Dataset/facies/tiles/masks/img_02011.npy,"(4, 512, 512)",0.0,1.0,0.5018578767776489,0.16337451338768005,5
/home/grva-mintcave/Projects/Facies/Dataset/facies/tiles/images/img_02012.npy,/home/grva-mintcave/Projects/Facies/Dataset/facies/tiles/masks/img_02012.npy,"(4, 512, 512)",0.0,1.0,0.5024310350418091,0.12942782044410706,5
/home/grva-mintcave/Projects/Facies/Dataset/facies/tiles/images/img_02013.npy,/home/grva-mintcave/Projects/Facies/Dataset/facies/tiles/masks/img_02013.npy,"(4, 512, 512)",0.0,1.0,0.5028309226036072,0.12048889696598053,5
/home/grva-mintcave/Projects/Facies/Dataset/facies/tiles/images/img_02014.npy,/home/grva-mintcave/Projects/Facies/Dataset/facies/tiles/masks/img_02014.npy,"(4, 512, 512)",0.0,1.0,0.5028462409973145,0.11988767236471176,4
/home/grva-mintcave/Projects/Facies/Dataset/facies/tiles/images/img_02015.npy,/home/grva-mintcave/Projects/Facies/Dataset/facies/tiles/masks/img_02015.npy,"(4, 512, 512)",0.0,1.0,0.4998667240142822,0.16271744668483734,5
/home/grva-mintcave/Projects/Facies/Dataset/facies/tiles/images/img_02016.npy,/home/grva-mintcave/Projects/Facies/Dataset/facies/tiles/masks/img_02016.npy,"(4, 512, 512)",0.0,1.0,0.5024638175964355,0.17408829927444458,5
/home/grva-mintcave/Projects/Facies/Dataset/facies/tiles/images/img_02017.npy,/home/grva-mintcave/Projects/Facies/Dataset/facies/tiles/masks/img_02017.npy,"(4, 512, 512)",0.0,1.0,0.5028610825538635,0.13909347355365753,5
/home/grva-mintcave/Projects/Facies/Dataset/facies/tiles/images/img_02018.npy,/home/grva-mintcave/Projects/Facies/Dataset/facies/tiles/masks/img_02018.npy,"(4, 512, 512)",0.0,1.0,0.5032291412353516,0.18230609595775604,5
/home/grva-mintcave/Projects/Facies/Dataset/facies/tiles/images/img_02019.npy,/home/grva-mintcave/Projects/Facies/Dataset/facies/tiles/masks/img_02019.npy,"(4, 512, 512)",0.0,1.0,0.5032256245613098,0.1818877011537552,4
/home/grva-mintcave/Projects/Facies/Dataset/facies/tiles/images/img_02020.npy,/home/grva-mintcave/Projects/Facies/Dataset/facies/tiles/masks/img_02020.npy,"(4, 512, 512)",0.0,1.0,0.5014920830726624,0.1534760594367981,5
/home/grva-mintcave/Projects/Facies/Dataset/facies/tiles/images/img_02021.npy,/home/grva-mintcave/Projects/Facies/Dataset/facies/tiles/masks/img_02021.npy,"(4, 512, 512)",0.0,1.0,0.5020913481712341,0.16250871121883392,5
/home/grva-mintcave/Projects/Facies/Dataset/facies/tiles/images/img_02022.npy,/home/grva-mintcave/Projects/Facies/Dataset/facies/tiles/masks/img_02022.npy,"(4, 512, 512)",0.0,1.0,0.5031694769859314,0.13536915183067322,5
/home/grva-mintcave/Projects/Facies/Dataset/facies/tiles/images/img_02023.npy,/home/grva-mintcave/Projects/Facies/Dataset/facies/tiles/masks/img_02023.npy,"(4, 512, 512)",0.0,1.0,0.502765953540802,0.11696655303239822,5
/home/grva-mintcave/Projects/Facies/Dataset/facies/tiles/images/img_02024.npy,/home/grva-mintcave/Projects/Facies/Dataset/facies/tiles/masks/img_02024.npy,"(4, 512, 512)",0.0,1.0,0.5027592182159424,0.11643694341182709,4
/home/grva-mintcave/Projects/Facies/Dataset/facies/tiles/images/img_02025.npy,/home/grva-mintcave/Projects/Facies/Dataset/facies/tiles/masks/img_02025.npy,"(4, 512, 512)",0.0,1.0,0.5002283453941345,0.16826215386390686,5
/home/grva-mintcave/Projects/Facies/Dataset/facies/tiles/images/img_02026.npy,/home/grva-mintcave/Projects/Facies/Dataset/facies/tiles/masks/img_02026.npy,"(4, 512, 512)",0.0,1.0,0.502193808555603,0.1730373650789261,5
/home/grva-mintcave/Projects/Facies/Dataset/facies/tiles/images/img_02027.npy,/home/grva-mintcave/Projects/Facies/Dataset/facies/tiles/masks/img_02027.npy,"(4, 512, 512)",0.0,1.0,0.5032894611358643,0.14479662477970123,5
/home/grva-mintcave/Projects/Facies/Dataset/facies/tiles/images/img_02028.npy,/home/grva-mintcave/Projects/Facies/Dataset/facies/tiles/masks/img_02028.npy,"(4, 512, 512)",0.0,1.0,0.5039021968841553,0.17896530032157898,5
/home/grva-mintcave/Projects/Facies/Dataset/facies/tiles/images/img_02029.npy,/home/grva-mintcave/Projects/Facies/Dataset/facies/tiles/masks/img_02029.npy,"(4, 512, 512)",0.0,1.0,0.503890872001648,0.17863698303699493,4
/home/grva-mintcave/Projects/Facies/Dataset/facies/tiles/images/img_02030.npy,/home/grva-mintcave/Projects/Facies/Dataset/facies/tiles/masks/img_02030.npy,"(4, 512, 512)",0.0,1.0,0.5018431544303894,0.16186802089214325,5
/home/grva-mintcave/Projects/Facies/Dataset/facies/tiles/images/img_02031.npy,/home/grva-mintcave/Projects/Facies/Dataset/facies/tiles/masks/img_02031.npy,"(4, 512, 512)",0.0,1.0,0.5025349259376526,0.16617560386657715,5
/home/grva-mintcave/Projects/Facies/Dataset/facies/tiles/images/img_02032.npy,/home/grva-mintcave/Projects/Facies/Dataset/facies/tiles/masks/img_02032.npy,"(4, 512, 512)",0.0,1.0,0.5029301047325134,0.13720068335533142,5
/home/grva-mintcave/Projects/Facies/Dataset/facies/tiles/images/img_02033.npy,/home/grva-mintcave/Projects/Facies/Dataset/facies/tiles/masks/img_02033.npy,"(4, 512, 512)",0.0,1.0,0.5030145049095154,0.11280592530965805,5
/home/grva-mintcave/Projects/Facies/Dataset/facies/tiles/images/img_02034.npy,/home/grva-mintcave/Projects/Facies/Dataset/facies/tiles/masks/img_02034.npy,"(4, 512, 512)",0.0,1.0,0.5030286908149719,0.11215654015541077,4
/home/grva-mintcave/Projects/Facies/Dataset/facies/tiles/images/img_02035.npy,/home/grva-mintcave/Projects/Facies/Dataset/facies/tiles/masks/img_02035.npy,"(4, 512, 512)",0.0,1.0,0.5006601214408875,0.17884375154972076,5
/home/grva-mintcave/Projects/Facies/Dataset/facies/tiles/images/img_02036.npy,/home/grva-mintcave/Projects/Facies/Dataset/facies/tiles/masks/img_02036.npy,"(4, 512, 512)",0.0,1.0,0.5018212795257568,0.17685087025165558,5
/home/grva-mintcave/Projects/Facies/Dataset/facies/tiles/images/img_02037.npy,/home/grva-mintcave/Projects/Facies/Dataset/facies/tiles/masks/img_02037.npy,"(4, 512, 512)",0.0,1.0,0.5026656985282898,0.14976993203163147,5
/home/grva-mintcave/Projects/Facies/Dataset/facies/tiles/images/img_02038.npy,/home/grva-mintcave/Projects/Facies/Dataset/facies/tiles/masks/img_02038.npy,"(4, 512, 512)",0.0,1.0,0.5050138235092163,0.176029235124588,5
/home/grva-mintcave/Projects/Facies/Dataset/facies/tiles/images/img_02039.npy,/home/grva-mintcave/Projects/Facies/Dataset/facies/tiles/masks/img_02039.npy,"(4, 512, 512)",0.0,1.0,0.5050393342971802,0.17559294402599335,4
/home/grva-mintcave/Projects/Facies/Dataset/facies/tiles/images/img_02040.npy,/home/grva-mintcave/Projects/Facies/Dataset/facies/tiles/masks/img_02040.npy,"(4, 512, 512)",0.0,1.0,0.5009381175041199,0.15536795556545258,5
/home/grva-mintcave/Projects/Facies/Dataset/facies/tiles/images/img_02041.npy,/home/grva-mintcave/Projects/Facies/Dataset/facies/tiles/masks/img_02041.npy,"(4, 512, 512)",0.0,1.0,0.5025944709777832,0.1710318922996521,5
/home/grva-mintcave/Projects/Facies/Dataset/facies/tiles/images/img_02042.npy,/home/grva-mintcave/Projects/Facies/Dataset/facies/tiles/masks/img_02042.npy,"(4, 512, 512)",0.0,1.0,0.502768874168396,0.13915163278579712,5
/home/grva-mintcave/Projects/Facies/Dataset/facies/tiles/images/img_02043.npy,/home/grva-mintcave/Projects/Facies/Dataset/facies/tiles/masks/img_02043.npy,"(4, 512, 512)",0.0,1.0,0.5023654699325562,0.1123824343085289,5
/home/grva-mintcave/Projects/Facies/Dataset/facies/tiles/images/img_02044.npy,/home/grva-mintcave/Projects/Facies/Dataset/facies/tiles/masks/img_02044.npy,"(4, 512, 512)",0.0,1.0,0.5023918747901917,0.11171283572912216,4
/home/grva-mintcave/Projects/Facies/Dataset/facies/tiles/images/img_02045.npy,/home/grva-mintcave/Projects/Facies/Dataset/facies/tiles/masks/img_02045.npy,"(4, 512, 512)",0.0,1.0,0.5007158517837524,0.17359235882759094,5
/home/grva-mintcave/Projects/Facies/Dataset/facies/tiles/images/img_02046.npy,/home/grva-mintcave/Projects/Facies/Dataset/facies/tiles/masks/img_02046.npy,"(4, 512, 512)",0.0,1.0,0.5015132427215576,0.18353410065174103,5
/home/grva-mintcave/Projects/Facies/Dataset/facies/tiles/images/img_02047.npy,/home/grva-mintcave/Projects/Facies/Dataset/facies/tiles/masks/img_02047.npy,"(4, 512, 512)",0.0,1.0,0.5025472044944763,0.15424032509326935,5
/home/grva-mintcave/Projects/Facies/Dataset/facies/tiles/images/img_02048.npy,/home/grva-mintcave/Projects/Facies/Dataset/facies/tiles/masks/img_02048.npy,"(4, 512, 512)",0.0,1.0,0.5055152177810669,0.176827535033226,5
/home/grva-mintcave/Projects/Facies/Dataset/facies/tiles/images/img_02049.npy,/home/grva-mintcave/Projects/Facies/Dataset/facies/tiles/masks/img_02049.npy,"(4, 512, 512)",0.0,1.0,0.5055384039878845,0.17633883655071259,4
/home/grva-mintcave/Projects/Facies/Dataset/facies/tiles/images/img_02050.npy,/home/grva-mintcave/Projects/Facies/Dataset/facies/tiles/masks/img_02050.npy,"(4, 512, 512)",0.0,1.0,0.5011676549911499,0.14827941358089447,5
/home/grva-mintcave/Projects/Facies/Dataset/facies/tiles/images/img_02051.npy,/home/grva-mintcave/Projects/Facies/Dataset/facies/tiles/masks/img_02051.npy,"(4, 512, 512)",0.0,1.0,0.5026165246963501,0.16969892382621765,5
/home/grva-mintcave/Projects/Facies/Dataset/facies/tiles/images/img_02052.npy,/home/grva-mintcave/Projects/Facies/Dataset/facies/tiles/masks/img_02052.npy,"(4, 512, 512)",0.0,1.0,0.5026190280914307,0.15589331090450287,5
/home/grva-mintcave/Projects/Facies/Dataset/facies/tiles/images/img_02053.npy,/home/grva-mintcave/Projects/Facies/Dataset/facies/tiles/masks/img_02053.npy,"(4, 512, 512)",0.0,1.0,0.5018359422683716,0.10738996416330338,5
/home/grva-mintcave/Projects/Facies/Dataset/facies/tiles/images/img_02054.npy,/home/grva-mintcave/Projects/Facies/Dataset/facies/tiles/masks/img_02054.npy,"(4, 512, 512)",0.0,1.0,0.5018674731254578,0.10664887726306915,4
/home/grva-mintcave/Projects/Facies/Dataset/facies/tiles/images/img_02055.npy,/home/grva-mintcave/Projects/Facies/Dataset/facies/tiles/masks/img_02055.npy,"(4, 512, 512)",0.0,1.0,0.5013314485549927,0.16781441867351532,5
/home/grva-mintcave/Projects/Facies/Dataset/facies/tiles/images/img_02056.npy,/home/grva-mintcave/Projects/Facies/Dataset/facies/tiles/masks/img_02056.npy,"(4, 512, 512)",0.0,1.0,0.5008110404014587,0.18064700067043304,5
/home/grva-mintcave/Projects/Facies/Dataset/facies/tiles/images/img_02057.npy,/home/grva-mintcave/Projects/Facies/Dataset/facies/tiles/masks/img_02057.npy,"(4, 512, 512)",0.0,1.0,0.5016743540763855,0.17154020071029663,5
/home/grva-mintcave/Projects/Facies/Dataset/facies/tiles/images/img_02058.npy,/home/grva-mintcave/Projects/Facies/Dataset/facies/tiles/masks/img_02058.npy,"(4, 512, 512)",0.0,1.0,0.506128191947937,0.16943876445293427,5
/home/grva-mintcave/Projects/Facies/Dataset/facies/tiles/images/img_02059.npy,/home/grva-mintcave/Projects/Facies/Dataset/facies/tiles/masks/img_02059.npy,"(4, 512, 512)",0.0,1.0,0.5061320662498474,0.1688425987958908,4
/home/grva-mintcave/Projects/Facies/Dataset/facies/tiles/images/img_02060.npy,/home/grva-mintcave/Projects/Facies/Dataset/facies/tiles/masks/img_02060.npy,"(4, 512, 512)",0.0,1.0,0.5012455582618713,0.14999093115329742,5
/home/grva-mintcave/Projects/Facies/Dataset/facies/tiles/images/img_02061.npy,/home/grva-mintcave/Projects/Facies/Dataset/facies/tiles/masks/img_02061.npy,"(4, 512, 512)",0.0,1.0,0.5027757287025452,0.1721298098564148,5
/home/grva-mintcave/Projects/Facies/Dataset/facies/tiles/images/img_02062.npy,/home/grva-mintcave/Projects/Facies/Dataset/facies/tiles/masks/img_02062.npy,"(4, 512, 512)",0.0,1.0,0.5029392838478088,0.1538422554731369,5
/home/grva-mintcave/Projects/Facies/Dataset/facies/tiles/images/img_02063.npy,/home/grva-mintcave/Projects/Facies/Dataset/facies/tiles/masks/img_02063.npy,"(4, 512, 512)",0.0,1.0,0.5019280910491943,0.11211629956960678,5
/home/grva-mintcave/Projects/Facies/Dataset/facies/tiles/images/img_02064.npy,/home/grva-mintcave/Projects/Facies/Dataset/facies/tiles/masks/img_02064.npy,"(4, 512, 512)",0.0,1.0,0.5019429922103882,0.11136388778686523,4
/home/grva-mintcave/Projects/Facies/Dataset/facies/tiles/images/img_02065.npy,/home/grva-mintcave/Projects/Facies/Dataset/facies/tiles/masks/img_02065.npy,"(4, 512, 512)",0.0,1.0,0.5011223554611206,0.1695847362279892,5
/home/grva-mintcave/Projects/Facies/Dataset/facies/tiles/images/img_02066.npy,/home/grva-mintcave/Projects/Facies/Dataset/facies/tiles/masks/img_02066.npy,"(4, 512, 512)",0.0,1.0,0.5006617903709412,0.1851804256439209,5
/home/grva-mintcave/Projects/Facies/Dataset/facies/tiles/images/img_02067.npy,/home/grva-mintcave/Projects/Facies/Dataset/facies/tiles/masks/img_02067.npy,"(4, 512, 512)",0.0,1.0,0.5022371411323547,0.16753171384334564,5
/home/grva-mintcave/Projects/Facies/Dataset/facies/tiles/images/img_02068.npy,/home/grva-mintcave/Projects/Facies/Dataset/facies/tiles/masks/img_02068.npy,"(4, 512, 512)",0.0,1.0,0.5050970911979675,0.172033429145813,5
/home/grva-mintcave/Projects/Facies/Dataset/facies/tiles/images/img_02069.npy,/home/grva-mintcave/Projects/Facies/Dataset/facies/tiles/masks/img_02069.npy,"(4, 512, 512)",0.0,1.0,0.5050964951515198,0.1714051365852356,4
/home/grva-mintcave/Projects/Facies/Dataset/facies/tiles/images/img_02070.npy,/home/grva-mintcave/Projects/Facies/Dataset/facies/tiles/masks/img_02070.npy,"(4, 512, 512)",0.0,1.0,0.5016089677810669,0.15747734904289246,5
/home/grva-mintcave/Projects/Facies/Dataset/facies/tiles/images/img_02071.npy,/home/grva-mintcave/Projects/Facies/Dataset/facies/tiles/masks/img_02071.npy,"(4, 512, 512)",0.0,1.0,0.5026589632034302,0.1748579740524292,5
/home/grva-mintcave/Projects/Facies/Dataset/facies/tiles/images/img_02072.npy,/home/grva-mintcave/Projects/Facies/Dataset/facies/tiles/masks/img_02072.npy,"(4, 512, 512)",0.0,1.0,0.5023745894432068,0.14337481558322906,5
/home/grva-mintcave/Projects/Facies/Dataset/facies/tiles/images/img_02073.npy,/home/grva-mintcave/Projects/Facies/Dataset/facies/tiles/masks/img_02073.npy,"(4, 512, 512)",0.0,1.0,0.5018175840377808,0.10882751643657684,5
/home/grva-mintcave/Projects/Facies/Dataset/facies/tiles/images/img_02074.npy,/home/grva-mintcave/Projects/Facies/Dataset/facies/tiles/masks/img_02074.npy,"(4, 512, 512)",0.0,1.0,0.5018333196640015,0.10819429159164429,4
/home/grva-mintcave/Projects/Facies/Dataset/facies/tiles/images/img_02075.npy,/home/grva-mintcave/Projects/Facies/Dataset/facies/tiles/masks/img_02075.npy,"(4, 512, 512)",0.0,1.0,0.5019336938858032,0.17661230266094208,5
/home/grva-mintcave/Projects/Facies/Dataset/facies/tiles/images/img_02076.npy,/home/grva-mintcave/Projects/Facies/Dataset/facies/tiles/masks/img_02076.npy,"(4, 512, 512)",0.0,1.0,0.5007228255271912,0.1880161464214325,5
/home/grva-mintcave/Projects/Facies/Dataset/facies/tiles/images/img_02077.npy,/home/grva-mintcave/Projects/Facies/Dataset/facies/tiles/masks/img_02077.npy,"(4, 512, 512)",0.0,1.0,0.5018627643585205,0.15680460631847382,5
/home/grva-mintcave/Projects/Facies/Dataset/facies/tiles/images/img_02078.npy,/home/grva-mintcave/Projects/Facies/Dataset/facies/tiles/masks/img_02078.npy,"(4, 512, 512)",0.0,1.0,0.5063906311988831,0.16808710992336273,5
/home/grva-mintcave/Projects/Facies/Dataset/facies/tiles/images/img_02079.npy,/home/grva-mintcave/Projects/Facies/Dataset/facies/tiles/masks/img_02079.npy,"(4, 512, 512)",0.0,1.0,0.5064141750335693,0.16759918630123138,4
/home/grva-mintcave/Projects/Facies/Dataset/facies/tiles/images/img_02080.npy,/home/grva-mintcave/Projects/Facies/Dataset/facies/tiles/masks/img_02080.npy,"(4, 512, 512)",0.0,1.0,0.501571774482727,0.15954193472862244,5
/home/grva-mintcave/Projects/Facies/Dataset/facies/tiles/images/img_02081.npy,/home/grva-mintcave/Projects/Facies/Dataset/facies/tiles/masks/img_02081.npy,"(4, 512, 512)",0.0,1.0,0.5026440024375916,0.17187310755252838,5
/home/grva-mintcave/Projects/Facies/Dataset/facies/tiles/images/img_02082.npy,/home/grva-mintcave/Projects/Facies/Dataset/facies/tiles/masks/img_02082.npy,"(4, 512, 512)",0.0,1.0,0.5018010139465332,0.14374062418937683,5
/home/grva-mintcave/Projects/Facies/Dataset/facies/tiles/images/img_02083.npy,/home/grva-mintcave/Projects/Facies/Dataset/facies/tiles/masks/img_02083.npy,"(4, 512, 512)",0.0,1.0,0.5032927393913269,0.10309701412916183,5
/home/grva-mintcave/Projects/Facies/Dataset/facies/tiles/images/img_02084.npy,/home/grva-mintcave/Projects/Facies/Dataset/facies/tiles/masks/img_02084.npy,"(4, 512, 512)",0.0,1.0,0.5032820105552673,0.1025494858622551,4
/home/grva-mintcave/Projects/Facies/Dataset/facies/tiles/images/img_02085.npy,/home/grva-mintcave/Projects/Facies/Dataset/facies/tiles/masks/img_02085.npy,"(4, 512, 512)",0.0,1.0,0.5017443299293518,0.17958399653434753,5
/home/grva-mintcave/Projects/Facies/Dataset/facies/tiles/images/img_02086.npy,/home/grva-mintcave/Projects/Facies/Dataset/facies/tiles/masks/img_02086.npy,"(4, 512, 512)",0.0,1.0,0.5003618001937866,0.1861601024866104,5
/home/grva-mintcave/Projects/Facies/Dataset/facies/tiles/images/img_02087.npy,/home/grva-mintcave/Projects/Facies/Dataset/facies/tiles/masks/img_02087.npy,"(4, 512, 512)",0.0,1.0,0.5014421939849854,0.16287733614444733,5
/home/grva-mintcave/Projects/Facies/Dataset/facies/tiles/images/img_02088.npy,/home/grva-mintcave/Projects/Facies/Dataset/facies/tiles/masks/img_02088.npy,"(4, 512, 512)",0.0,1.0,0.5054722428321838,0.16829128563404083,5
/home/grva-mintcave/Projects/Facies/Dataset/facies/tiles/images/img_02089.npy,/home/grva-mintcave/Projects/Facies/Dataset/facies/tiles/masks/img_02089.npy,"(4, 512, 512)",0.0,1.0,0.5054830312728882,0.16780881583690643,4
/home/grva-mintcave/Projects/Facies/Dataset/facies/tiles/images/img_02090.npy,/home/grva-mintcave/Projects/Facies/Dataset/facies/tiles/masks/img_02090.npy,"(4, 512, 512)",0.0,1.0,0.5018180012702942,0.15545444190502167,5
/home/grva-mintcave/Projects/Facies/Dataset/facies/tiles/images/img_02091.npy,/home/grva-mintcave/Projects/Facies/Dataset/facies/tiles/masks/img_02091.npy,"(4, 512, 512)",0.0,1.0,0.5027770400047302,0.16843949258327484,5
/home/grva-mintcave/Projects/Facies/Dataset/facies/tiles/images/img_02092.npy,/home/grva-mintcave/Projects/Facies/Dataset/facies/tiles/masks/img_02092.npy,"(4, 512, 512)",0.0,1.0,0.5018982887268066,0.14537060260772705,5
/home/grva-mintcave/Projects/Facies/Dataset/facies/tiles/images/img_02093.npy,/home/grva-mintcave/Projects/Facies/Dataset/facies/tiles/masks/img_02093.npy,"(4, 512, 512)",0.0,1.0,0.5035707950592041,0.09981267899274826,5
/home/grva-mintcave/Projects/Facies/Dataset/facies/tiles/images/img_02094.npy,/home/grva-mintcave/Projects/Facies/Dataset/facies/tiles/masks/img_02094.npy,"(4, 512, 512)",0.0,1.0,0.5035408139228821,0.09930489957332611,4
/home/grva-mintcave/Projects/Facies/Dataset/facies/tiles/images/img_02095.npy,/home/grva-mintcave/Projects/Facies/Dataset/facies/tiles/masks/img_02095.npy,"(4, 512, 512)",0.0,1.0,0.5018032789230347,0.17534369230270386,5
/home/grva-mintcave/Projects/Facies/Dataset/facies/tiles/images/img_02096.npy,/home/grva-mintcave/Projects/Facies/Dataset/facies/tiles/masks/img_02096.npy,"(4, 512, 512)",0.0,1.0,0.5007217526435852,0.18293613195419312,5
/home/grva-mintcave/Projects/Facies/Dataset/facies/tiles/images/img_02097.npy,/home/grva-mintcave/Projects/Facies/Dataset/facies/tiles/masks/img_02097.npy,"(4, 512, 512)",0.0,1.0,0.5016782879829407,0.16474926471710205,5
/home/grva-mintcave/Projects/Facies/Dataset/facies/tiles/images/img_02098.npy,/home/grva-mintcave/Projects/Facies/Dataset/facies/tiles/masks/img_02098.npy,"(4, 512, 512)",0.0,1.0,0.5055073499679565,0.16586562991142273,5
/home/grva-mintcave/Projects/Facies/Dataset/facies/tiles/images/img_02099.npy,/home/grva-mintcave/Projects/Facies/Dataset/facies/tiles/masks/img_02099.npy,"(4, 512, 512)",0.0,1.0,0.5055044889450073,0.16557173430919647,4
/home/grva-mintcave/Projects/Facies/Dataset/facies/tiles/images/img_02100.npy,/home/grva-mintcave/Projects/Facies/Dataset/facies/tiles/masks/img_02100.npy,"(4, 512, 512)",0.0,1.0,0.5022752285003662,0.15919984877109528,5
/home/grva-mintcave/Projects/Facies/Dataset/facies/tiles/images/img_02101.npy,/home/grva-mintcave/Projects/Facies/Dataset/facies/tiles/masks/img_02101.npy,"(4, 512, 512)",0.0,1.0,0.5022372007369995,0.18076835572719574,5
/home/grva-mintcave/Projects/Facies/Dataset/facies/tiles/images/img_02102.npy,/home/grva-mintcave/Projects/Facies/Dataset/facies/tiles/masks/img_02102.npy,"(4, 512, 512)",0.0,1.0,0.5022538304328918,0.14162665605545044,5
/home/grva-mintcave/Projects/Facies/Dataset/facies/tiles/images/img_02103.npy,/home/grva-mintcave/Projects/Facies/Dataset/facies/tiles/masks/img_02103.npy,"(4, 512, 512)",0.0,1.0,0.5029557347297668,0.09736035019159317,5
/home/grva-mintcave/Projects/Facies/Dataset/facies/tiles/images/img_02104.npy,/home/grva-mintcave/Projects/Facies/Dataset/facies/tiles/masks/img_02104.npy,"(4, 512, 512)",0.0,1.0,0.5029168725013733,0.09663958847522736,4
/home/grva-mintcave/Projects/Facies/Dataset/facies/tiles/images/img_02105.npy,/home/grva-mintcave/Projects/Facies/Dataset/facies/tiles/masks/img_02105.npy,"(4, 512, 512)",0.0,1.0,0.5019339323043823,0.17724959552288055,5
/home/grva-mintcave/Projects/Facies/Dataset/facies/tiles/images/img_02106.npy,/home/grva-mintcave/Projects/Facies/Dataset/facies/tiles/masks/img_02106.npy,"(4, 512, 512)",0.0,1.0,0.5009489059448242,0.1937246471643448,5
/home/grva-mintcave/Projects/Facies/Dataset/facies/tiles/images/img_02107.npy,/home/grva-mintcave/Projects/Facies/Dataset/facies/tiles/masks/img_02107.npy,"(4, 512, 512)",0.0,1.0,0.5021834373474121,0.16570863127708435,5
/home/grva-mintcave/Projects/Facies/Dataset/facies/tiles/images/img_02108.npy,/home/grva-mintcave/Projects/Facies/Dataset/facies/tiles/masks/img_02108.npy,"(4, 512, 512)",0.0,1.0,0.506502628326416,0.15449389815330505,5
/home/grva-mintcave/Projects/Facies/Dataset/facies/tiles/images/img_02109.npy,/home/grva-mintcave/Projects/Facies/Dataset/facies/tiles/masks/img_02109.npy,"(4, 512, 512)",0.0,1.0,0.5064875483512878,0.15401366353034973,4
/home/grva-mintcave/Projects/Facies/Dataset/facies/tiles/images/img_02110.npy,/home/grva-mintcave/Projects/Facies/Dataset/facies/tiles/masks/img_02110.npy,"(4, 512, 512)",0.0,1.0,0.5026253461837769,0.15834832191467285,5
/home/grva-mintcave/Projects/Facies/Dataset/facies/tiles/images/img_02111.npy,/home/grva-mintcave/Projects/Facies/Dataset/facies/tiles/masks/img_02111.npy,"(4, 512, 512)",0.0,1.0,0.5023263096809387,0.18136009573936462,5
/home/grva-mintcave/Projects/Facies/Dataset/facies/tiles/images/img_02112.npy,/home/grva-mintcave/Projects/Facies/Dataset/facies/tiles/masks/img_02112.npy,"(4, 512, 512)",0.0,1.0,0.5029603242874146,0.13641957938671112,5
/home/grva-mintcave/Projects/Facies/Dataset/facies/tiles/images/img_02113.npy,/home/grva-mintcave/Projects/Facies/Dataset/facies/tiles/masks/img_02113.npy,"(4, 512, 512)",0.0,1.0,0.5029219388961792,0.09988094121217728,5
/home/grva-mintcave/Projects/Facies/Dataset/facies/tiles/images/img_02114.npy,/home/grva-mintcave/Projects/Facies/Dataset/facies/tiles/masks/img_02114.npy,"(4, 512, 512)",0.0,1.0,0.5028936862945557,0.09929575026035309,4
/home/grva-mintcave/Projects/Facies/Dataset/facies/tiles/images/img_02115.npy,/home/grva-mintcave/Projects/Facies/Dataset/facies/tiles/masks/img_02115.npy,"(4, 512, 512)",0.0,1.0,0.5015004277229309,0.17512142658233643,5
/home/grva-mintcave/Projects/Facies/Dataset/facies/tiles/images/img_02116.npy,/home/grva-mintcave/Projects/Facies/Dataset/facies/tiles/masks/img_02116.npy,"(4, 512, 512)",0.0,1.0,0.5011413097381592,0.1930278241634369,5
/home/grva-mintcave/Projects/Facies/Dataset/facies/tiles/images/img_02117.npy,/home/grva-mintcave/Projects/Facies/Dataset/facies/tiles/masks/img_02117.npy,"(4, 512, 512)",0.0,1.0,0.501616358757019,0.16267749667167664,5
/home/grva-mintcave/Projects/Facies/Dataset/facies/tiles/images/img_02118.npy,/home/grva-mintcave/Projects/Facies/Dataset/facies/tiles/masks/img_02118.npy,"(4, 512, 512)",0.0,1.0,0.5067596435546875,0.15564434230327606,5
/home/grva-mintcave/Projects/Facies/Dataset/facies/tiles/images/img_02119.npy,/home/grva-mintcave/Projects/Facies/Dataset/facies/tiles/masks/img_02119.npy,"(4, 512, 512)",0.0,1.0,0.5067258477210999,0.15511268377304077,4
/home/grva-mintcave/Projects/Facies/Dataset/facies/tiles/images/img_02120.npy,/home/grva-mintcave/Projects/Facies/Dataset/facies/tiles/masks/img_02120.npy,"(4, 512, 512)",0.0,1.0,0.5031571388244629,0.15363970398902893,5
/home/grva-mintcave/Projects/Facies/Dataset/facies/tiles/images/img_02121.npy,/home/grva-mintcave/Projects/Facies/Dataset/facies/tiles/masks/img_02121.npy,"(4, 512, 512)",0.0,1.0,0.5025802850723267,0.1719265580177307,5
/home/grva-mintcave/Projects/Facies/Dataset/facies/tiles/images/img_02122.npy,/home/grva-mintcave/Projects/Facies/Dataset/facies/tiles/masks/img_02122.npy,"(4, 512, 512)",0.0,1.0,0.50309157371521,0.14573408663272858,5
/home/grva-mintcave/Projects/Facies/Dataset/facies/tiles/images/img_02123.npy,/home/grva-mintcave/Projects/Facies/Dataset/facies/tiles/masks/img_02123.npy,"(4, 512, 512)",0.0,1.0,0.5030637383460999,0.10311980545520782,5
/home/grva-mintcave/Projects/Facies/Dataset/facies/tiles/images/img_02124.npy,/home/grva-mintcave/Projects/Facies/Dataset/facies/tiles/masks/img_02124.npy,"(4, 512, 512)",0.0,1.0,0.5030531287193298,0.1024840772151947,4
/home/grva-mintcave/Projects/Facies/Dataset/facies/tiles/images/img_02125.npy,/home/grva-mintcave/Projects/Facies/Dataset/facies/tiles/masks/img_02125.npy,"(4, 512, 512)",0.0,1.0,0.5006923675537109,0.1687583476305008,5
/home/grva-mintcave/Projects/Facies/Dataset/facies/tiles/images/img_02126.npy,/home/grva-mintcave/Projects/Facies/Dataset/facies/tiles/masks/img_02126.npy,"(4, 512, 512)",0.0,1.0,0.5015034079551697,0.18287493288516998,5
/home/grva-mintcave/Projects/Facies/Dataset/facies/tiles/images/img_02127.npy,/home/grva-mintcave/Projects/Facies/Dataset/facies/tiles/masks/img_02127.npy,"(4, 512, 512)",0.0,1.0,0.5009430646896362,0.1675494909286499,5
/home/grva-mintcave/Projects/Facies/Dataset/facies/tiles/images/img_02128.npy,/home/grva-mintcave/Projects/Facies/Dataset/facies/tiles/masks/img_02128.npy,"(4, 512, 512)",0.0,1.0,0.5060591697692871,0.1538442075252533,5
/home/grva-mintcave/Projects/Facies/Dataset/facies/tiles/images/img_02129.npy,/home/grva-mintcave/Projects/Facies/Dataset/facies/tiles/masks/img_02129.npy,"(4, 512, 512)",0.0,1.0,0.5060284733772278,0.15340812504291534,4
/home/grva-mintcave/Projects/Facies/Dataset/facies/tiles/images/img_02130.npy,/home/grva-mintcave/Projects/Facies/Dataset/facies/tiles/masks/img_02130.npy,"(4, 512, 512)",0.0,1.0,0.5037933588027954,0.15705981850624084,5
/home/grva-mintcave/Projects/Facies/Dataset/facies/tiles/images/img_02131.npy,/home/grva-mintcave/Projects/Facies/Dataset/facies/tiles/masks/img_02131.npy,"(4, 512, 512)",0.0,1.0,0.5021992325782776,0.168018639087677,5
/home/grva-mintcave/Projects/Facies/Dataset/facies/tiles/images/img_02132.npy,/home/grva-mintcave/Projects/Facies/Dataset/facies/tiles/masks/img_02132.npy,"(4, 512, 512)",0.0,1.0,0.5036461353302002,0.1449182629585266,5
/home/grva-mintcave/Projects/Facies/Dataset/facies/tiles/images/img_02133.npy,/home/grva-mintcave/Projects/Facies/Dataset/facies/tiles/masks/img_02133.npy,"(4, 512, 512)",0.0,1.0,0.5031240582466125,0.10884077847003937,5
/home/grva-mintcave/Projects/Facies/Dataset/facies/tiles/images/img_02134.npy,/home/grva-mintcave/Projects/Facies/Dataset/facies/tiles/masks/img_02134.npy,"(4, 512, 512)",0.0,1.0,0.5031031370162964,0.10823939740657806,4
/home/grva-mintcave/Projects/Facies/Dataset/facies/tiles/images/img_02135.npy,/home/grva-mintcave/Projects/Facies/Dataset/facies/tiles/masks/img_02135.npy,"(4, 512, 512)",0.0,1.0,0.4995957314968109,0.16957415640354156,5
/home/grva-mintcave/Projects/Facies/Dataset/facies/tiles/images/img_02136.npy,/home/grva-mintcave/Projects/Facies/Dataset/facies/tiles/masks/img_02136.npy,"(4, 512, 512)",0.0,1.0,0.5022433400154114,0.17898347973823547,5
/home/grva-mintcave/Projects/Facies/Dataset/facies/tiles/images/img_02137.npy,/home/grva-mintcave/Projects/Facies/Dataset/facies/tiles/masks/img_02137.npy,"(4, 512, 512)",0.0,1.0,0.5008606314659119,0.1694319248199463,5
/home/grva-mintcave/Projects/Facies/Dataset/facies/tiles/images/img_02138.npy,/home/grva-mintcave/Projects/Facies/Dataset/facies/tiles/masks/img_02138.npy,"(4, 512, 512)",0.0,1.0,0.505276083946228,0.16075141727924347,5
/home/grva-mintcave/Projects/Facies/Dataset/facies/tiles/images/img_02139.npy,/home/grva-mintcave/Projects/Facies/Dataset/facies/tiles/masks/img_02139.npy,"(4, 512, 512)",0.0,1.0,0.5052520036697388,0.16028518974781036,4
/home/grva-mintcave/Projects/Facies/Dataset/facies/tiles/images/img_02140.npy,/home/grva-mintcave/Projects/Facies/Dataset/facies/tiles/masks/img_02140.npy,"(4, 512, 512)",0.0,1.0,0.503643274307251,0.15570905804634094,5
/home/grva-mintcave/Projects/Facies/Dataset/facies/tiles/images/img_02141.npy,/home/grva-mintcave/Projects/Facies/Dataset/facies/tiles/masks/img_02141.npy,"(4, 512, 512)",0.0,1.0,0.5023240447044373,0.16960284113883972,5
/home/grva-mintcave/Projects/Facies/Dataset/facies/tiles/images/img_02142.npy,/home/grva-mintcave/Projects/Facies/Dataset/facies/tiles/masks/img_02142.npy,"(4, 512, 512)",0.0,1.0,0.5030567049980164,0.1485806554555893,5
/home/grva-mintcave/Projects/Facies/Dataset/facies/tiles/images/img_02143.npy,/home/grva-mintcave/Projects/Facies/Dataset/facies/tiles/masks/img_02143.npy,"(4, 512, 512)",0.0,1.0,0.5030109286308289,0.1074308305978775,5
/home/grva-mintcave/Projects/Facies/Dataset/facies/tiles/images/img_02144.npy,/home/grva-mintcave/Projects/Facies/Dataset/facies/tiles/masks/img_02144.npy,"(4, 512, 512)",0.0,1.0,0.5029779076576233,0.10677789151668549,4
/home/grva-mintcave/Projects/Facies/Dataset/facies/tiles/images/img_02145.npy,/home/grva-mintcave/Projects/Facies/Dataset/facies/tiles/masks/img_02145.npy,"(4, 512, 512)",0.0,1.0,0.4998353123664856,0.1661897450685501,5
/home/grva-mintcave/Projects/Facies/Dataset/facies/tiles/images/img_02146.npy,/home/grva-mintcave/Projects/Facies/Dataset/facies/tiles/masks/img_02146.npy,"(4, 512, 512)",0.0,1.0,0.5024386048316956,0.1795147806406021,5
/home/grva-mintcave/Projects/Facies/Dataset/facies/tiles/images/img_02147.npy,/home/grva-mintcave/Projects/Facies/Dataset/facies/tiles/masks/img_02147.npy,"(4, 512, 512)",0.0,1.0,0.5003631114959717,0.17416951060295105,5
/home/grva-mintcave/Projects/Facies/Dataset/facies/tiles/images/img_02148.npy,/home/grva-mintcave/Projects/Facies/Dataset/facies/tiles/masks/img_02148.npy,"(4, 512, 512)",0.0,1.0,0.5057464838027954,0.16323000192642212,5
/home/grva-mintcave/Projects/Facies/Dataset/facies/tiles/images/img_02149.npy,/home/grva-mintcave/Projects/Facies/Dataset/facies/tiles/masks/img_02149.npy,"(4, 512, 512)",0.0,1.0,0.5057428479194641,0.1627747267484665,4
/home/grva-mintcave/Projects/Facies/Dataset/facies/tiles/images/img_02150.npy,/home/grva-mintcave/Projects/Facies/Dataset/facies/tiles/masks/img_02150.npy,"(4, 512, 512)",0.0,1.0,0.5032317042350769,0.15459151566028595,5
/home/grva-mintcave/Projects/Facies/Dataset/facies/tiles/images/img_02151.npy,/home/grva-mintcave/Projects/Facies/Dataset/facies/tiles/masks/img_02151.npy,"(4, 512, 512)",0.0,1.0,0.5036342144012451,0.17366547882556915,5
/home/grva-mintcave/Projects/Facies/Dataset/facies/tiles/images/img_02152.npy,/home/grva-mintcave/Projects/Facies/Dataset/facies/tiles/masks/img_02152.npy,"(4, 512, 512)",0.0,1.0,0.5032687187194824,0.14087001979351044,5
/home/grva-mintcave/Projects/Facies/Dataset/facies/tiles/images/img_02153.npy,/home/grva-mintcave/Projects/Facies/Dataset/facies/tiles/masks/img_02153.npy,"(4, 512, 512)",0.0,1.0,0.5029473900794983,0.11364530026912689,5
/home/grva-mintcave/Projects/Facies/Dataset/facies/tiles/images/img_02154.npy,/home/grva-mintcave/Projects/Facies/Dataset/facies/tiles/masks/img_02154.npy,"(4, 512, 512)",0.0,1.0,0.5029139518737793,0.11291734129190445,4
/home/grva-mintcave/Projects/Facies/Dataset/facies/tiles/images/img_02155.npy,/home/grva-mintcave/Projects/Facies/Dataset/facies/tiles/masks/img_02155.npy,"(4, 512, 512)",0.0,1.0,0.5004176497459412,0.16226744651794434,5
/home/grva-mintcave/Projects/Facies/Dataset/facies/tiles/images/img_02156.npy,/home/grva-mintcave/Projects/Facies/Dataset/facies/tiles/masks/img_02156.npy,"(4, 512, 512)",0.0,1.0,0.502510666847229,0.18218424916267395,5
/home/grva-mintcave/Projects/Facies/Dataset/facies/tiles/images/img_02157.npy,/home/grva-mintcave/Projects/Facies/Dataset/facies/tiles/masks/img_02157.npy,"(4, 512, 512)",0.0,1.0,0.501618504524231,0.16232562065124512,5
/home/grva-mintcave/Projects/Facies/Dataset/facies/tiles/images/img_02158.npy,/home/grva-mintcave/Projects/Facies/Dataset/facies/tiles/masks/img_02158.npy,"(4, 512, 512)",0.0,1.0,0.505745530128479,0.16253942251205444,5
/home/grva-mintcave/Projects/Facies/Dataset/facies/tiles/images/img_02159.npy,/home/grva-mintcave/Projects/Facies/Dataset/facies/tiles/masks/img_02159.npy,"(4, 512, 512)",0.0,1.0,0.5057492256164551,0.16197773814201355,4
/home/grva-mintcave/Projects/Facies/Dataset/facies/tiles/images/img_02160.npy,/home/grva-mintcave/Projects/Facies/Dataset/facies/tiles/masks/img_02160.npy,"(4, 512, 512)",0.0,1.0,0.503169059753418,0.1443675458431244,5
/home/grva-mintcave/Projects/Facies/Dataset/facies/tiles/images/img_02161.npy,/home/grva-mintcave/Projects/Facies/Dataset/facies/tiles/masks/img_02161.npy,"(4, 512, 512)",0.0,1.0,0.5047200322151184,0.17819495499134064,5
/home/grva-mintcave/Projects/Facies/Dataset/facies/tiles/images/img_02162.npy,/home/grva-mintcave/Projects/Facies/Dataset/facies/tiles/masks/img_02162.npy,"(4, 512, 512)",0.0,1.0,0.5025395750999451,0.13228636980056763,5
/home/grva-mintcave/Projects/Facies/Dataset/facies/tiles/images/img_02163.npy,/home/grva-mintcave/Projects/Facies/Dataset/facies/tiles/masks/img_02163.npy,"(4, 512, 512)",0.0,1.0,0.502497136592865,0.1191459372639656,5
/home/grva-mintcave/Projects/Facies/Dataset/facies/tiles/images/img_02164.npy,/home/grva-mintcave/Projects/Facies/Dataset/facies/tiles/masks/img_02164.npy,"(4, 512, 512)",0.0,1.0,0.5024725794792175,0.11873713880777359,4
/home/grva-mintcave/Projects/Facies/Dataset/facies/tiles/images/img_02165.npy,/home/grva-mintcave/Projects/Facies/Dataset/facies/tiles/masks/img_02165.npy,"(4, 512, 512)",0.0,1.0,0.5008798837661743,0.15161778032779694,5
/home/grva-mintcave/Projects/Facies/Dataset/facies/tiles/images/img_02166.npy,/home/grva-mintcave/Projects/Facies/Dataset/facies/tiles/masks/img_02166.npy,"(4, 512, 512)",0.0,1.0,0.5024943947792053,0.18617312610149384,5
/home/grva-mintcave/Projects/Facies/Dataset/facies/tiles/images/img_02167.npy,/home/grva-mintcave/Projects/Facies/Dataset/facies/tiles/masks/img_02167.npy,"(4, 512, 512)",0.0,1.0,0.502530574798584,0.152464359998703,5
/home/grva-mintcave/Projects/Facies/Dataset/facies/tiles/images/img_02168.npy,/home/grva-mintcave/Projects/Facies/Dataset/facies/tiles/masks/img_02168.npy,"(4, 512, 512)",0.0,1.0,0.5068265795707703,0.16288918256759644,5
/home/grva-mintcave/Projects/Facies/Dataset/facies/tiles/images/img_02169.npy,/home/grva-mintcave/Projects/Facies/Dataset/facies/tiles/masks/img_02169.npy,"(4, 512, 512)",0.0,1.0,0.5067749619483948,0.1625170260667801,4
/home/grva-mintcave/Projects/Facies/Dataset/facies/tiles/images/img_02170.npy,/home/grva-mintcave/Projects/Facies/Dataset/facies/tiles/masks/img_02170.npy,"(4, 512, 512)",0.0,1.0,0.5027806162834167,0.1364457607269287,5
/home/grva-mintcave/Projects/Facies/Dataset/facies/tiles/images/img_02171.npy,/home/grva-mintcave/Projects/Facies/Dataset/facies/tiles/masks/img_02171.npy,"(4, 512, 512)",0.0,1.0,0.5048930644989014,0.18049420416355133,5
/home/grva-mintcave/Projects/Facies/Dataset/facies/tiles/images/img_02172.npy,/home/grva-mintcave/Projects/Facies/Dataset/facies/tiles/masks/img_02172.npy,"(4, 512, 512)",0.0,1.0,0.5022521018981934,0.13453198969364166,5
/home/grva-mintcave/Projects/Facies/Dataset/facies/tiles/images/img_02173.npy,/home/grva-mintcave/Projects/Facies/Dataset/facies/tiles/masks/img_02173.npy,"(4, 512, 512)",0.0,1.0,0.5023375153541565,0.12044941633939743,5
/home/grva-mintcave/Projects/Facies/Dataset/facies/tiles/images/img_02174.npy,/home/grva-mintcave/Projects/Facies/Dataset/facies/tiles/masks/img_02174.npy,"(4, 512, 512)",0.0,1.0,0.5023284554481506,0.12017206847667694,4
/home/grva-mintcave/Projects/Facies/Dataset/facies/tiles/images/img_02175.npy,/home/grva-mintcave/Projects/Facies/Dataset/facies/tiles/masks/img_02175.npy,"(4, 512, 512)",0.0,1.0,0.5010538697242737,0.14283448457717896,5
/home/grva-mintcave/Projects/Facies/Dataset/facies/tiles/images/img_02176.npy,/home/grva-mintcave/Projects/Facies/Dataset/facies/tiles/masks/img_02176.npy,"(4, 512, 512)",0.0,1.0,0.5027682185173035,0.18700896203517914,5
/home/grva-mintcave/Projects/Facies/Dataset/facies/tiles/images/img_02177.npy,/home/grva-mintcave/Projects/Facies/Dataset/facies/tiles/masks/img_02177.npy,"(4, 512, 512)",0.0,1.0,0.5017756819725037,0.15706180036067963,5
/home/grva-mintcave/Projects/Facies/Dataset/facies/tiles/images/img_02178.npy,/home/grva-mintcave/Projects/Facies/Dataset/facies/tiles/masks/img_02178.npy,"(4, 512, 512)",0.0,1.0,0.5072481632232666,0.161516472697258,5
/home/grva-mintcave/Projects/Facies/Dataset/facies/tiles/images/img_02179.npy,/home/grva-mintcave/Projects/Facies/Dataset/facies/tiles/masks/img_02179.npy,"(4, 512, 512)",0.0,1.0,0.507249653339386,0.16129539906978607,4
/home/grva-mintcave/Projects/Facies/Dataset/facies/tiles/images/img_02180.npy,/home/grva-mintcave/Projects/Facies/Dataset/facies/tiles/masks/img_02180.npy,"(4, 512, 512)",0.0,1.0,0.5023353695869446,0.1253255307674408,5
/home/grva-mintcave/Projects/Facies/Dataset/facies/tiles/images/img_02181.npy,/home/grva-mintcave/Projects/Facies/Dataset/facies/tiles/masks/img_02181.npy,"(4, 512, 512)",0.0,1.0,0.5044603943824768,0.17221331596374512,5
/home/grva-mintcave/Projects/Facies/Dataset/facies/tiles/images/img_02182.npy,/home/grva-mintcave/Projects/Facies/Dataset/facies/tiles/masks/img_02182.npy,"(4, 512, 512)",0.0,1.0,0.5030584335327148,0.13271315395832062,5
/home/grva-mintcave/Projects/Facies/Dataset/facies/tiles/images/img_02183.npy,/home/grva-mintcave/Projects/Facies/Dataset/facies/tiles/masks/img_02183.npy,"(4, 512, 512)",0.0,1.0,0.502057671546936,0.12100665271282196,5
/home/grva-mintcave/Projects/Facies/Dataset/facies/tiles/images/img_02184.npy,/home/grva-mintcave/Projects/Facies/Dataset/facies/tiles/masks/img_02184.npy,"(4, 512, 512)",0.0,1.0,0.5020926594734192,0.12071621417999268,4
/home/grva-mintcave/Projects/Facies/Dataset/facies/tiles/images/img_02185.npy,/home/grva-mintcave/Projects/Facies/Dataset/facies/tiles/masks/img_02185.npy,"(4, 512, 512)",0.0,1.0,0.5015107989311218,0.12995269894599915,5
/home/grva-mintcave/Projects/Facies/Dataset/facies/tiles/images/img_02186.npy,/home/grva-mintcave/Projects/Facies/Dataset/facies/tiles/masks/img_02186.npy,"(4, 512, 512)",0.0,1.0,0.5031374096870422,0.1773490458726883,5
/home/grva-mintcave/Projects/Facies/Dataset/facies/tiles/images/img_02187.npy,/home/grva-mintcave/Projects/Facies/Dataset/facies/tiles/masks/img_02187.npy,"(4, 512, 512)",0.0,1.0,0.501875102519989,0.15317484736442566,5
/home/grva-mintcave/Projects/Facies/Dataset/facies/tiles/images/img_02188.npy,/home/grva-mintcave/Projects/Facies/Dataset/facies/tiles/masks/img_02188.npy,"(4, 512, 512)",0.0,1.0,0.5075997710227966,0.1651303917169571,5
/home/grva-mintcave/Projects/Facies/Dataset/facies/tiles/images/img_02189.npy,/home/grva-mintcave/Projects/Facies/Dataset/facies/tiles/masks/img_02189.npy,"(4, 512, 512)",0.0,1.0,0.5075576901435852,0.16466636955738068,4
/home/grva-mintcave/Projects/Facies/Dataset/facies/tiles/images/img_02190.npy,/home/grva-mintcave/Projects/Facies/Dataset/facies/tiles/masks/img_02190.npy,"(4, 512, 512)",0.0,1.0,0.5020275115966797,0.11507441848516464,5
/home/grva-mintcave/Projects/Facies/Dataset/facies/tiles/images/img_02191.npy,/home/grva-mintcave/Projects/Facies/Dataset/facies/tiles/masks/img_02191.npy,"(4, 512, 512)",0.0,1.0,0.5037024021148682,0.15691114962100983,5
/home/grva-mintcave/Projects/Facies/Dataset/facies/tiles/images/img_02192.npy,/home/grva-mintcave/Projects/Facies/Dataset/facies/tiles/masks/img_02192.npy,"(4, 512, 512)",0.0,1.0,0.5034498572349548,0.13497450947761536,5
/home/grva-mintcave/Projects/Facies/Dataset/facies/tiles/images/img_02193.npy,/home/grva-mintcave/Projects/Facies/Dataset/facies/tiles/masks/img_02193.npy,"(4, 512, 512)",0.0,1.0,0.5021107196807861,0.12033393234014511,5
/home/grva-mintcave/Projects/Facies/Dataset/facies/tiles/images/img_02194.npy,/home/grva-mintcave/Projects/Facies/Dataset/facies/tiles/masks/img_02194.npy,"(4, 512, 512)",0.0,1.0,0.502117395401001,0.11996522545814514,4
/home/grva-mintcave/Projects/Facies/Dataset/facies/tiles/images/img_02195.npy,/home/grva-mintcave/Projects/Facies/Dataset/facies/tiles/masks/img_02195.npy,"(4, 512, 512)",0.0,1.0,0.5016210079193115,0.11971326917409897,5
/home/grva-mintcave/Projects/Facies/Dataset/facies/tiles/images/img_02196.npy,/home/grva-mintcave/Projects/Facies/Dataset/facies/tiles/masks/img_02196.npy,"(4, 512, 512)",0.0,1.0,0.5029828548431396,0.16500721871852875,5
/home/grva-mintcave/Projects/Facies/Dataset/facies/tiles/images/img_02197.npy,/home/grva-mintcave/Projects/Facies/Dataset/facies/tiles/masks/img_02197.npy,"(4, 512, 512)",0.0,1.0,0.5015891790390015,0.15502230823040009,5
/home/grva-mintcave/Projects/Facies/Dataset/facies/tiles/images/img_02198.npy,/home/grva-mintcave/Projects/Facies/Dataset/facies/tiles/masks/img_02198.npy,"(4, 512, 512)",0.0,1.0,0.5084717869758606,0.16267146170139313,5
/home/grva-mintcave/Projects/Facies/Dataset/facies/tiles/images/img_02199.npy,/home/grva-mintcave/Projects/Facies/Dataset/facies/tiles/masks/img_02199.npy,"(4, 512, 512)",0.0,1.0,0.5083809494972229,0.16227981448173523,4
/home/grva-mintcave/Projects/Facies/Dataset/facies/tiles/images/img_02200.npy,/home/grva-mintcave/Projects/Facies/Dataset/facies/tiles/masks/img_02200.npy,"(4, 512, 512)",0.0,1.0,0.5020512342453003,0.1069134846329689,5
/home/grva-mintcave/Projects/Facies/Dataset/facies/tiles/images/img_02201.npy,/home/grva-mintcave/Projects/Facies/Dataset/facies/tiles/masks/img_02201.npy,"(4, 512, 512)",0.0,1.0,0.5037009119987488,0.15351751446723938,5
/home/grva-mintcave/Projects/Facies/Dataset/facies/tiles/images/img_02202.npy,/home/grva-mintcave/Projects/Facies/Dataset/facies/tiles/masks/img_02202.npy,"(4, 512, 512)",0.0,1.0,0.5023421049118042,0.1322900503873825,5
/home/grva-mintcave/Projects/Facies/Dataset/facies/tiles/images/img_02203.npy,/home/grva-mintcave/Projects/Facies/Dataset/facies/tiles/masks/img_02203.npy,"(4, 512, 512)",0.0,1.0,0.5032525658607483,0.11533850431442261,5
/home/grva-mintcave/Projects/Facies/Dataset/facies/tiles/images/img_02204.npy,/home/grva-mintcave/Projects/Facies/Dataset/facies/tiles/masks/img_02204.npy,"(4, 512, 512)",0.0,1.0,0.5032280683517456,0.1150781661272049,4
/home/grva-mintcave/Projects/Facies/Dataset/facies/tiles/images/img_02205.npy,/home/grva-mintcave/Projects/Facies/Dataset/facies/tiles/masks/img_02205.npy,"(4, 512, 512)",0.0,1.0,0.5025151968002319,0.111602284014225,5
/home/grva-mintcave/Projects/Facies/Dataset/facies/tiles/images/img_02206.npy,/home/grva-mintcave/Projects/Facies/Dataset/facies/tiles/masks/img_02206.npy,"(4, 512, 512)",0.0,1.0,0.5025669932365417,0.16286708414554596,5
/home/grva-mintcave/Projects/Facies/Dataset/facies/tiles/images/img_02207.npy,/home/grva-mintcave/Projects/Facies/Dataset/facies/tiles/masks/img_02207.npy,"(4, 512, 512)",0.0,1.0,0.5024763941764832,0.15583407878875732,5
/home/grva-mintcave/Projects/Facies/Dataset/facies/tiles/images/img_02208.npy,/home/grva-mintcave/Projects/Facies/Dataset/facies/tiles/masks/img_02208.npy,"(4, 512, 512)",0.0,1.0,0.5088088512420654,0.15484990179538727,5
/home/grva-mintcave/Projects/Facies/Dataset/facies/tiles/images/img_02209.npy,/home/grva-mintcave/Projects/Facies/Dataset/facies/tiles/masks/img_02209.npy,"(4, 512, 512)",0.0,1.0,0.5087696313858032,0.15433239936828613,4
/home/grva-mintcave/Projects/Facies/Dataset/facies/tiles/images/img_02210.npy,/home/grva-mintcave/Projects/Facies/Dataset/facies/tiles/masks/img_02210.npy,"(4, 512, 512)",0.0,1.0,0.5021874904632568,0.09792601317167282,5
/home/grva-mintcave/Projects/Facies/Dataset/facies/tiles/images/img_02211.npy,/home/grva-mintcave/Projects/Facies/Dataset/facies/tiles/masks/img_02211.npy,"(4, 512, 512)",0.0,1.0,0.5032104849815369,0.15101981163024902,5
/home/grva-mintcave/Projects/Facies/Dataset/facies/tiles/images/img_02212.npy,/home/grva-mintcave/Projects/Facies/Dataset/facies/tiles/masks/img_02212.npy,"(4, 512, 512)",0.0,1.0,0.5018961429595947,0.13219299912452698,5
/home/grva-mintcave/Projects/Facies/Dataset/facies/tiles/images/img_02213.npy,/home/grva-mintcave/Projects/Facies/Dataset/facies/tiles/masks/img_02213.npy,"(4, 512, 512)",0.0,1.0,0.5031760931015015,0.11072251200675964,5
/home/grva-mintcave/Projects/Facies/Dataset/facies/tiles/images/img_02214.npy,/home/grva-mintcave/Projects/Facies/Dataset/facies/tiles/masks/img_02214.npy,"(4, 512, 512)",0.0,1.0,0.5031626224517822,0.11030774563550949,4
/home/grva-mintcave/Projects/Facies/Dataset/facies/tiles/images/img_02215.npy,/home/grva-mintcave/Projects/Facies/Dataset/facies/tiles/masks/img_02215.npy,"(4, 512, 512)",0.0,1.0,0.5028557181358337,0.10385097563266754,5
/home/grva-mintcave/Projects/Facies/Dataset/facies/tiles/images/img_02216.npy,/home/grva-mintcave/Projects/Facies/Dataset/facies/tiles/masks/img_02216.npy,"(4, 512, 512)",0.0,1.0,0.502264142036438,0.16186779737472534,5
/home/grva-mintcave/Projects/Facies/Dataset/facies/tiles/images/img_02217.npy,/home/grva-mintcave/Projects/Facies/Dataset/facies/tiles/masks/img_02217.npy,"(4, 512, 512)",0.0,1.0,0.5030571818351746,0.15781381726264954,5
/home/grva-mintcave/Projects/Facies/Dataset/facies/tiles/images/img_02218.npy,/home/grva-mintcave/Projects/Facies/Dataset/facies/tiles/masks/img_02218.npy,"(4, 512, 512)",0.0,1.0,0.506692111492157,0.1494489312171936,5
/home/grva-mintcave/Projects/Facies/Dataset/facies/tiles/images/img_02219.npy,/home/grva-mintcave/Projects/Facies/Dataset/facies/tiles/masks/img_02219.npy,"(4, 512, 512)",0.0,1.0,0.5067310333251953,0.14878571033477783,4
/home/grva-mintcave/Projects/Facies/Dataset/facies/tiles/images/img_02220.npy,/home/grva-mintcave/Projects/Facies/Dataset/facies/tiles/masks/img_02220.npy,"(4, 512, 512)",0.0,1.0,0.5023857951164246,0.09428030252456665,5
/home/grva-mintcave/Projects/Facies/Dataset/facies/tiles/images/img_02221.npy,/home/grva-mintcave/Projects/Facies/Dataset/facies/tiles/masks/img_02221.npy,"(4, 512, 512)",0.0,1.0,0.5018575191497803,0.15088501572608948,5
/home/grva-mintcave/Projects/Facies/Dataset/facies/tiles/images/img_02222.npy,/home/grva-mintcave/Projects/Facies/Dataset/facies/tiles/masks/img_02222.npy,"(4, 512, 512)",0.0,1.0,0.5018896460533142,0.1321752518415451,5
/home/grva-mintcave/Projects/Facies/Dataset/facies/tiles/images/img_02223.npy,/home/grva-mintcave/Projects/Facies/Dataset/facies/tiles/masks/img_02223.npy,"(4, 512, 512)",0.0,1.0,0.5027722716331482,0.10767661780118942,5
/home/grva-mintcave/Projects/Facies/Dataset/facies/tiles/images/img_02224.npy,/home/grva-mintcave/Projects/Facies/Dataset/facies/tiles/masks/img_02224.npy,"(4, 512, 512)",0.0,1.0,0.5027705430984497,0.10708409547805786,4
/home/grva-mintcave/Projects/Facies/Dataset/facies/tiles/images/img_02225.npy,/home/grva-mintcave/Projects/Facies/Dataset/facies/tiles/masks/img_02225.npy,"(4, 512, 512)",0.0,1.0,0.5022748112678528,0.10104215145111084,5
/home/grva-mintcave/Projects/Facies/Dataset/facies/tiles/images/img_02226.npy,/home/grva-mintcave/Projects/Facies/Dataset/facies/tiles/masks/img_02226.npy,"(4, 512, 512)",0.0,1.0,0.5026251673698425,0.16355912387371063,5
/home/grva-mintcave/Projects/Facies/Dataset/facies/tiles/images/img_02227.npy,/home/grva-mintcave/Projects/Facies/Dataset/facies/tiles/masks/img_02227.npy,"(4, 512, 512)",0.0,1.0,0.5042561888694763,0.1600046306848526,5
/home/grva-mintcave/Projects/Facies/Dataset/facies/tiles/images/img_02228.npy,/home/grva-mintcave/Projects/Facies/Dataset/facies/tiles/masks/img_02228.npy,"(4, 512, 512)",0.0,1.0,0.5054196715354919,0.143544003367424,5
/home/grva-mintcave/Projects/Facies/Dataset/facies/tiles/images/img_02229.npy,/home/grva-mintcave/Projects/Facies/Dataset/facies/tiles/masks/img_02229.npy,"(4, 512, 512)",0.0,1.0,0.5054088234901428,0.14280332624912262,4
/home/grva-mintcave/Projects/Facies/Dataset/facies/tiles/images/img_02230.npy,/home/grva-mintcave/Projects/Facies/Dataset/facies/tiles/masks/img_02230.npy,"(4, 512, 512)",0.0,1.0,0.5024251937866211,0.11285612732172012,5
/home/grva-mintcave/Projects/Facies/Dataset/facies/tiles/images/img_02231.npy,/home/grva-mintcave/Projects/Facies/Dataset/facies/tiles/masks/img_02231.npy,"(4, 512, 512)",0.0,1.0,0.501309335231781,0.156906858086586,5
/home/grva-mintcave/Projects/Facies/Dataset/facies/tiles/images/img_02232.npy,/home/grva-mintcave/Projects/Facies/Dataset/facies/tiles/masks/img_02232.npy,"(4, 512, 512)",0.0,1.0,0.5027614235877991,0.13145476579666138,5
/home/grva-mintcave/Projects/Facies/Dataset/facies/tiles/images/img_02233.npy,/home/grva-mintcave/Projects/Facies/Dataset/facies/tiles/masks/img_02233.npy,"(4, 512, 512)",0.0,1.0,0.5030774474143982,0.10092736035585403,5
/home/grva-mintcave/Projects/Facies/Dataset/facies/tiles/images/img_02234.npy,/home/grva-mintcave/Projects/Facies/Dataset/facies/tiles/masks/img_02234.npy,"(4, 512, 512)",0.0,1.0,0.5030785799026489,0.10052239149808884,4
/home/grva-mintcave/Projects/Facies/Dataset/facies/tiles/images/img_02235.npy,/home/grva-mintcave/Projects/Facies/Dataset/facies/tiles/masks/img_02235.npy,"(4, 512, 512)",0.0,1.0,0.5014088749885559,0.11914987862110138,5
/home/grva-mintcave/Projects/Facies/Dataset/facies/tiles/images/img_02236.npy,/home/grva-mintcave/Projects/Facies/Dataset/facies/tiles/masks/img_02236.npy,"(4, 512, 512)",0.0,1.0,0.5027135014533997,0.16960038244724274,5
/home/grva-mintcave/Projects/Facies/Dataset/facies/tiles/images/img_02237.npy,/home/grva-mintcave/Projects/Facies/Dataset/facies/tiles/masks/img_02237.npy,"(4, 512, 512)",0.0,1.0,0.5039085745811462,0.1658831387758255,5
/home/grva-mintcave/Projects/Facies/Dataset/facies/tiles/images/img_02238.npy,/home/grva-mintcave/Projects/Facies/Dataset/facies/tiles/masks/img_02238.npy,"(4, 512, 512)",0.0,1.0,0.5027895569801331,0.13460342586040497,5
/home/grva-mintcave/Projects/Facies/Dataset/facies/tiles/images/img_02239.npy,/home/grva-mintcave/Projects/Facies/Dataset/facies/tiles/masks/img_02239.npy,"(4, 512, 512)",0.0,1.0,0.5027745962142944,0.13395127654075623,4
/home/grva-mintcave/Projects/Facies/Dataset/facies/tiles/images/img_02240.npy,/home/grva-mintcave/Projects/Facies/Dataset/facies/tiles/masks/img_02240.npy,"(4, 512, 512)",0.0,1.0,0.5024569630622864,0.12936797738075256,5
/home/grva-mintcave/Projects/Facies/Dataset/facies/tiles/images/img_02241.npy,/home/grva-mintcave/Projects/Facies/Dataset/facies/tiles/masks/img_02241.npy,"(4, 512, 512)",0.0,1.0,0.5008779168128967,0.16413664817810059,5
/home/grva-mintcave/Projects/Facies/Dataset/facies/tiles/images/img_02242.npy,/home/grva-mintcave/Projects/Facies/Dataset/facies/tiles/masks/img_02242.npy,"(4, 512, 512)",0.0,1.0,0.5031836628913879,0.13219192624092102,5
/home/grva-mintcave/Projects/Facies/Dataset/facies/tiles/images/img_02243.npy,/home/grva-mintcave/Projects/Facies/Dataset/facies/tiles/masks/img_02243.npy,"(4, 512, 512)",0.0,1.0,0.5039365291595459,0.10678066313266754,5
/home/grva-mintcave/Projects/Facies/Dataset/facies/tiles/images/img_02244.npy,/home/grva-mintcave/Projects/Facies/Dataset/facies/tiles/masks/img_02244.npy,"(4, 512, 512)",0.0,1.0,0.5039380192756653,0.10640205442905426,4
/home/grva-mintcave/Projects/Facies/Dataset/facies/tiles/images/img_02245.npy,/home/grva-mintcave/Projects/Facies/Dataset/facies/tiles/masks/img_02245.npy,"(4, 512, 512)",0.0,1.0,0.501388669013977,0.13519971072673798,5
/home/grva-mintcave/Projects/Facies/Dataset/facies/tiles/images/img_02246.npy,/home/grva-mintcave/Projects/Facies/Dataset/facies/tiles/masks/img_02246.npy,"(4, 512, 512)",0.0,1.0,0.5026156902313232,0.17542554438114166,5
/home/grva-mintcave/Projects/Facies/Dataset/facies/tiles/images/img_02247.npy,/home/grva-mintcave/Projects/Facies/Dataset/facies/tiles/masks/img_02247.npy,"(4, 512, 512)",0.0,1.0,0.5031548738479614,0.16717663407325745,5
/home/grva-mintcave/Projects/Facies/Dataset/facies/tiles/images/img_02248.npy,/home/grva-mintcave/Projects/Facies/Dataset/facies/tiles/masks/img_02248.npy,"(4, 512, 512)",0.0,1.0,0.504572331905365,0.14080646634101868,5
/home/grva-mintcave/Projects/Facies/Dataset/facies/tiles/images/img_02249.npy,/home/grva-mintcave/Projects/Facies/Dataset/facies/tiles/masks/img_02249.npy,"(4, 512, 512)",0.0,1.0,0.5045835971832275,0.14017513394355774,4
/home/grva-mintcave/Projects/Facies/Dataset/facies/tiles/images/img_02250.npy,/home/grva-mintcave/Projects/Facies/Dataset/facies/tiles/masks/img_02250.npy,"(4, 512, 512)",0.0,1.0,0.5025246143341064,0.13368363678455353,5
/home/grva-mintcave/Projects/Facies/Dataset/facies/tiles/images/img_02251.npy,/home/grva-mintcave/Projects/Facies/Dataset/facies/tiles/masks/img_02251.npy,"(4, 512, 512)",0.0,1.0,0.5012208223342896,0.16954970359802246,5
/home/grva-mintcave/Projects/Facies/Dataset/facies/tiles/images/img_02252.npy,/home/grva-mintcave/Projects/Facies/Dataset/facies/tiles/masks/img_02252.npy,"(4, 512, 512)",0.0,1.0,0.5031427145004272,0.13822051882743835,5
/home/grva-mintcave/Projects/Facies/Dataset/facies/tiles/images/img_02253.npy,/home/grva-mintcave/Projects/Facies/Dataset/facies/tiles/masks/img_02253.npy,"(4, 512, 512)",0.0,1.0,0.5035960078239441,0.11359047889709473,5
/home/grva-mintcave/Projects/Facies/Dataset/facies/tiles/images/img_02254.npy,/home/grva-mintcave/Projects/Facies/Dataset/facies/tiles/masks/img_02254.npy,"(4, 512, 512)",0.0,1.0,0.5035802721977234,0.11332573741674423,4
/home/grva-mintcave/Projects/Facies/Dataset/facies/tiles/images/img_02255.npy,/home/grva-mintcave/Projects/Facies/Dataset/facies/tiles/masks/img_02255.npy,"(4, 512, 512)",0.0,1.0,0.5015116930007935,0.13971847295761108,5
/home/grva-mintcave/Projects/Facies/Dataset/facies/tiles/images/img_02256.npy,/home/grva-mintcave/Projects/Facies/Dataset/facies/tiles/masks/img_02256.npy,"(4, 512, 512)",0.0,1.0,0.5024579167366028,0.17938511073589325,5
/home/grva-mintcave/Projects/Facies/Dataset/facies/tiles/images/img_02257.npy,/home/grva-mintcave/Projects/Facies/Dataset/facies/tiles/masks/img_02257.npy,"(4, 512, 512)",0.0,1.0,0.5014237761497498,0.17833374440670013,5
/home/grva-mintcave/Projects/Facies/Dataset/facies/tiles/images/img_02258.npy,/home/grva-mintcave/Projects/Facies/Dataset/facies/tiles/masks/img_02258.npy,"(4, 512, 512)",0.0,1.0,0.5041994452476501,0.15231849253177643,5
/home/grva-mintcave/Projects/Facies/Dataset/facies/tiles/images/img_02259.npy,/home/grva-mintcave/Projects/Facies/Dataset/facies/tiles/masks/img_02259.npy,"(4, 512, 512)",0.0,1.0,0.5042693018913269,0.15164437890052795,4
/home/grva-mintcave/Projects/Facies/Dataset/facies/tiles/images/img_02260.npy,/home/grva-mintcave/Projects/Facies/Dataset/facies/tiles/masks/img_02260.npy,"(4, 512, 512)",0.0,1.0,0.5027555227279663,0.1307285875082016,5
/home/grva-mintcave/Projects/Facies/Dataset/facies/tiles/images/img_02261.npy,/home/grva-mintcave/Projects/Facies/Dataset/facies/tiles/masks/img_02261.npy,"(4, 512, 512)",0.0,1.0,0.5016375184059143,0.17245683073997498,5
/home/grva-mintcave/Projects/Facies/Dataset/facies/tiles/images/img_02262.npy,/home/grva-mintcave/Projects/Facies/Dataset/facies/tiles/masks/img_02262.npy,"(4, 512, 512)",0.0,1.0,0.5038059949874878,0.13087697327136993,5
/home/grva-mintcave/Projects/Facies/Dataset/facies/tiles/images/img_02263.npy,/home/grva-mintcave/Projects/Facies/Dataset/facies/tiles/masks/img_02263.npy,"(4, 512, 512)",0.0,1.0,0.5032204985618591,0.11169413477182388,5
/home/grva-mintcave/Projects/Facies/Dataset/facies/tiles/images/img_02264.npy,/home/grva-mintcave/Projects/Facies/Dataset/facies/tiles/masks/img_02264.npy,"(4, 512, 512)",0.0,1.0,0.5032014846801758,0.11148145794868469,4
/home/grva-mintcave/Projects/Facies/Dataset/facies/tiles/images/img_02265.npy,/home/grva-mintcave/Projects/Facies/Dataset/facies/tiles/masks/img_02265.npy,"(4, 512, 512)",0.0,1.0,0.5015652775764465,0.13738664984703064,5
/home/grva-mintcave/Projects/Facies/Dataset/facies/tiles/images/img_02266.npy,/home/grva-mintcave/Projects/Facies/Dataset/facies/tiles/masks/img_02266.npy,"(4, 512, 512)",0.0,1.0,0.5022454857826233,0.18032902479171753,5
/home/grva-mintcave/Projects/Facies/Dataset/facies/tiles/images/img_02267.npy,/home/grva-mintcave/Projects/Facies/Dataset/facies/tiles/masks/img_02267.npy,"(4, 512, 512)",0.0,1.0,0.5000022649765015,0.17216560244560242,5
/home/grva-mintcave/Projects/Facies/Dataset/facies/tiles/images/img_02268.npy,/home/grva-mintcave/Projects/Facies/Dataset/facies/tiles/masks/img_02268.npy,"(4, 512, 512)",0.0,1.0,0.5054858922958374,0.15290428698062897,5
/home/grva-mintcave/Projects/Facies/Dataset/facies/tiles/images/img_02269.npy,/home/grva-mintcave/Projects/Facies/Dataset/facies/tiles/masks/img_02269.npy,"(4, 512, 512)",0.0,1.0,0.5054858922958374,0.1523093283176422,4
/home/grva-mintcave/Projects/Facies/Dataset/facies/tiles/images/img_02270.npy,/home/grva-mintcave/Projects/Facies/Dataset/facies/tiles/masks/img_02270.npy,"(4, 512, 512)",0.0,1.0,0.5027498006820679,0.12616859376430511,5
/home/grva-mintcave/Projects/Facies/Dataset/facies/tiles/images/img_02271.npy,/home/grva-mintcave/Projects/Facies/Dataset/facies/tiles/masks/img_02271.npy,"(4, 512, 512)",0.0,1.0,0.5012122392654419,0.17087329924106598,5
/home/grva-mintcave/Projects/Facies/Dataset/facies/tiles/images/img_02272.npy,/home/grva-mintcave/Projects/Facies/Dataset/facies/tiles/masks/img_02272.npy,"(4, 512, 512)",0.0,1.0,0.5032839179039001,0.12764519453048706,5
/home/grva-mintcave/Projects/Facies/Dataset/facies/tiles/images/img_02273.npy,/home/grva-mintcave/Projects/Facies/Dataset/facies/tiles/masks/img_02273.npy,"(4, 512, 512)",0.0,1.0,0.5037851333618164,0.1107139140367508,5
/home/grva-mintcave/Projects/Facies/Dataset/facies/tiles/images/img_02274.npy,/home/grva-mintcave/Projects/Facies/Dataset/facies/tiles/masks/img_02274.npy,"(4, 512, 512)",0.0,1.0,0.5037859082221985,0.11035531014204025,4
/home/grva-mintcave/Projects/Facies/Dataset/facies/tiles/images/img_02275.npy,/home/grva-mintcave/Projects/Facies/Dataset/facies/tiles/masks/img_02275.npy,"(4, 512, 512)",0.0,1.0,0.5015878677368164,0.13153477013111115,5
/home/grva-mintcave/Projects/Facies/Dataset/facies/tiles/images/img_02276.npy,/home/grva-mintcave/Projects/Facies/Dataset/facies/tiles/masks/img_02276.npy,"(4, 512, 512)",0.0,1.0,0.5021933317184448,0.17906592786312103,5
/home/grva-mintcave/Projects/Facies/Dataset/facies/tiles/images/img_02277.npy,/home/grva-mintcave/Projects/Facies/Dataset/facies/tiles/masks/img_02277.npy,"(4, 512, 512)",0.0,1.0,0.49890080094337463,0.16713228821754456,5
/home/grva-mintcave/Projects/Facies/Dataset/facies/tiles/images/img_02278.npy,/home/grva-mintcave/Projects/Facies/Dataset/facies/tiles/masks/img_02278.npy,"(4, 512, 512)",0.0,1.0,0.5052912831306458,0.14972595870494843,5
/home/grva-mintcave/Projects/Facies/Dataset/facies/tiles/images/img_02279.npy,/home/grva-mintcave/Projects/Facies/Dataset/facies/tiles/masks/img_02279.npy,"(4, 512, 512)",0.0,1.0,0.5052745938301086,0.14907878637313843,4
/home/grva-mintcave/Projects/Facies/Dataset/facies/tiles/images/img_02280.npy,/home/grva-mintcave/Projects/Facies/Dataset/facies/tiles/masks/img_02280.npy,"(4, 512, 512)",0.0,1.0,0.5026805400848389,0.12205955386161804,5
/home/grva-mintcave/Projects/Facies/Dataset/facies/tiles/images/img_02281.npy,/home/grva-mintcave/Projects/Facies/Dataset/facies/tiles/masks/img_02281.npy,"(4, 512, 512)",0.0,1.0,0.5011308789253235,0.1751534640789032,5
/home/grva-mintcave/Projects/Facies/Dataset/facies/tiles/images/img_02282.npy,/home/grva-mintcave/Projects/Facies/Dataset/facies/tiles/masks/img_02282.npy,"(4, 512, 512)",0.0,1.0,0.5027055740356445,0.1320231705904007,5
/home/grva-mintcave/Projects/Facies/Dataset/facies/tiles/images/img_02283.npy,/home/grva-mintcave/Projects/Facies/Dataset/facies/tiles/masks/img_02283.npy,"(4, 512, 512)",0.0,1.0,0.5049655437469482,0.11523902416229248,5
/home/grva-mintcave/Projects/Facies/Dataset/facies/tiles/images/img_02284.npy,/home/grva-mintcave/Projects/Facies/Dataset/facies/tiles/masks/img_02284.npy,"(4, 512, 512)",0.0,1.0,0.504964292049408,0.1149931401014328,4
/home/grva-mintcave/Projects/Facies/Dataset/facies/tiles/images/img_02285.npy,/home/grva-mintcave/Projects/Facies/Dataset/facies/tiles/masks/img_02285.npy,"(4, 512, 512)",0.0,1.0,0.5012941360473633,0.12672489881515503,5
/home/grva-mintcave/Projects/Facies/Dataset/facies/tiles/images/img_02286.npy,/home/grva-mintcave/Projects/Facies/Dataset/facies/tiles/masks/img_02286.npy,"(4, 512, 512)",0.0,1.0,0.501921534538269,0.1833449751138687,5
/home/grva-mintcave/Projects/Facies/Dataset/facies/tiles/images/img_02287.npy,/home/grva-mintcave/Projects/Facies/Dataset/facies/tiles/masks/img_02287.npy,"(4, 512, 512)",0.0,1.0,0.5019702911376953,0.1701042205095291,5
/home/grva-mintcave/Projects/Facies/Dataset/facies/tiles/images/img_02288.npy,/home/grva-mintcave/Projects/Facies/Dataset/facies/tiles/masks/img_02288.npy,"(4, 512, 512)",0.0,1.0,0.5041931867599487,0.15553590655326843,5
/home/grva-mintcave/Projects/Facies/Dataset/facies/tiles/images/img_02289.npy,/home/grva-mintcave/Projects/Facies/Dataset/facies/tiles/masks/img_02289.npy,"(4, 512, 512)",0.0,1.0,0.504220724105835,0.15507519245147705,4
/home/grva-mintcave/Projects/Facies/Dataset/facies/tiles/images/img_02290.npy,/home/grva-mintcave/Projects/Facies/Dataset/facies/tiles/masks/img_02290.npy,"(4, 512, 512)",0.0,1.0,0.5025861263275146,0.12734811007976532,5
/home/grva-mintcave/Projects/Facies/Dataset/facies/tiles/images/img_02291.npy,/home/grva-mintcave/Projects/Facies/Dataset/facies/tiles/masks/img_02291.npy,"(4, 512, 512)",0.0,1.0,0.5013895630836487,0.17588898539543152,5
/home/grva-mintcave/Projects/Facies/Dataset/facies/tiles/images/img_02292.npy,/home/grva-mintcave/Projects/Facies/Dataset/facies/tiles/masks/img_02292.npy,"(4, 512, 512)",0.0,1.0,0.5021299719810486,0.1363191455602646,5
/home/grva-mintcave/Projects/Facies/Dataset/facies/tiles/images/img_02293.npy,/home/grva-mintcave/Projects/Facies/Dataset/facies/tiles/masks/img_02293.npy,"(4, 512, 512)",0.0,1.0,0.5048128962516785,0.12372051179409027,5
/home/grva-mintcave/Projects/Facies/Dataset/facies/tiles/images/img_02294.npy,/home/grva-mintcave/Projects/Facies/Dataset/facies/tiles/masks/img_02294.npy,"(4, 512, 512)",0.0,1.0,0.5048128366470337,0.12350942939519882,4
/home/grva-mintcave/Projects/Facies/Dataset/facies/tiles/images/img_02295.npy,/home/grva-mintcave/Projects/Facies/Dataset/facies/tiles/masks/img_02295.npy,"(4, 512, 512)",0.0,1.0,0.501139760017395,0.13226057589054108,5
/home/grva-mintcave/Projects/Facies/Dataset/facies/tiles/images/img_02296.npy,/home/grva-mintcave/Projects/Facies/Dataset/facies/tiles/masks/img_02296.npy,"(4, 512, 512)",0.0,1.0,0.50162672996521,0.18293578922748566,5
/home/grva-mintcave/Projects/Facies/Dataset/facies/tiles/images/img_02297.npy,/home/grva-mintcave/Projects/Facies/Dataset/facies/tiles/masks/img_02297.npy,"(4, 512, 512)",0.0,1.0,0.5021443367004395,0.17424730956554413,5
/home/grva-mintcave/Projects/Facies/Dataset/facies/tiles/images/img_02298.npy,/home/grva-mintcave/Projects/Facies/Dataset/facies/tiles/masks/img_02298.npy,"(4, 512, 512)",0.0,1.0,0.5030794739723206,0.16537410020828247,5
/home/grva-mintcave/Projects/Facies/Dataset/facies/tiles/images/img_02299.npy,/home/grva-mintcave/Projects/Facies/Dataset/facies/tiles/masks/img_02299.npy,"(4, 512, 512)",0.0,1.0,0.503118634223938,0.16499002277851105,4
/home/grva-mintcave/Projects/Facies/Dataset/facies/tiles/images/img_02300.npy,/home/grva-mintcave/Projects/Facies/Dataset/facies/tiles/masks/img_02300.npy,"(4, 512, 512)",0.0,1.0,0.5026180744171143,0.14353753626346588,5
/home/grva-mintcave/Projects/Facies/Dataset/facies/tiles/images/img_02301.npy,/home/grva-mintcave/Projects/Facies/Dataset/facies/tiles/masks/img_02301.npy,"(4, 512, 512)",0.0,1.0,0.501999020576477,0.1722000688314438,5
/home/grva-mintcave/Projects/Facies/Dataset/facies/tiles/images/img_02302.npy,/home/grva-mintcave/Projects/Facies/Dataset/facies/tiles/masks/img_02302.npy,"(4, 512, 512)",0.0,1.0,0.5015751719474792,0.13735418021678925,5
/home/grva-mintcave/Projects/Facies/Dataset/facies/tiles/images/img_02303.npy,/home/grva-mintcave/Projects/Facies/Dataset/facies/tiles/masks/img_02303.npy,"(4, 512, 512)",0.0,1.0,0.5043620467185974,0.1202661320567131,5
/home/grva-mintcave/Projects/Facies/Dataset/facies/tiles/images/img_02304.npy,/home/grva-mintcave/Projects/Facies/Dataset/facies/tiles/masks/img_02304.npy,"(4, 512, 512)",0.0,1.0,0.5043513178825378,0.12009364366531372,4
/home/grva-mintcave/Projects/Facies/Dataset/facies/tiles/images/img_02305.npy,/home/grva-mintcave/Projects/Facies/Dataset/facies/tiles/masks/img_02305.npy,"(4, 512, 512)",0.0,1.0,0.5014160871505737,0.1496717929840088,5
/home/grva-mintcave/Projects/Facies/Dataset/facies/tiles/images/img_02306.npy,/home/grva-mintcave/Projects/Facies/Dataset/facies/tiles/masks/img_02306.npy,"(4, 512, 512)",0.0,1.0,0.5022261738777161,0.17926143109798431,5
/home/grva-mintcave/Projects/Facies/Dataset/facies/tiles/images/img_02307.npy,/home/grva-mintcave/Projects/Facies/Dataset/facies/tiles/masks/img_02307.npy,"(4, 512, 512)",0.0,1.0,0.5021456480026245,0.17205484211444855,5
/home/grva-mintcave/Projects/Facies/Dataset/facies/tiles/images/img_02308.npy,/home/grva-mintcave/Projects/Facies/Dataset/facies/tiles/masks/img_02308.npy,"(4, 512, 512)",0.0,1.0,0.5047738552093506,0.16198387742042542,5
/home/grva-mintcave/Projects/Facies/Dataset/facies/tiles/images/img_02309.npy,/home/grva-mintcave/Projects/Facies/Dataset/facies/tiles/masks/img_02309.npy,"(4, 512, 512)",0.0,1.0,0.5048263669013977,0.16161826252937317,4
/home/grva-mintcave/Projects/Facies/Dataset/facies/tiles/images/img_02310.npy,/home/grva-mintcave/Projects/Facies/Dataset/facies/tiles/masks/img_02310.npy,"(4, 512, 512)",0.0,1.0,0.5024743676185608,0.14863571524620056,5
/home/grva-mintcave/Projects/Facies/Dataset/facies/tiles/images/img_02311.npy,/home/grva-mintcave/Projects/Facies/Dataset/facies/tiles/masks/img_02311.npy,"(4, 512, 512)",0.0,1.0,0.5018174052238464,0.1759428232908249,5
/home/grva-mintcave/Projects/Facies/Dataset/facies/tiles/images/img_02312.npy,/home/grva-mintcave/Projects/Facies/Dataset/facies/tiles/masks/img_02312.npy,"(4, 512, 512)",0.0,1.0,0.5021278858184814,0.13387209177017212,5
/home/grva-mintcave/Projects/Facies/Dataset/facies/tiles/images/img_02313.npy,/home/grva-mintcave/Projects/Facies/Dataset/facies/tiles/masks/img_02313.npy,"(4, 512, 512)",0.0,1.0,0.5030691027641296,0.125222310423851,5
/home/grva-mintcave/Projects/Facies/Dataset/facies/tiles/images/img_02314.npy,/home/grva-mintcave/Projects/Facies/Dataset/facies/tiles/masks/img_02314.npy,"(4, 512, 512)",0.0,1.0,0.503073513507843,0.1250186413526535,4
/home/grva-mintcave/Projects/Facies/Dataset/facies/tiles/images/img_02315.npy,/home/grva-mintcave/Projects/Facies/Dataset/facies/tiles/masks/img_02315.npy,"(4, 512, 512)",0.0,1.0,0.5011386871337891,0.15822555124759674,5
/home/grva-mintcave/Projects/Facies/Dataset/facies/tiles/images/img_02316.npy,/home/grva-mintcave/Projects/Facies/Dataset/facies/tiles/masks/img_02316.npy,"(4, 512, 512)",0.0,1.0,0.5024850368499756,0.18237949907779694,5
/home/grva-mintcave/Projects/Facies/Dataset/facies/tiles/images/img_02317.npy,/home/grva-mintcave/Projects/Facies/Dataset/facies/tiles/masks/img_02317.npy,"(4, 512, 512)",0.0,1.0,0.5021432638168335,0.16855297982692719,5
/home/grva-mintcave/Projects/Facies/Dataset/facies/tiles/images/img_02318.npy,/home/grva-mintcave/Projects/Facies/Dataset/facies/tiles/masks/img_02318.npy,"(4, 512, 512)",0.0,1.0,0.5039069652557373,0.16480503976345062,5
/home/grva-mintcave/Projects/Facies/Dataset/facies/tiles/images/img_02319.npy,/home/grva-mintcave/Projects/Facies/Dataset/facies/tiles/masks/img_02319.npy,"(4, 512, 512)",0.0,1.0,0.5039443969726562,0.1643856018781662,4
/home/grva-mintcave/Projects/Facies/Dataset/facies/tiles/images/img_02320.npy,/home/grva-mintcave/Projects/Facies/Dataset/facies/tiles/masks/img_02320.npy,"(4, 512, 512)",0.0,1.0,0.5021596550941467,0.1535796970129013,5
/home/grva-mintcave/Projects/Facies/Dataset/facies/tiles/images/img_02321.npy,/home/grva-mintcave/Projects/Facies/Dataset/facies/tiles/masks/img_02321.npy,"(4, 512, 512)",0.0,1.0,0.5017748475074768,0.1825236678123474,5
/home/grva-mintcave/Projects/Facies/Dataset/facies/tiles/images/img_02322.npy,/home/grva-mintcave/Projects/Facies/Dataset/facies/tiles/masks/img_02322.npy,"(4, 512, 512)",0.0,1.0,0.502176821231842,0.12290073931217194,5
/home/grva-mintcave/Projects/Facies/Dataset/facies/tiles/images/img_02323.npy,/home/grva-mintcave/Projects/Facies/Dataset/facies/tiles/masks/img_02323.npy,"(4, 512, 512)",0.0,1.0,0.5030264854431152,0.12911024689674377,5
/home/grva-mintcave/Projects/Facies/Dataset/facies/tiles/images/img_02324.npy,/home/grva-mintcave/Projects/Facies/Dataset/facies/tiles/masks/img_02324.npy,"(4, 512, 512)",0.0,1.0,0.5030193328857422,0.12867730855941772,4
/home/grva-mintcave/Projects/Facies/Dataset/facies/tiles/images/img_02325.npy,/home/grva-mintcave/Projects/Facies/Dataset/facies/tiles/masks/img_02325.npy,"(4, 512, 512)",0.0,1.0,0.5007596611976624,0.16550274193286896,5
/home/grva-mintcave/Projects/Facies/Dataset/facies/tiles/images/img_02326.npy,/home/grva-mintcave/Projects/Facies/Dataset/facies/tiles/masks/img_02326.npy,"(4, 512, 512)",0.0,1.0,0.5023359060287476,0.18805864453315735,5
/home/grva-mintcave/Projects/Facies/Dataset/facies/tiles/images/img_02327.npy,/home/grva-mintcave/Projects/Facies/Dataset/facies/tiles/masks/img_02327.npy,"(4, 512, 512)",0.0,1.0,0.5014121532440186,0.15547968447208405,5
/home/grva-mintcave/Projects/Facies/Dataset/facies/tiles/images/img_02328.npy,/home/grva-mintcave/Projects/Facies/Dataset/facies/tiles/masks/img_02328.npy,"(4, 512, 512)",0.0,1.0,0.5024455189704895,0.16655182838439941,5
/home/grva-mintcave/Projects/Facies/Dataset/facies/tiles/images/img_02329.npy,/home/grva-mintcave/Projects/Facies/Dataset/facies/tiles/masks/img_02329.npy,"(4, 512, 512)",0.0,1.0,0.5024519562721252,0.16603483259677887,4
/home/grva-mintcave/Projects/Facies/Dataset/facies/tiles/images/img_02330.npy,/home/grva-mintcave/Projects/Facies/Dataset/facies/tiles/masks/img_02330.npy,"(4, 512, 512)",0.0,1.0,0.5022841691970825,0.1557348519563675,5
/home/grva-mintcave/Projects/Facies/Dataset/facies/tiles/images/img_02331.npy,/home/grva-mintcave/Projects/Facies/Dataset/facies/tiles/masks/img_02331.npy,"(4, 512, 512)",0.0,1.0,0.5022255182266235,0.18030379712581635,5
/home/grva-mintcave/Projects/Facies/Dataset/facies/tiles/images/img_02332.npy,/home/grva-mintcave/Projects/Facies/Dataset/facies/tiles/masks/img_02332.npy,"(4, 512, 512)",0.0,1.0,0.5019859671592712,0.12538284063339233,5
/home/grva-mintcave/Projects/Facies/Dataset/facies/tiles/images/img_02333.npy,/home/grva-mintcave/Projects/Facies/Dataset/facies/tiles/masks/img_02333.npy,"(4, 512, 512)",0.0,1.0,0.5032580494880676,0.13418824970722198,5
/home/grva-mintcave/Projects/Facies/Dataset/facies/tiles/images/img_02334.npy,/home/grva-mintcave/Projects/Facies/Dataset/facies/tiles/masks/img_02334.npy,"(4, 512, 512)",0.0,1.0,0.5032613277435303,0.13380013406276703,4
/home/grva-mintcave/Projects/Facies/Dataset/facies/tiles/images/img_02335.npy,/home/grva-mintcave/Projects/Facies/Dataset/facies/tiles/masks/img_02335.npy,"(4, 512, 512)",0.0,1.0,0.5005550384521484,0.16700932383537292,5
/home/grva-mintcave/Projects/Facies/Dataset/facies/tiles/images/img_02336.npy,/home/grva-mintcave/Projects/Facies/Dataset/facies/tiles/masks/img_02336.npy,"(4, 512, 512)",0.0,1.0,0.5019106268882751,0.18528267741203308,5
/home/grva-mintcave/Projects/Facies/Dataset/facies/tiles/images/img_02337.npy,/home/grva-mintcave/Projects/Facies/Dataset/facies/tiles/masks/img_02337.npy,"(4, 512, 512)",0.0,1.0,0.5013470649719238,0.15615685284137726,5
/home/grva-mintcave/Projects/Facies/Dataset/facies/tiles/images/img_02338.npy,/home/grva-mintcave/Projects/Facies/Dataset/facies/tiles/masks/img_02338.npy,"(4, 512, 512)",0.0,1.0,0.5018585324287415,0.17606517672538757,5
/home/grva-mintcave/Projects/Facies/Dataset/facies/tiles/images/img_02339.npy,/home/grva-mintcave/Projects/Facies/Dataset/facies/tiles/masks/img_02339.npy,"(4, 512, 512)",0.0,1.0,0.5018399953842163,0.1756441295146942,4
/home/grva-mintcave/Projects/Facies/Dataset/facies/tiles/images/img_02340.npy,/home/grva-mintcave/Projects/Facies/Dataset/facies/tiles/masks/img_02340.npy,"(4, 512, 512)",0.0,1.0,0.502460241317749,0.15361930429935455,5
/home/grva-mintcave/Projects/Facies/Dataset/facies/tiles/images/img_02341.npy,/home/grva-mintcave/Projects/Facies/Dataset/facies/tiles/masks/img_02341.npy,"(4, 512, 512)",0.0,1.0,0.5018780827522278,0.17915302515029907,5
/home/grva-mintcave/Projects/Facies/Dataset/facies/tiles/images/img_02342.npy,/home/grva-mintcave/Projects/Facies/Dataset/facies/tiles/masks/img_02342.npy,"(4, 512, 512)",0.0,1.0,0.5022690296173096,0.1335037499666214,5
/home/grva-mintcave/Projects/Facies/Dataset/facies/tiles/images/img_02343.npy,/home/grva-mintcave/Projects/Facies/Dataset/facies/tiles/masks/img_02343.npy,"(4, 512, 512)",0.0,1.0,0.5039560794830322,0.1384379267692566,5
/home/grva-mintcave/Projects/Facies/Dataset/facies/tiles/images/img_02344.npy,/home/grva-mintcave/Projects/Facies/Dataset/facies/tiles/masks/img_02344.npy,"(4, 512, 512)",0.0,1.0,0.5039587020874023,0.13793250918388367,4
/home/grva-mintcave/Projects/Facies/Dataset/facies/tiles/images/img_02345.npy,/home/grva-mintcave/Projects/Facies/Dataset/facies/tiles/masks/img_02345.npy,"(4, 512, 512)",0.0,1.0,0.5005271434783936,0.16321419179439545,5
/home/grva-mintcave/Projects/Facies/Dataset/facies/tiles/images/img_02346.npy,/home/grva-mintcave/Projects/Facies/Dataset/facies/tiles/masks/img_02346.npy,"(4, 512, 512)",0.0,1.0,0.5024429559707642,0.1839151382446289,5
/home/grva-mintcave/Projects/Facies/Dataset/facies/tiles/images/img_02347.npy,/home/grva-mintcave/Projects/Facies/Dataset/facies/tiles/masks/img_02347.npy,"(4, 512, 512)",0.0,1.0,0.49990585446357727,0.16769511997699738,5
/home/grva-mintcave/Projects/Facies/Dataset/facies/tiles/images/img_02348.npy,/home/grva-mintcave/Projects/Facies/Dataset/facies/tiles/masks/img_02348.npy,"(4, 512, 512)",0.0,1.0,0.5031651854515076,0.18211665749549866,5
/home/grva-mintcave/Projects/Facies/Dataset/facies/tiles/images/img_02349.npy,/home/grva-mintcave/Projects/Facies/Dataset/facies/tiles/masks/img_02349.npy,"(4, 512, 512)",0.0,1.0,0.5031588077545166,0.18163928389549255,4
/home/grva-mintcave/Projects/Facies/Dataset/facies/tiles/images/img_02350.npy,/home/grva-mintcave/Projects/Facies/Dataset/facies/tiles/masks/img_02350.npy,"(4, 512, 512)",0.0,1.0,0.5021758675575256,0.14962711930274963,5
/home/grva-mintcave/Projects/Facies/Dataset/facies/tiles/images/img_02351.npy,/home/grva-mintcave/Projects/Facies/Dataset/facies/tiles/masks/img_02351.npy,"(4, 512, 512)",0.0,1.0,0.5014927983283997,0.18064293265342712,5
/home/grva-mintcave/Projects/Facies/Dataset/facies/tiles/images/img_02352.npy,/home/grva-mintcave/Projects/Facies/Dataset/facies/tiles/masks/img_02352.npy,"(4, 512, 512)",0.0,1.0,0.5023852586746216,0.14157500863075256,5
/home/grva-mintcave/Projects/Facies/Dataset/facies/tiles/images/img_02353.npy,/home/grva-mintcave/Projects/Facies/Dataset/facies/tiles/masks/img_02353.npy,"(4, 512, 512)",0.0,1.0,0.5043529272079468,0.135604128241539,5
/home/grva-mintcave/Projects/Facies/Dataset/facies/tiles/images/img_02354.npy,/home/grva-mintcave/Projects/Facies/Dataset/facies/tiles/masks/img_02354.npy,"(4, 512, 512)",0.0,1.0,0.5043458938598633,0.13521404564380646,4
/home/grva-mintcave/Projects/Facies/Dataset/facies/tiles/images/img_02355.npy,/home/grva-mintcave/Projects/Facies/Dataset/facies/tiles/masks/img_02355.npy,"(4, 512, 512)",0.0,1.0,0.500317394733429,0.15881605446338654,5
/home/grva-mintcave/Projects/Facies/Dataset/facies/tiles/images/img_02356.npy,/home/grva-mintcave/Projects/Facies/Dataset/facies/tiles/masks/img_02356.npy,"(4, 512, 512)",0.0,1.0,0.5028131604194641,0.18532179296016693,5
/home/grva-mintcave/Projects/Facies/Dataset/facies/tiles/images/img_02357.npy,/home/grva-mintcave/Projects/Facies/Dataset/facies/tiles/masks/img_02357.npy,"(4, 512, 512)",0.0,1.0,0.5007946491241455,0.17646470665931702,5
/home/grva-mintcave/Projects/Facies/Dataset/facies/tiles/images/img_02358.npy,/home/grva-mintcave/Projects/Facies/Dataset/facies/tiles/masks/img_02358.npy,"(4, 512, 512)",0.0,1.0,0.5029351115226746,0.17897433042526245,5
/home/grva-mintcave/Projects/Facies/Dataset/facies/tiles/images/img_02359.npy,/home/grva-mintcave/Projects/Facies/Dataset/facies/tiles/masks/img_02359.npy,"(4, 512, 512)",0.0,1.0,0.5029488205909729,0.17844301462173462,4
/home/grva-mintcave/Projects/Facies/Dataset/facies/tiles/images/img_02360.npy,/home/grva-mintcave/Projects/Facies/Dataset/facies/tiles/masks/img_02360.npy,"(4, 512, 512)",0.0,1.0,0.5022872686386108,0.1481933444738388,5
/home/grva-mintcave/Projects/Facies/Dataset/facies/tiles/images/img_02361.npy,/home/grva-mintcave/Projects/Facies/Dataset/facies/tiles/masks/img_02361.npy,"(4, 512, 512)",0.0,1.0,0.5012657642364502,0.1843101978302002,5
/home/grva-mintcave/Projects/Facies/Dataset/facies/tiles/images/img_02362.npy,/home/grva-mintcave/Projects/Facies/Dataset/facies/tiles/masks/img_02362.npy,"(4, 512, 512)",0.0,1.0,0.5012961030006409,0.13752588629722595,5
/home/grva-mintcave/Projects/Facies/Dataset/facies/tiles/images/img_02363.npy,/home/grva-mintcave/Projects/Facies/Dataset/facies/tiles/masks/img_02363.npy,"(4, 512, 512)",0.0,1.0,0.5044553279876709,0.1378893405199051,5
/home/grva-mintcave/Projects/Facies/Dataset/facies/tiles/images/img_02364.npy,/home/grva-mintcave/Projects/Facies/Dataset/facies/tiles/masks/img_02364.npy,"(4, 512, 512)",0.0,1.0,0.5044465661048889,0.13744057714939117,4
/home/grva-mintcave/Projects/Facies/Dataset/facies/tiles/images/img_02365.npy,/home/grva-mintcave/Projects/Facies/Dataset/facies/tiles/masks/img_02365.npy,"(4, 512, 512)",0.0,1.0,0.5009536147117615,0.1580548733472824,5
/home/grva-mintcave/Projects/Facies/Dataset/facies/tiles/images/img_02366.npy,/home/grva-mintcave/Projects/Facies/Dataset/facies/tiles/masks/img_02366.npy,"(4, 512, 512)",0.0,1.0,0.5028526782989502,0.18869923055171967,5
/home/grva-mintcave/Projects/Facies/Dataset/facies/tiles/images/img_02367.npy,/home/grva-mintcave/Projects/Facies/Dataset/facies/tiles/masks/img_02367.npy,"(4, 512, 512)",0.0,1.0,0.49965524673461914,0.17367778718471527,5
/home/grva-mintcave/Projects/Facies/Dataset/facies/tiles/images/img_02368.npy,/home/grva-mintcave/Projects/Facies/Dataset/facies/tiles/masks/img_02368.npy,"(4, 512, 512)",0.0,1.0,0.5028244256973267,0.18328335881233215,5
/home/grva-mintcave/Projects/Facies/Dataset/facies/tiles/images/img_02369.npy,/home/grva-mintcave/Projects/Facies/Dataset/facies/tiles/masks/img_02369.npy,"(4, 512, 512)",0.0,1.0,0.5028137564659119,0.18286076188087463,4
/home/grva-mintcave/Projects/Facies/Dataset/facies/tiles/images/img_02370.npy,/home/grva-mintcave/Projects/Facies/Dataset/facies/tiles/masks/img_02370.npy,"(4, 512, 512)",0.0,1.0,0.5024290680885315,0.14550980925559998,5
/home/grva-mintcave/Projects/Facies/Dataset/facies/tiles/images/img_02371.npy,/home/grva-mintcave/Projects/Facies/Dataset/facies/tiles/masks/img_02371.npy,"(4, 512, 512)",0.0,1.0,0.5014410018920898,0.18595321476459503,5
/home/grva-mintcave/Projects/Facies/Dataset/facies/tiles/images/img_02372.npy,/home/grva-mintcave/Projects/Facies/Dataset/facies/tiles/masks/img_02372.npy,"(4, 512, 512)",0.0,1.0,0.5007202625274658,0.14907614886760712,5
/home/grva-mintcave/Projects/Facies/Dataset/facies/tiles/images/img_02373.npy,/home/grva-mintcave/Projects/Facies/Dataset/facies/tiles/masks/img_02373.npy,"(4, 512, 512)",0.0,1.0,0.5049027800559998,0.13997696340084076,5
/home/grva-mintcave/Projects/Facies/Dataset/facies/tiles/images/img_02374.npy,/home/grva-mintcave/Projects/Facies/Dataset/facies/tiles/masks/img_02374.npy,"(4, 512, 512)",0.0,1.0,0.5048990249633789,0.1397186517715454,4
/home/grva-mintcave/Projects/Facies/Dataset/facies/tiles/images/img_02375.npy,/home/grva-mintcave/Projects/Facies/Dataset/facies/tiles/masks/img_02375.npy,"(4, 512, 512)",0.0,1.0,0.5011724829673767,0.15545015037059784,5
/home/grva-mintcave/Projects/Facies/Dataset/facies/tiles/images/img_02376.npy,/home/grva-mintcave/Projects/Facies/Dataset/facies/tiles/masks/img_02376.npy,"(4, 512, 512)",0.0,1.0,0.5033906102180481,0.18913036584854126,5
/home/grva-mintcave/Projects/Facies/Dataset/facies/tiles/images/img_02377.npy,/home/grva-mintcave/Projects/Facies/Dataset/facies/tiles/masks/img_02377.npy,"(4, 512, 512)",0.0,1.0,0.500562310218811,0.1867801696062088,5
/home/grva-mintcave/Projects/Facies/Dataset/facies/tiles/images/img_02378.npy,/home/grva-mintcave/Projects/Facies/Dataset/facies/tiles/masks/img_02378.npy,"(4, 512, 512)",0.0,1.0,0.5048030018806458,0.19107475876808167,5
/home/grva-mintcave/Projects/Facies/Dataset/facies/tiles/images/img_02379.npy,/home/grva-mintcave/Projects/Facies/Dataset/facies/tiles/masks/img_02379.npy,"(4, 512, 512)",0.0,1.0,0.504791259765625,0.1908567249774933,4
/home/grva-mintcave/Projects/Facies/Dataset/facies/tiles/images/img_02380.npy,/home/grva-mintcave/Projects/Facies/Dataset/facies/tiles/masks/img_02380.npy,"(4, 512, 512)",0.0,1.0,0.5025536417961121,0.1455722600221634,5
/home/grva-mintcave/Projects/Facies/Dataset/facies/tiles/images/img_02381.npy,/home/grva-mintcave/Projects/Facies/Dataset/facies/tiles/masks/img_02381.npy,"(4, 512, 512)",0.0,1.0,0.5014647245407104,0.19109927117824554,5
/home/grva-mintcave/Projects/Facies/Dataset/facies/tiles/images/img_02382.npy,/home/grva-mintcave/Projects/Facies/Dataset/facies/tiles/masks/img_02382.npy,"(4, 512, 512)",0.0,1.0,0.5008476376533508,0.15307427942752838,5
/home/grva-mintcave/Projects/Facies/Dataset/facies/tiles/images/img_02383.npy,/home/grva-mintcave/Projects/Facies/Dataset/facies/tiles/masks/img_02383.npy,"(4, 512, 512)",0.0,1.0,0.5045574903488159,0.13794413208961487,5
/home/grva-mintcave/Projects/Facies/Dataset/facies/tiles/images/img_02384.npy,/home/grva-mintcave/Projects/Facies/Dataset/facies/tiles/masks/img_02384.npy,"(4, 512, 512)",0.0,1.0,0.5045477747917175,0.1376189887523651,4
/home/grva-mintcave/Projects/Facies/Dataset/facies/tiles/images/img_02385.npy,/home/grva-mintcave/Projects/Facies/Dataset/facies/tiles/masks/img_02385.npy,"(4, 512, 512)",0.0,1.0,0.5019011497497559,0.15427176654338837,5
/home/grva-mintcave/Projects/Facies/Dataset/facies/tiles/images/img_02386.npy,/home/grva-mintcave/Projects/Facies/Dataset/facies/tiles/masks/img_02386.npy,"(4, 512, 512)",0.0,1.0,0.5031707286834717,0.19410741329193115,5
/home/grva-mintcave/Projects/Facies/Dataset/facies/tiles/images/img_02387.npy,/home/grva-mintcave/Projects/Facies/Dataset/facies/tiles/masks/img_02387.npy,"(4, 512, 512)",0.0,1.0,0.501735270023346,0.19298817217350006,5
/home/grva-mintcave/Projects/Facies/Dataset/facies/tiles/images/img_02388.npy,/home/grva-mintcave/Projects/Facies/Dataset/facies/tiles/masks/img_02388.npy,"(4, 512, 512)",0.0,1.0,0.5057839155197144,0.18825240433216095,5
/home/grva-mintcave/Projects/Facies/Dataset/facies/tiles/images/img_02389.npy,/home/grva-mintcave/Projects/Facies/Dataset/facies/tiles/masks/img_02389.npy,"(4, 512, 512)",0.0,1.0,0.5057576894760132,0.18799027800559998,4
/home/grva-mintcave/Projects/Facies/Dataset/facies/tiles/images/img_02390.npy,/home/grva-mintcave/Projects/Facies/Dataset/facies/tiles/masks/img_02390.npy,"(4, 512, 512)",0.0,1.0,0.5023786425590515,0.14946000277996063,5
/home/grva-mintcave/Projects/Facies/Dataset/facies/tiles/images/img_02391.npy,/home/grva-mintcave/Projects/Facies/Dataset/facies/tiles/masks/img_02391.npy,"(4, 512, 512)",0.0,1.0,0.5017798542976379,0.19602122902870178,5
/home/grva-mintcave/Projects/Facies/Dataset/facies/tiles/images/img_02392.npy,/home/grva-mintcave/Projects/Facies/Dataset/facies/tiles/masks/img_02392.npy,"(4, 512, 512)",0.0,1.0,0.5012399554252625,0.15729033946990967,5
/home/grva-mintcave/Projects/Facies/Dataset/facies/tiles/images/img_02393.npy,/home/grva-mintcave/Projects/Facies/Dataset/facies/tiles/masks/img_02393.npy,"(4, 512, 512)",0.0,1.0,0.5043712854385376,0.13186858594417572,5
/home/grva-mintcave/Projects/Facies/Dataset/facies/tiles/images/img_02394.npy,/home/grva-mintcave/Projects/Facies/Dataset/facies/tiles/masks/img_02394.npy,"(4, 512, 512)",0.0,1.0,0.5043632388114929,0.1316654533147812,4
/home/grva-mintcave/Projects/Facies/Dataset/facies/tiles/images/img_02395.npy,/home/grva-mintcave/Projects/Facies/Dataset/facies/tiles/masks/img_02395.npy,"(4, 512, 512)",0.0,1.0,0.5022668838500977,0.15741991996765137,5
/home/grva-mintcave/Projects/Facies/Dataset/facies/tiles/images/img_02396.npy,/home/grva-mintcave/Projects/Facies/Dataset/facies/tiles/masks/img_02396.npy,"(4, 512, 512)",0.0,1.0,0.5022706389427185,0.19782735407352448,5
/home/grva-mintcave/Projects/Facies/Dataset/facies/tiles/images/img_02397.npy,/home/grva-mintcave/Projects/Facies/Dataset/facies/tiles/masks/img_02397.npy,"(4, 512, 512)",0.0,1.0,0.5023821592330933,0.19961808621883392,5
/home/grva-mintcave/Projects/Facies/Dataset/facies/tiles/images/img_02398.npy,/home/grva-mintcave/Projects/Facies/Dataset/facies/tiles/masks/img_02398.npy,"(4, 512, 512)",0.0,1.0,0.5083723664283752,0.18022947013378143,5
/home/grva-mintcave/Projects/Facies/Dataset/facies/tiles/images/img_02399.npy,/home/grva-mintcave/Projects/Facies/Dataset/facies/tiles/masks/img_02399.npy,"(4, 512, 512)",0.0,1.0,0.5083717703819275,0.18003250658512115,4
/home/grva-mintcave/Projects/Facies/Dataset/facies/tiles/images/img_02400.npy,/home/grva-mintcave/Projects/Facies/Dataset/facies/tiles/masks/img_02400.npy,"(4, 512, 512)",0.0,1.0,0.5020755529403687,0.14728453755378723,5
/home/grva-mintcave/Projects/Facies/Dataset/facies/tiles/images/img_02401.npy,/home/grva-mintcave/Projects/Facies/Dataset/facies/tiles/masks/img_02401.npy,"(4, 512, 512)",0.0,1.0,0.5024681687355042,0.20255307853221893,5
/home/grva-mintcave/Projects/Facies/Dataset/facies/tiles/images/img_02402.npy,/home/grva-mintcave/Projects/Facies/Dataset/facies/tiles/masks/img_02402.npy,"(4, 512, 512)",0.0,1.0,0.501866340637207,0.1508989781141281,5
/home/grva-mintcave/Projects/Facies/Dataset/facies/tiles/images/img_02403.npy,/home/grva-mintcave/Projects/Facies/Dataset/facies/tiles/masks/img_02403.npy,"(4, 512, 512)",0.0,1.0,0.5043296217918396,0.13410153985023499,5
/home/grva-mintcave/Projects/Facies/Dataset/facies/tiles/images/img_02404.npy,/home/grva-mintcave/Projects/Facies/Dataset/facies/tiles/masks/img_02404.npy,"(4, 512, 512)",0.0,1.0,0.504322350025177,0.13394895195960999,4
/home/grva-mintcave/Projects/Facies/Dataset/facies/tiles/images/img_02405.npy,/home/grva-mintcave/Projects/Facies/Dataset/facies/tiles/masks/img_02405.npy,"(4, 512, 512)",0.0,1.0,0.5022467374801636,0.15483887493610382,5
/home/grva-mintcave/Projects/Facies/Dataset/facies/tiles/images/img_02406.npy,/home/grva-mintcave/Projects/Facies/Dataset/facies/tiles/masks/img_02406.npy,"(4, 512, 512)",0.0,1.0,0.5019972920417786,0.2049339860677719,5
/home/grva-mintcave/Projects/Facies/Dataset/facies/tiles/images/img_02407.npy,/home/grva-mintcave/Projects/Facies/Dataset/facies/tiles/masks/img_02407.npy,"(4, 512, 512)",0.0,1.0,0.5021588802337646,0.1942138522863388,5
/home/grva-mintcave/Projects/Facies/Dataset/facies/tiles/images/img_02408.npy,/home/grva-mintcave/Projects/Facies/Dataset/facies/tiles/masks/img_02408.npy,"(4, 512, 512)",0.0,1.0,0.5075430870056152,0.18510960042476654,5
/home/grva-mintcave/Projects/Facies/Dataset/facies/tiles/images/img_02409.npy,/home/grva-mintcave/Projects/Facies/Dataset/facies/tiles/masks/img_02409.npy,"(4, 512, 512)",0.0,1.0,0.507559597492218,0.184859037399292,4
/home/grva-mintcave/Projects/Facies/Dataset/facies/tiles/images/img_02410.npy,/home/grva-mintcave/Projects/Facies/Dataset/facies/tiles/masks/img_02410.npy,"(4, 512, 512)",0.0,1.0,0.5019489526748657,0.15261414647102356,5
/home/grva-mintcave/Projects/Facies/Dataset/facies/tiles/images/img_02411.npy,/home/grva-mintcave/Projects/Facies/Dataset/facies/tiles/masks/img_02411.npy,"(4, 512, 512)",0.0,1.0,0.5033494234085083,0.2001897394657135,5
/home/grva-mintcave/Projects/Facies/Dataset/facies/tiles/images/img_02412.npy,/home/grva-mintcave/Projects/Facies/Dataset/facies/tiles/masks/img_02412.npy,"(4, 512, 512)",0.0,1.0,0.5020453333854675,0.14059650897979736,5
/home/grva-mintcave/Projects/Facies/Dataset/facies/tiles/images/img_02413.npy,/home/grva-mintcave/Projects/Facies/Dataset/facies/tiles/masks/img_02413.npy,"(4, 512, 512)",0.0,1.0,0.5034231543540955,0.12748293578624725,5
/home/grva-mintcave/Projects/Facies/Dataset/facies/tiles/images/img_02414.npy,/home/grva-mintcave/Projects/Facies/Dataset/facies/tiles/masks/img_02414.npy,"(4, 512, 512)",0.0,1.0,0.5034108757972717,0.12735535204410553,4
/home/grva-mintcave/Projects/Facies/Dataset/facies/tiles/images/img_02415.npy,/home/grva-mintcave/Projects/Facies/Dataset/facies/tiles/masks/img_02415.npy,"(4, 512, 512)",0.0,1.0,0.5029932856559753,0.1604897379875183,5
/home/grva-mintcave/Projects/Facies/Dataset/facies/tiles/images/img_02416.npy,/home/grva-mintcave/Projects/Facies/Dataset/facies/tiles/masks/img_02416.npy,"(4, 512, 512)",0.0,1.0,0.5024460554122925,0.20307423174381256,5
/home/grva-mintcave/Projects/Facies/Dataset/facies/tiles/images/img_02417.npy,/home/grva-mintcave/Projects/Facies/Dataset/facies/tiles/masks/img_02417.npy,"(4, 512, 512)",0.0,1.0,0.5022859573364258,0.18443256616592407,5
/home/grva-mintcave/Projects/Facies/Dataset/facies/tiles/images/img_02418.npy,/home/grva-mintcave/Projects/Facies/Dataset/facies/tiles/masks/img_02418.npy,"(4, 512, 512)",0.0,1.0,0.50531005859375,0.17719589173793793,5
/home/grva-mintcave/Projects/Facies/Dataset/facies/tiles/images/img_02419.npy,/home/grva-mintcave/Projects/Facies/Dataset/facies/tiles/masks/img_02419.npy,"(4, 512, 512)",0.0,1.0,0.5053539872169495,0.17679311335086823,4
/home/grva-mintcave/Projects/Facies/Dataset/facies/tiles/images/img_02420.npy,/home/grva-mintcave/Projects/Facies/Dataset/facies/tiles/masks/img_02420.npy,"(4, 512, 512)",0.0,1.0,0.5019909143447876,0.1533297747373581,5
/home/grva-mintcave/Projects/Facies/Dataset/facies/tiles/images/img_02421.npy,/home/grva-mintcave/Projects/Facies/Dataset/facies/tiles/masks/img_02421.npy,"(4, 512, 512)",0.0,1.0,0.5034956932067871,0.19538487493991852,5
/home/grva-mintcave/Projects/Facies/Dataset/facies/tiles/images/img_02422.npy,/home/grva-mintcave/Projects/Facies/Dataset/facies/tiles/masks/img_02422.npy,"(4, 512, 512)",0.0,1.0,0.5025037527084351,0.13359993696212769,5
/home/grva-mintcave/Projects/Facies/Dataset/facies/tiles/images/img_02423.npy,/home/grva-mintcave/Projects/Facies/Dataset/facies/tiles/masks/img_02423.npy,"(4, 512, 512)",0.0,1.0,0.5033474564552307,0.11969944834709167,5
/home/grva-mintcave/Projects/Facies/Dataset/facies/tiles/images/img_02424.npy,/home/grva-mintcave/Projects/Facies/Dataset/facies/tiles/masks/img_02424.npy,"(4, 512, 512)",0.0,1.0,0.5033315420150757,0.11953288316726685,4
/home/grva-mintcave/Projects/Facies/Dataset/facies/tiles/images/img_02425.npy,/home/grva-mintcave/Projects/Facies/Dataset/facies/tiles/masks/img_02425.npy,"(4, 512, 512)",0.0,1.0,0.5032103657722473,0.16087216138839722,5
/home/grva-mintcave/Projects/Facies/Dataset/facies/tiles/images/img_02426.npy,/home/grva-mintcave/Projects/Facies/Dataset/facies/tiles/masks/img_02426.npy,"(4, 512, 512)",0.0,1.0,0.5018669962882996,0.1994371861219406,5
/home/grva-mintcave/Projects/Facies/Dataset/facies/tiles/images/img_02427.npy,/home/grva-mintcave/Projects/Facies/Dataset/facies/tiles/masks/img_02427.npy,"(4, 512, 512)",0.0,1.0,0.5017613768577576,0.1804714798927307,5
/home/grva-mintcave/Projects/Facies/Dataset/facies/tiles/images/img_02428.npy,/home/grva-mintcave/Projects/Facies/Dataset/facies/tiles/masks/img_02428.npy,"(4, 512, 512)",0.0,1.0,0.5033982992172241,0.17034181952476501,5
/home/grva-mintcave/Projects/Facies/Dataset/facies/tiles/images/img_02429.npy,/home/grva-mintcave/Projects/Facies/Dataset/facies/tiles/masks/img_02429.npy,"(4, 512, 512)",0.0,1.0,0.503405749797821,0.1700814962387085,4
/home/grva-mintcave/Projects/Facies/Dataset/facies/tiles/images/img_02430.npy,/home/grva-mintcave/Projects/Facies/Dataset/facies/tiles/masks/img_02430.npy,"(4, 512, 512)",0.0,1.0,0.5020661950111389,0.15339121222496033,5
/home/grva-mintcave/Projects/Facies/Dataset/facies/tiles/images/img_02431.npy,/home/grva-mintcave/Projects/Facies/Dataset/facies/tiles/masks/img_02431.npy,"(4, 512, 512)",0.0,1.0,0.5026207566261292,0.19754454493522644,5
/home/grva-mintcave/Projects/Facies/Dataset/facies/tiles/images/img_02432.npy,/home/grva-mintcave/Projects/Facies/Dataset/facies/tiles/masks/img_02432.npy,"(4, 512, 512)",0.0,1.0,0.5033832788467407,0.12811850011348724,5
/home/grva-mintcave/Projects/Facies/Dataset/facies/tiles/images/img_02433.npy,/home/grva-mintcave/Projects/Facies/Dataset/facies/tiles/masks/img_02433.npy,"(4, 512, 512)",0.0,1.0,0.5031175017356873,0.10772605985403061,5
/home/grva-mintcave/Projects/Facies/Dataset/facies/tiles/images/img_02434.npy,/home/grva-mintcave/Projects/Facies/Dataset/facies/tiles/masks/img_02434.npy,"(4, 512, 512)",0.0,1.0,0.5031079649925232,0.10750526934862137,4
/home/grva-mintcave/Projects/Facies/Dataset/facies/tiles/images/img_02435.npy,/home/grva-mintcave/Projects/Facies/Dataset/facies/tiles/masks/img_02435.npy,"(4, 512, 512)",0.0,1.0,0.5033783316612244,0.1608755737543106,5
/home/grva-mintcave/Projects/Facies/Dataset/facies/tiles/images/img_02436.npy,/home/grva-mintcave/Projects/Facies/Dataset/facies/tiles/masks/img_02436.npy,"(4, 512, 512)",0.0,1.0,0.501250147819519,0.20155270397663116,5
/home/grva-mintcave/Projects/Facies/Dataset/facies/tiles/images/img_02437.npy,/home/grva-mintcave/Projects/Facies/Dataset/facies/tiles/masks/img_02437.npy,"(4, 512, 512)",0.0,1.0,0.5020261406898499,0.1777469664812088,5
/home/grva-mintcave/Projects/Facies/Dataset/facies/tiles/images/img_02438.npy,/home/grva-mintcave/Projects/Facies/Dataset/facies/tiles/masks/img_02438.npy,"(4, 512, 512)",0.0,1.0,0.5025593042373657,0.16761772334575653,5
/home/grva-mintcave/Projects/Facies/Dataset/facies/tiles/images/img_02439.npy,/home/grva-mintcave/Projects/Facies/Dataset/facies/tiles/masks/img_02439.npy,"(4, 512, 512)",0.0,1.0,0.5025206804275513,0.16742084920406342,4
/home/grva-mintcave/Projects/Facies/Dataset/facies/tiles/images/img_02440.npy,/home/grva-mintcave/Projects/Facies/Dataset/facies/tiles/masks/img_02440.npy,"(4, 512, 512)",0.0,1.0,0.5020264983177185,0.14941181242465973,5
/home/grva-mintcave/Projects/Facies/Dataset/facies/tiles/images/img_02441.npy,/home/grva-mintcave/Projects/Facies/Dataset/facies/tiles/masks/img_02441.npy,"(4, 512, 512)",0.0,1.0,0.5019590854644775,0.1891069859266281,5
/home/grva-mintcave/Projects/Facies/Dataset/facies/tiles/images/img_02442.npy,/home/grva-mintcave/Projects/Facies/Dataset/facies/tiles/masks/img_02442.npy,"(4, 512, 512)",0.0,1.0,0.5036994218826294,0.12546725571155548,5
/home/grva-mintcave/Projects/Facies/Dataset/facies/tiles/images/img_02443.npy,/home/grva-mintcave/Projects/Facies/Dataset/facies/tiles/masks/img_02443.npy,"(4, 512, 512)",0.0,1.0,0.5032395124435425,0.10346284508705139,5
/home/grva-mintcave/Projects/Facies/Dataset/facies/tiles/images/img_02444.npy,/home/grva-mintcave/Projects/Facies/Dataset/facies/tiles/masks/img_02444.npy,"(4, 512, 512)",0.0,1.0,0.5032384395599365,0.10323452204465866,4
/home/grva-mintcave/Projects/Facies/Dataset/facies/tiles/images/img_02445.npy,/home/grva-mintcave/Projects/Facies/Dataset/facies/tiles/masks/img_02445.npy,"(4, 512, 512)",0.0,1.0,0.503531277179718,0.15887515246868134,5
/home/grva-mintcave/Projects/Facies/Dataset/facies/tiles/images/img_02446.npy,/home/grva-mintcave/Projects/Facies/Dataset/facies/tiles/masks/img_02446.npy,"(4, 512, 512)",0.0,1.0,0.500310480594635,0.19377686083316803,5
/home/grva-mintcave/Projects/Facies/Dataset/facies/tiles/images/img_02447.npy,/home/grva-mintcave/Projects/Facies/Dataset/facies/tiles/masks/img_02447.npy,"(4, 512, 512)",0.0,1.0,0.500503659248352,0.17832887172698975,5
/home/grva-mintcave/Projects/Facies/Dataset/facies/tiles/images/img_02448.npy,/home/grva-mintcave/Projects/Facies/Dataset/facies/tiles/masks/img_02448.npy,"(4, 512, 512)",0.0,1.0,0.5023446083068848,0.1644514799118042,5
/home/grva-mintcave/Projects/Facies/Dataset/facies/tiles/images/img_02449.npy,/home/grva-mintcave/Projects/Facies/Dataset/facies/tiles/masks/img_02449.npy,"(4, 512, 512)",0.0,1.0,0.502319872379303,0.1641187071800232,4
/home/grva-mintcave/Projects/Facies/Dataset/facies/tiles/images/img_02450.npy,/home/grva-mintcave/Projects/Facies/Dataset/facies/tiles/masks/img_02450.npy,"(4, 512, 512)",0.0,1.0,0.5022849440574646,0.13935355842113495,5
/home/grva-mintcave/Projects/Facies/Dataset/facies/tiles/images/img_02451.npy,/home/grva-mintcave/Projects/Facies/Dataset/facies/tiles/masks/img_02451.npy,"(4, 512, 512)",0.0,1.0,0.5026108026504517,0.18285726010799408,5
/home/grva-mintcave/Projects/Facies/Dataset/facies/tiles/images/img_02452.npy,/home/grva-mintcave/Projects/Facies/Dataset/facies/tiles/masks/img_02452.npy,"(4, 512, 512)",0.0,1.0,0.5037155151367188,0.13469727337360382,5
/home/grva-mintcave/Projects/Facies/Dataset/facies/tiles/images/img_02453.npy,/home/grva-mintcave/Projects/Facies/Dataset/facies/tiles/masks/img_02453.npy,"(4, 512, 512)",0.0,1.0,0.5028301477432251,0.09684595465660095,5
/home/grva-mintcave/Projects/Facies/Dataset/facies/tiles/images/img_02454.npy,/home/grva-mintcave/Projects/Facies/Dataset/facies/tiles/masks/img_02454.npy,"(4, 512, 512)",0.0,1.0,0.5028181672096252,0.09657562524080276,4
/home/grva-mintcave/Projects/Facies/Dataset/facies/tiles/images/img_02455.npy,/home/grva-mintcave/Projects/Facies/Dataset/facies/tiles/masks/img_02455.npy,"(4, 512, 512)",0.0,1.0,0.5033464431762695,0.15283338725566864,5
/home/grva-mintcave/Projects/Facies/Dataset/facies/tiles/images/img_02456.npy,/home/grva-mintcave/Projects/Facies/Dataset/facies/tiles/masks/img_02456.npy,"(4, 512, 512)",0.0,1.0,0.5006802082061768,0.18983320891857147,5
/home/grva-mintcave/Projects/Facies/Dataset/facies/tiles/images/img_02457.npy,/home/grva-mintcave/Projects/Facies/Dataset/facies/tiles/masks/img_02457.npy,"(4, 512, 512)",0.0,1.0,0.4996504783630371,0.1872631311416626,5
/home/grva-mintcave/Projects/Facies/Dataset/facies/tiles/images/img_02458.npy,/home/grva-mintcave/Projects/Facies/Dataset/facies/tiles/masks/img_02458.npy,"(4, 512, 512)",0.0,1.0,0.5013387799263,0.16151057183742523,5
/home/grva-mintcave/Projects/Facies/Dataset/facies/tiles/images/img_02459.npy,/home/grva-mintcave/Projects/Facies/Dataset/facies/tiles/masks/img_02459.npy,"(4, 512, 512)",0.0,1.0,0.5013452768325806,0.1609937995672226,4
/home/grva-mintcave/Projects/Facies/Dataset/facies/tiles/images/img_02460.npy,/home/grva-mintcave/Projects/Facies/Dataset/facies/tiles/masks/img_02460.npy,"(4, 512, 512)",0.0,1.0,0.5025628805160522,0.13390609622001648,5
/home/grva-mintcave/Projects/Facies/Dataset/facies/tiles/images/img_02461.npy,/home/grva-mintcave/Projects/Facies/Dataset/facies/tiles/masks/img_02461.npy,"(4, 512, 512)",0.0,1.0,0.5037463307380676,0.1877947300672531,5
/home/grva-mintcave/Projects/Facies/Dataset/facies/tiles/images/img_02462.npy,/home/grva-mintcave/Projects/Facies/Dataset/facies/tiles/masks/img_02462.npy,"(4, 512, 512)",0.0,1.0,0.503918468952179,0.13915549218654633,5
/home/grva-mintcave/Projects/Facies/Dataset/facies/tiles/images/img_02463.npy,/home/grva-mintcave/Projects/Facies/Dataset/facies/tiles/masks/img_02463.npy,"(4, 512, 512)",0.0,1.0,0.5035631060600281,0.09353295713663101,5
/home/grva-mintcave/Projects/Facies/Dataset/facies/tiles/images/img_02464.npy,/home/grva-mintcave/Projects/Facies/Dataset/facies/tiles/masks/img_02464.npy,"(4, 512, 512)",0.0,1.0,0.5035439133644104,0.09327481687068939,4
/home/grva-mintcave/Projects/Facies/Dataset/facies/tiles/images/img_02465.npy,/home/grva-mintcave/Projects/Facies/Dataset/facies/tiles/masks/img_02465.npy,"(4, 512, 512)",0.0,1.0,0.5030016899108887,0.14566904306411743,5
/home/grva-mintcave/Projects/Facies/Dataset/facies/tiles/images/img_02466.npy,/home/grva-mintcave/Projects/Facies/Dataset/facies/tiles/masks/img_02466.npy,"(4, 512, 512)",0.0,1.0,0.5007718205451965,0.1963885873556137,5
/home/grva-mintcave/Projects/Facies/Dataset/facies/tiles/images/img_02467.npy,/home/grva-mintcave/Projects/Facies/Dataset/facies/tiles/masks/img_02467.npy,"(4, 512, 512)",0.0,1.0,0.4990580677986145,0.19556061923503876,5
/home/grva-mintcave/Projects/Facies/Dataset/facies/tiles/images/img_02468.npy,/home/grva-mintcave/Projects/Facies/Dataset/facies/tiles/masks/img_02468.npy,"(4, 512, 512)",0.0,1.0,0.5031796097755432,0.1600193828344345,5
/home/grva-mintcave/Projects/Facies/Dataset/facies/tiles/images/img_02469.npy,/home/grva-mintcave/Projects/Facies/Dataset/facies/tiles/masks/img_02469.npy,"(4, 512, 512)",0.0,1.0,0.5032159090042114,0.15945351123809814,4
/home/grva-mintcave/Projects/Facies/Dataset/facies/tiles/images/img_02470.npy,/home/grva-mintcave/Projects/Facies/Dataset/facies/tiles/masks/img_02470.npy,"(4, 512, 512)",0.0,1.0,0.502662718296051,0.12951979041099548,5
/home/grva-mintcave/Projects/Facies/Dataset/facies/tiles/images/img_02471.npy,/home/grva-mintcave/Projects/Facies/Dataset/facies/tiles/masks/img_02471.npy,"(4, 512, 512)",0.0,1.0,0.5033746957778931,0.18922118842601776,5
/home/grva-mintcave/Projects/Facies/Dataset/facies/tiles/images/img_02472.npy,/home/grva-mintcave/Projects/Facies/Dataset/facies/tiles/masks/img_02472.npy,"(4, 512, 512)",0.0,1.0,0.5039392709732056,0.13688072562217712,5
/home/grva-mintcave/Projects/Facies/Dataset/facies/tiles/images/img_02473.npy,/home/grva-mintcave/Projects/Facies/Dataset/facies/tiles/masks/img_02473.npy,"(4, 512, 512)",0.0,1.0,0.5040994882583618,0.09435871243476868,5
/home/grva-mintcave/Projects/Facies/Dataset/facies/tiles/images/img_02474.npy,/home/grva-mintcave/Projects/Facies/Dataset/facies/tiles/masks/img_02474.npy,"(4, 512, 512)",0.0,1.0,0.50407475233078,0.09401489794254303,4
/home/grva-mintcave/Projects/Facies/Dataset/facies/tiles/images/img_02475.npy,/home/grva-mintcave/Projects/Facies/Dataset/facies/tiles/masks/img_02475.npy,"(4, 512, 512)",0.0,1.0,0.5031748414039612,0.13780102133750916,5
/home/grva-mintcave/Projects/Facies/Dataset/facies/tiles/images/img_02476.npy,/home/grva-mintcave/Projects/Facies/Dataset/facies/tiles/masks/img_02476.npy,"(4, 512, 512)",0.0,1.0,0.4993652105331421,0.2004324495792389,5
/home/grva-mintcave/Projects/Facies/Dataset/facies/tiles/images/img_02477.npy,/home/grva-mintcave/Projects/Facies/Dataset/facies/tiles/masks/img_02477.npy,"(4, 512, 512)",0.0,1.0,0.5009834170341492,0.19490085542201996,5
/home/grva-mintcave/Projects/Facies/Dataset/facies/tiles/images/img_02478.npy,/home/grva-mintcave/Projects/Facies/Dataset/facies/tiles/masks/img_02478.npy,"(4, 512, 512)",0.0,1.0,0.5025405883789062,0.15619806945323944,5
/home/grva-mintcave/Projects/Facies/Dataset/facies/tiles/images/img_02479.npy,/home/grva-mintcave/Projects/Facies/Dataset/facies/tiles/masks/img_02479.npy,"(4, 512, 512)",0.0,1.0,0.5025678277015686,0.15550576150417328,4
/home/grva-mintcave/Projects/Facies/Dataset/facies/tiles/images/img_02480.npy,/home/grva-mintcave/Projects/Facies/Dataset/facies/tiles/masks/img_02480.npy,"(4, 512, 512)",0.0,1.0,0.5024746060371399,0.12774205207824707,5
/home/grva-mintcave/Projects/Facies/Dataset/facies/tiles/images/img_02481.npy,/home/grva-mintcave/Projects/Facies/Dataset/facies/tiles/masks/img_02481.npy,"(4, 512, 512)",0.0,1.0,0.5032104849815369,0.17805354297161102,5
/home/grva-mintcave/Projects/Facies/Dataset/facies/tiles/images/img_02482.npy,/home/grva-mintcave/Projects/Facies/Dataset/facies/tiles/masks/img_02482.npy,"(4, 512, 512)",0.0,1.0,0.5030122995376587,0.13096515834331512,5
/home/grva-mintcave/Projects/Facies/Dataset/facies/tiles/images/img_02483.npy,/home/grva-mintcave/Projects/Facies/Dataset/facies/tiles/masks/img_02483.npy,"(4, 512, 512)",0.0,1.0,0.5040704607963562,0.09681154042482376,5
/home/grva-mintcave/Projects/Facies/Dataset/facies/tiles/images/img_02484.npy,/home/grva-mintcave/Projects/Facies/Dataset/facies/tiles/masks/img_02484.npy,"(4, 512, 512)",0.0,1.0,0.5040504932403564,0.09654449671506882,0
/home/grva-mintcave/Projects/Facies/Dataset/facies/tiles/images/img_02485.npy,/home/grva-mintcave/Projects/Facies/Dataset/facies/tiles/masks/img_02485.npy,"(4, 512, 512)",0.0,1.0,0.5033292770385742,0.13576476275920868,5
/home/grva-mintcave/Projects/Facies/Dataset/facies/tiles/images/img_02486.npy,/home/grva-mintcave/Projects/Facies/Dataset/facies/tiles/masks/img_02486.npy,"(4, 512, 512)",0.0,1.0,0.4990600645542145,0.1907302439212799,5
/home/grva-mintcave/Projects/Facies/Dataset/facies/tiles/images/img_02487.npy,/home/grva-mintcave/Projects/Facies/Dataset/facies/tiles/masks/img_02487.npy,"(4, 512, 512)",0.0,1.0,0.5021570920944214,0.1932222694158554,5
/home/grva-mintcave/Projects/Facies/Dataset/facies/tiles/images/img_02488.npy,/home/grva-mintcave/Projects/Facies/Dataset/facies/tiles/masks/img_02488.npy,"(4, 512, 512)",0.0,1.0,0.5027019381523132,0.15958862006664276,5
/home/grva-mintcave/Projects/Facies/Dataset/facies/tiles/images/img_02489.npy,/home/grva-mintcave/Projects/Facies/Dataset/facies/tiles/masks/img_02489.npy,"(4, 512, 512)",0.0,1.0,0.5027029514312744,0.1589423567056656,4
/home/grva-mintcave/Projects/Facies/Dataset/facies/tiles/images/img_02490.npy,/home/grva-mintcave/Projects/Facies/Dataset/facies/tiles/masks/img_02490.npy,"(4, 512, 512)",0.0,1.0,0.5020247101783752,0.12524491548538208,5
/home/grva-mintcave/Projects/Facies/Dataset/facies/tiles/images/img_02491.npy,/home/grva-mintcave/Projects/Facies/Dataset/facies/tiles/masks/img_02491.npy,"(4, 512, 512)",0.0,1.0,0.5033472180366516,0.17623265087604523,5
/home/grva-mintcave/Projects/Facies/Dataset/facies/tiles/images/img_02492.npy,/home/grva-mintcave/Projects/Facies/Dataset/facies/tiles/masks/img_02492.npy,"(4, 512, 512)",0.0,1.0,0.5019914507865906,0.1268770694732666,5
/home/grva-mintcave/Projects/Facies/Dataset/facies/tiles/images/img_02493.npy,/home/grva-mintcave/Projects/Facies/Dataset/facies/tiles/masks/img_02493.npy,"(4, 512, 512)",0.0,1.0,0.5040322542190552,0.09151488542556763,5
/home/grva-mintcave/Projects/Facies/Dataset/facies/tiles/images/img_02494.npy,/home/grva-mintcave/Projects/Facies/Dataset/facies/tiles/masks/img_02494.npy,"(4, 512, 512)",0.0,1.0,0.5040079951286316,0.09119519591331482,0
/home/grva-mintcave/Projects/Facies/Dataset/facies/tiles/images/img_02495.npy,/home/grva-mintcave/Projects/Facies/Dataset/facies/tiles/masks/img_02495.npy,"(4, 512, 512)",0.0,1.0,0.502726674079895,0.13425587117671967,5
/home/grva-mintcave/Projects/Facies/Dataset/facies/tiles/images/img_02496.npy,/home/grva-mintcave/Projects/Facies/Dataset/facies/tiles/masks/img_02496.npy,"(4, 512, 512)",0.0,1.0,0.49990013241767883,0.19255423545837402,5
/home/grva-mintcave/Projects/Facies/Dataset/facies/tiles/images/img_02497.npy,/home/grva-mintcave/Projects/Facies/Dataset/facies/tiles/masks/img_02497.npy,"(4, 512, 512)",0.0,1.0,0.5018332600593567,0.1900518238544464,5
/home/grva-mintcave/Projects/Facies/Dataset/facies/tiles/images/img_02498.npy,/home/grva-mintcave/Projects/Facies/Dataset/facies/tiles/masks/img_02498.npy,"(4, 512, 512)",0.0,1.0,0.5031780004501343,0.15930771827697754,5
/home/grva-mintcave/Projects/Facies/Dataset/facies/tiles/images/img_02499.npy,/home/grva-mintcave/Projects/Facies/Dataset/facies/tiles/masks/img_02499.npy,"(4, 512, 512)",0.0,1.0,0.5032804012298584,0.1586650311946869,4
/home/grva-mintcave/Projects/Facies/Dataset/facies/tiles/images/img_02500.npy,/home/grva-mintcave/Projects/Facies/Dataset/facies/tiles/masks/img_02500.npy,"(4, 512, 512)",0.0,1.0,0.5018982291221619,0.12986578047275543,5
/home/grva-mintcave/Projects/Facies/Dataset/facies/tiles/images/img_02501.npy,/home/grva-mintcave/Projects/Facies/Dataset/facies/tiles/masks/img_02501.npy,"(4, 512, 512)",0.0,1.0,0.5028676986694336,0.16741031408309937,5
/home/grva-mintcave/Projects/Facies/Dataset/facies/tiles/images/img_02502.npy,/home/grva-mintcave/Projects/Facies/Dataset/facies/tiles/masks/img_02502.npy,"(4, 512, 512)",0.0,1.0,0.5021623373031616,0.13202247023582458,5
/home/grva-mintcave/Projects/Facies/Dataset/facies/tiles/images/img_02503.npy,/home/grva-mintcave/Projects/Facies/Dataset/facies/tiles/masks/img_02503.npy,"(4, 512, 512)",0.0,1.0,0.5040141940116882,0.09371531009674072,5
/home/grva-mintcave/Projects/Facies/Dataset/facies/tiles/images/img_02504.npy,/home/grva-mintcave/Projects/Facies/Dataset/facies/tiles/masks/img_02504.npy,"(4, 512, 512)",0.0,1.0,0.5040085911750793,0.09337492287158966,0
/home/grva-mintcave/Projects/Facies/Dataset/facies/tiles/images/img_02505.npy,/home/grva-mintcave/Projects/Facies/Dataset/facies/tiles/masks/img_02505.npy,"(4, 512, 512)",0.0,1.0,0.5022115707397461,0.1394815593957901,5
/home/grva-mintcave/Projects/Facies/Dataset/facies/tiles/images/img_02506.npy,/home/grva-mintcave/Projects/Facies/Dataset/facies/tiles/masks/img_02506.npy,"(4, 512, 512)",0.0,1.0,0.4999416172504425,0.18360945582389832,5
/home/grva-mintcave/Projects/Facies/Dataset/facies/tiles/images/img_02507.npy,/home/grva-mintcave/Projects/Facies/Dataset/facies/tiles/masks/img_02507.npy,"(4, 512, 512)",0.0,1.0,0.5030366778373718,0.19499966502189636,5
/home/grva-mintcave/Projects/Facies/Dataset/facies/tiles/images/img_02508.npy,/home/grva-mintcave/Projects/Facies/Dataset/facies/tiles/masks/img_02508.npy,"(4, 512, 512)",0.0,1.0,0.5016210675239563,0.1525484174489975,5
/home/grva-mintcave/Projects/Facies/Dataset/facies/tiles/images/img_02509.npy,/home/grva-mintcave/Projects/Facies/Dataset/facies/tiles/masks/img_02509.npy,"(4, 512, 512)",0.0,1.0,0.5016752481460571,0.15182052552700043,4
/home/grva-mintcave/Projects/Facies/Dataset/facies/tiles/images/img_02510.npy,/home/grva-mintcave/Projects/Facies/Dataset/facies/tiles/masks/img_02510.npy,"(4, 512, 512)",0.0,1.0,0.5019777417182922,0.13089044392108917,5
/home/grva-mintcave/Projects/Facies/Dataset/facies/tiles/images/img_02511.npy,/home/grva-mintcave/Projects/Facies/Dataset/facies/tiles/masks/img_02511.npy,"(4, 512, 512)",0.0,1.0,0.5024828314781189,0.15833312273025513,5
/home/grva-mintcave/Projects/Facies/Dataset/facies/tiles/images/img_02512.npy,/home/grva-mintcave/Projects/Facies/Dataset/facies/tiles/masks/img_02512.npy,"(4, 512, 512)",0.0,1.0,0.5021112561225891,0.13617797195911407,5
/home/grva-mintcave/Projects/Facies/Dataset/facies/tiles/images/img_02513.npy,/home/grva-mintcave/Projects/Facies/Dataset/facies/tiles/masks/img_02513.npy,"(4, 512, 512)",0.0,1.0,0.5039423108100891,0.09315244108438492,5
/home/grva-mintcave/Projects/Facies/Dataset/facies/tiles/images/img_02514.npy,/home/grva-mintcave/Projects/Facies/Dataset/facies/tiles/masks/img_02514.npy,"(4, 512, 512)",0.0,1.0,0.5039346814155579,0.09289606660604477,0
/home/grva-mintcave/Projects/Facies/Dataset/facies/tiles/images/img_02515.npy,/home/grva-mintcave/Projects/Facies/Dataset/facies/tiles/masks/img_02515.npy,"(4, 512, 512)",0.0,1.0,0.5017774701118469,0.1409069448709488,5
/home/grva-mintcave/Projects/Facies/Dataset/facies/tiles/images/img_02516.npy,/home/grva-mintcave/Projects/Facies/Dataset/facies/tiles/masks/img_02516.npy,"(4, 512, 512)",0.0,1.0,0.49917542934417725,0.17207249999046326,5
/home/grva-mintcave/Projects/Facies/Dataset/facies/tiles/images/img_02517.npy,/home/grva-mintcave/Projects/Facies/Dataset/facies/tiles/masks/img_02517.npy,"(4, 512, 512)",0.0,1.0,0.5033702850341797,0.19706040620803833,5
/home/grva-mintcave/Projects/Facies/Dataset/facies/tiles/images/img_02518.npy,/home/grva-mintcave/Projects/Facies/Dataset/facies/tiles/masks/img_02518.npy,"(4, 512, 512)",0.0,1.0,0.5016008615493774,0.15292394161224365,5
/home/grva-mintcave/Projects/Facies/Dataset/facies/tiles/images/img_02519.npy,/home/grva-mintcave/Projects/Facies/Dataset/facies/tiles/masks/img_02519.npy,"(4, 512, 512)",0.0,1.0,0.5016714334487915,0.15223433077335358,4
/home/grva-mintcave/Projects/Facies/Dataset/facies/tiles/images/img_02520.npy,/home/grva-mintcave/Projects/Facies/Dataset/facies/tiles/masks/img_02520.npy,"(4, 512, 512)",0.0,1.0,0.5018865466117859,0.12816773355007172,5
/home/grva-mintcave/Projects/Facies/Dataset/facies/tiles/images/img_02521.npy,/home/grva-mintcave/Projects/Facies/Dataset/facies/tiles/masks/img_02521.npy,"(4, 512, 512)",0.0,1.0,0.5025785565376282,0.15936633944511414,5
/home/grva-mintcave/Projects/Facies/Dataset/facies/tiles/images/img_02522.npy,/home/grva-mintcave/Projects/Facies/Dataset/facies/tiles/masks/img_02522.npy,"(4, 512, 512)",0.0,1.0,0.50234454870224,0.1367025077342987,5
/home/grva-mintcave/Projects/Facies/Dataset/facies/tiles/images/img_02523.npy,/home/grva-mintcave/Projects/Facies/Dataset/facies/tiles/masks/img_02523.npy,"(4, 512, 512)",0.0,1.0,0.5032738447189331,0.0969332903623581,5
/home/grva-mintcave/Projects/Facies/Dataset/facies/tiles/images/img_02524.npy,/home/grva-mintcave/Projects/Facies/Dataset/facies/tiles/masks/img_02524.npy,"(4, 512, 512)",0.0,1.0,0.5032570362091064,0.09646652638912201,0
/home/grva-mintcave/Projects/Facies/Dataset/facies/tiles/images/img_02525.npy,/home/grva-mintcave/Projects/Facies/Dataset/facies/tiles/masks/img_02525.npy,"(4, 512, 512)",0.0,1.0,0.5018627047538757,0.13711699843406677,5
/home/grva-mintcave/Projects/Facies/Dataset/facies/tiles/images/img_02526.npy,/home/grva-mintcave/Projects/Facies/Dataset/facies/tiles/masks/img_02526.npy,"(4, 512, 512)",0.0,1.0,0.4994511306285858,0.16952207684516907,5
/home/grva-mintcave/Projects/Facies/Dataset/facies/tiles/images/img_02527.npy,/home/grva-mintcave/Projects/Facies/Dataset/facies/tiles/masks/img_02527.npy,"(4, 512, 512)",0.0,1.0,0.5024852752685547,0.19797226786613464,5
/home/grva-mintcave/Projects/Facies/Dataset/facies/tiles/images/img_02528.npy,/home/grva-mintcave/Projects/Facies/Dataset/facies/tiles/masks/img_02528.npy,"(4, 512, 512)",0.0,1.0,0.5004369616508484,0.14721980690956116,5
/home/grva-mintcave/Projects/Facies/Dataset/facies/tiles/images/img_02529.npy,/home/grva-mintcave/Projects/Facies/Dataset/facies/tiles/masks/img_02529.npy,"(4, 512, 512)",0.0,1.0,0.500523567199707,0.1463610976934433,4
/home/grva-mintcave/Projects/Facies/Dataset/facies/tiles/images/img_02530.npy,/home/grva-mintcave/Projects/Facies/Dataset/facies/tiles/masks/img_02530.npy,"(4, 512, 512)",0.0,1.0,0.5022671222686768,0.12765340507030487,5
/home/grva-mintcave/Projects/Facies/Dataset/facies/tiles/images/img_02531.npy,/home/grva-mintcave/Projects/Facies/Dataset/facies/tiles/masks/img_02531.npy,"(4, 512, 512)",0.0,1.0,0.5034937858581543,0.14876621961593628,5
/home/grva-mintcave/Projects/Facies/Dataset/facies/tiles/images/img_02532.npy,/home/grva-mintcave/Projects/Facies/Dataset/facies/tiles/masks/img_02532.npy,"(4, 512, 512)",0.0,1.0,0.5032404661178589,0.13117405772209167,5
/home/grva-mintcave/Projects/Facies/Dataset/facies/tiles/images/img_02533.npy,/home/grva-mintcave/Projects/Facies/Dataset/facies/tiles/masks/img_02533.npy,"(4, 512, 512)",0.0,1.0,0.5034429430961609,0.09970158338546753,5
/home/grva-mintcave/Projects/Facies/Dataset/facies/tiles/images/img_02534.npy,/home/grva-mintcave/Projects/Facies/Dataset/facies/tiles/masks/img_02534.npy,"(4, 512, 512)",0.0,1.0,0.5034276843070984,0.09935441613197327,0
/home/grva-mintcave/Projects/Facies/Dataset/facies/tiles/images/img_02535.npy,/home/grva-mintcave/Projects/Facies/Dataset/facies/tiles/masks/img_02535.npy,"(4, 512, 512)",0.0,1.0,0.5022450089454651,0.13514761626720428,5
/home/grva-mintcave/Projects/Facies/Dataset/facies/tiles/images/img_02536.npy,/home/grva-mintcave/Projects/Facies/Dataset/facies/tiles/masks/img_02536.npy,"(4, 512, 512)",0.0,1.0,0.5002259016036987,0.15566889941692352,5
/home/grva-mintcave/Projects/Facies/Dataset/facies/tiles/images/img_02537.npy,/home/grva-mintcave/Projects/Facies/Dataset/facies/tiles/masks/img_02537.npy,"(4, 512, 512)",0.0,1.0,0.5013513565063477,0.19376222789287567,5
/home/grva-mintcave/Projects/Facies/Dataset/facies/tiles/images/img_02538.npy,/home/grva-mintcave/Projects/Facies/Dataset/facies/tiles/masks/img_02538.npy,"(4, 512, 512)",0.0,1.0,0.5012030005455017,0.14498908817768097,5
/home/grva-mintcave/Projects/Facies/Dataset/facies/tiles/images/img_02539.npy,/home/grva-mintcave/Projects/Facies/Dataset/facies/tiles/masks/img_02539.npy,"(4, 512, 512)",0.0,1.0,0.5012852549552917,0.14410854876041412,4
/home/grva-mintcave/Projects/Facies/Dataset/facies/tiles/images/img_02540.npy,/home/grva-mintcave/Projects/Facies/Dataset/facies/tiles/masks/img_02540.npy,"(4, 512, 512)",0.0,1.0,0.5025634169578552,0.12533387541770935,5
/home/grva-mintcave/Projects/Facies/Dataset/facies/tiles/images/img_02541.npy,/home/grva-mintcave/Projects/Facies/Dataset/facies/tiles/masks/img_02541.npy,"(4, 512, 512)",0.0,1.0,0.5033729672431946,0.14213842153549194,5
/home/grva-mintcave/Projects/Facies/Dataset/facies/tiles/images/img_02542.npy,/home/grva-mintcave/Projects/Facies/Dataset/facies/tiles/masks/img_02542.npy,"(4, 512, 512)",0.0,1.0,0.5033226609230042,0.12598732113838196,5
/home/grva-mintcave/Projects/Facies/Dataset/facies/tiles/images/img_02543.npy,/home/grva-mintcave/Projects/Facies/Dataset/facies/tiles/masks/img_02543.npy,"(4, 512, 512)",0.0,1.0,0.5034496188163757,0.0931057557463646,5
/home/grva-mintcave/Projects/Facies/Dataset/facies/tiles/images/img_02544.npy,/home/grva-mintcave/Projects/Facies/Dataset/facies/tiles/masks/img_02544.npy,"(4, 512, 512)",0.0,1.0,0.5034210681915283,0.09284596145153046,0
/home/grva-mintcave/Projects/Facies/Dataset/facies/tiles/images/img_02545.npy,/home/grva-mintcave/Projects/Facies/Dataset/facies/tiles/masks/img_02545.npy,"(4, 512, 512)",0.0,1.0,0.5023195147514343,0.13224489986896515,5
/home/grva-mintcave/Projects/Facies/Dataset/facies/tiles/images/img_02546.npy,/home/grva-mintcave/Projects/Facies/Dataset/facies/tiles/masks/img_02546.npy,"(4, 512, 512)",0.0,1.0,0.5005093216896057,0.14819630980491638,5
/home/grva-mintcave/Projects/Facies/Dataset/facies/tiles/images/img_02547.npy,/home/grva-mintcave/Projects/Facies/Dataset/facies/tiles/masks/img_02547.npy,"(4, 512, 512)",0.0,1.0,0.5022211074829102,0.1854051798582077,5
/home/grva-mintcave/Projects/Facies/Dataset/facies/tiles/images/img_02548.npy,/home/grva-mintcave/Projects/Facies/Dataset/facies/tiles/masks/img_02548.npy,"(4, 512, 512)",0.0,1.0,0.50043785572052,0.14311841130256653,5
/home/grva-mintcave/Projects/Facies/Dataset/facies/tiles/images/img_02549.npy,/home/grva-mintcave/Projects/Facies/Dataset/facies/tiles/masks/img_02549.npy,"(4, 512, 512)",0.0,1.0,0.500449001789093,0.14240236580371857,4
/home/grva-mintcave/Projects/Facies/Dataset/facies/tiles/images/img_02550.npy,/home/grva-mintcave/Projects/Facies/Dataset/facies/tiles/masks/img_02550.npy,"(4, 512, 512)",0.0,1.0,0.5023779273033142,0.11695241183042526,5
/home/grva-mintcave/Projects/Facies/Dataset/facies/tiles/images/img_02551.npy,/home/grva-mintcave/Projects/Facies/Dataset/facies/tiles/masks/img_02551.npy,"(4, 512, 512)",0.0,1.0,0.5025929808616638,0.14285717904567719,5
/home/grva-mintcave/Projects/Facies/Dataset/facies/tiles/images/img_02552.npy,/home/grva-mintcave/Projects/Facies/Dataset/facies/tiles/masks/img_02552.npy,"(4, 512, 512)",0.0,1.0,0.5036020278930664,0.12576031684875488,5
/home/grva-mintcave/Projects/Facies/Dataset/facies/tiles/images/img_02553.npy,/home/grva-mintcave/Projects/Facies/Dataset/facies/tiles/masks/img_02553.npy,"(4, 512, 512)",0.0,1.0,0.5029202103614807,0.08632953464984894,5
/home/grva-mintcave/Projects/Facies/Dataset/facies/tiles/images/img_02554.npy,/home/grva-mintcave/Projects/Facies/Dataset/facies/tiles/masks/img_02554.npy,"(4, 512, 512)",0.0,1.0,0.5028970837593079,0.08597178757190704,0
/home/grva-mintcave/Projects/Facies/Dataset/facies/tiles/images/img_02555.npy,/home/grva-mintcave/Projects/Facies/Dataset/facies/tiles/masks/img_02555.npy,"(4, 512, 512)",0.0,1.0,0.5024569034576416,0.1254800409078598,5
/home/grva-mintcave/Projects/Facies/Dataset/facies/tiles/images/img_02556.npy,/home/grva-mintcave/Projects/Facies/Dataset/facies/tiles/masks/img_02556.npy,"(4, 512, 512)",0.0,1.0,0.4996311664581299,0.153398334980011,5
/home/grva-mintcave/Projects/Facies/Dataset/facies/tiles/images/img_02557.npy,/home/grva-mintcave/Projects/Facies/Dataset/facies/tiles/masks/img_02557.npy,"(4, 512, 512)",0.0,1.0,0.5020228624343872,0.18446217477321625,5
/home/grva-mintcave/Projects/Facies/Dataset/facies/tiles/images/img_02558.npy,/home/grva-mintcave/Projects/Facies/Dataset/facies/tiles/masks/img_02558.npy,"(4, 512, 512)",0.0,1.0,0.5002340078353882,0.14294348657131195,5
/home/grva-mintcave/Projects/Facies/Dataset/facies/tiles/images/img_02559.npy,/home/grva-mintcave/Projects/Facies/Dataset/facies/tiles/masks/img_02559.npy,"(4, 512, 512)",0.0,1.0,0.5002723932266235,0.14226695895195007,4
/home/grva-mintcave/Projects/Facies/Dataset/facies/tiles/images/img_02560.npy,/home/grva-mintcave/Projects/Facies/Dataset/facies/tiles/masks/img_02560.npy,"(4, 512, 512)",0.0,1.0,0.5024057030677795,0.12022318691015244,5
/home/grva-mintcave/Projects/Facies/Dataset/facies/tiles/images/img_02561.npy,/home/grva-mintcave/Projects/Facies/Dataset/facies/tiles/masks/img_02561.npy,"(4, 512, 512)",0.0,1.0,0.501824676990509,0.15630613267421722,5
/home/grva-mintcave/Projects/Facies/Dataset/facies/tiles/images/img_02562.npy,/home/grva-mintcave/Projects/Facies/Dataset/facies/tiles/masks/img_02562.npy,"(4, 512, 512)",0.0,1.0,0.5038741230964661,0.1240464374423027,5
/home/grva-mintcave/Projects/Facies/Dataset/facies/tiles/images/img_02563.npy,/home/grva-mintcave/Projects/Facies/Dataset/facies/tiles/masks/img_02563.npy,"(4, 512, 512)",0.0,1.0,0.503143846988678,0.0906362384557724,5
/home/grva-mintcave/Projects/Facies/Dataset/facies/tiles/images/img_02564.npy,/home/grva-mintcave/Projects/Facies/Dataset/facies/tiles/masks/img_02564.npy,"(4, 512, 512)",0.0,1.0,0.5031166076660156,0.09030260890722275,0
/home/grva-mintcave/Projects/Facies/Dataset/facies/tiles/images/img_02565.npy,/home/grva-mintcave/Projects/Facies/Dataset/facies/tiles/masks/img_02565.npy,"(4, 512, 512)",0.0,1.0,0.5023146867752075,0.12726247310638428,5
/home/grva-mintcave/Projects/Facies/Dataset/facies/tiles/images/img_02566.npy,/home/grva-mintcave/Projects/Facies/Dataset/facies/tiles/masks/img_02566.npy,"(4, 512, 512)",0.0,1.0,0.5012915730476379,0.1645251214504242,5
/home/grva-mintcave/Projects/Facies/Dataset/facies/tiles/images/img_02567.npy,/home/grva-mintcave/Projects/Facies/Dataset/facies/tiles/masks/img_02567.npy,"(4, 512, 512)",0.0,1.0,0.5016233921051025,0.18266081809997559,5
/home/grva-mintcave/Projects/Facies/Dataset/facies/tiles/images/img_02568.npy,/home/grva-mintcave/Projects/Facies/Dataset/facies/tiles/masks/img_02568.npy,"(4, 512, 512)",0.0,1.0,0.5007662773132324,0.13953816890716553,5
/home/grva-mintcave/Projects/Facies/Dataset/facies/tiles/images/img_02569.npy,/home/grva-mintcave/Projects/Facies/Dataset/facies/tiles/masks/img_02569.npy,"(4, 512, 512)",0.0,1.0,0.5008265972137451,0.13885952532291412,4
/home/grva-mintcave/Projects/Facies/Dataset/facies/tiles/images/img_02570.npy,/home/grva-mintcave/Projects/Facies/Dataset/facies/tiles/masks/img_02570.npy,"(4, 512, 512)",0.0,1.0,0.5030229091644287,0.12072575837373734,5
/home/grva-mintcave/Projects/Facies/Dataset/facies/tiles/images/img_02571.npy,/home/grva-mintcave/Projects/Facies/Dataset/facies/tiles/masks/img_02571.npy,"(4, 512, 512)",0.0,1.0,0.5013242959976196,0.1600300669670105,5
/home/grva-mintcave/Projects/Facies/Dataset/facies/tiles/images/img_02572.npy,/home/grva-mintcave/Projects/Facies/Dataset/facies/tiles/masks/img_02572.npy,"(4, 512, 512)",0.0,1.0,0.5039952397346497,0.12723645567893982,5
/home/grva-mintcave/Projects/Facies/Dataset/facies/tiles/images/img_02573.npy,/home/grva-mintcave/Projects/Facies/Dataset/facies/tiles/masks/img_02573.npy,"(4, 512, 512)",0.0,1.0,0.5029605627059937,0.08673442900180817,5
/home/grva-mintcave/Projects/Facies/Dataset/facies/tiles/images/img_02574.npy,/home/grva-mintcave/Projects/Facies/Dataset/facies/tiles/masks/img_02574.npy,"(4, 512, 512)",0.0,1.0,0.502941370010376,0.086216039955616,0
/home/grva-mintcave/Projects/Facies/Dataset/facies/tiles/images/img_02575.npy,/home/grva-mintcave/Projects/Facies/Dataset/facies/tiles/masks/img_02575.npy,"(4, 512, 512)",0.0,1.0,0.5023687481880188,0.1274784356355667,5
/home/grva-mintcave/Projects/Facies/Dataset/facies/tiles/images/img_02576.npy,/home/grva-mintcave/Projects/Facies/Dataset/facies/tiles/masks/img_02576.npy,"(4, 512, 512)",0.0,1.0,0.5010874271392822,0.1705208718776703,5
/home/grva-mintcave/Projects/Facies/Dataset/facies/tiles/images/img_02577.npy,/home/grva-mintcave/Projects/Facies/Dataset/facies/tiles/masks/img_02577.npy,"(4, 512, 512)",0.0,1.0,0.5003295540809631,0.18591618537902832,5
/home/grva-mintcave/Projects/Facies/Dataset/facies/tiles/images/img_02578.npy,/home/grva-mintcave/Projects/Facies/Dataset/facies/tiles/masks/img_02578.npy,"(4, 512, 512)",0.0,1.0,0.5019693374633789,0.12943968176841736,5
/home/grva-mintcave/Projects/Facies/Dataset/facies/tiles/images/img_02579.npy,/home/grva-mintcave/Projects/Facies/Dataset/facies/tiles/masks/img_02579.npy,"(4, 512, 512)",0.0,1.0,0.5019994378089905,0.1286352276802063,4
/home/grva-mintcave/Projects/Facies/Dataset/facies/tiles/images/img_02580.npy,/home/grva-mintcave/Projects/Facies/Dataset/facies/tiles/masks/img_02580.npy,"(4, 512, 512)",0.0,1.0,0.5031638741493225,0.12831218540668488,5
/home/grva-mintcave/Projects/Facies/Dataset/facies/tiles/images/img_02581.npy,/home/grva-mintcave/Projects/Facies/Dataset/facies/tiles/masks/img_02581.npy,"(4, 512, 512)",0.0,1.0,0.50079345703125,0.158126100897789,5
/home/grva-mintcave/Projects/Facies/Dataset/facies/tiles/images/img_02582.npy,/home/grva-mintcave/Projects/Facies/Dataset/facies/tiles/masks/img_02582.npy,"(4, 512, 512)",0.0,1.0,0.503973126411438,0.12635508179664612,5
/home/grva-mintcave/Projects/Facies/Dataset/facies/tiles/images/img_02583.npy,/home/grva-mintcave/Projects/Facies/Dataset/facies/tiles/masks/img_02583.npy,"(4, 512, 512)",0.0,1.0,0.503150999546051,0.07909538596868515,5
/home/grva-mintcave/Projects/Facies/Dataset/facies/tiles/images/img_02584.npy,/home/grva-mintcave/Projects/Facies/Dataset/facies/tiles/masks/img_02584.npy,"(4, 512, 512)",0.0,1.0,0.5031245350837708,0.07872826606035233,0
/home/grva-mintcave/Projects/Facies/Dataset/facies/tiles/images/img_02585.npy,/home/grva-mintcave/Projects/Facies/Dataset/facies/tiles/masks/img_02585.npy,"(4, 512, 512)",0.0,1.0,0.5027041435241699,0.13480684161186218,5
/home/grva-mintcave/Projects/Facies/Dataset/facies/tiles/images/img_02586.npy,/home/grva-mintcave/Projects/Facies/Dataset/facies/tiles/masks/img_02586.npy,"(4, 512, 512)",0.0,1.0,0.5002058148384094,0.17044901847839355,5
/home/grva-mintcave/Projects/Facies/Dataset/facies/tiles/images/img_02587.npy,/home/grva-mintcave/Projects/Facies/Dataset/facies/tiles/masks/img_02587.npy,"(4, 512, 512)",0.0,1.0,0.4996826648712158,0.18476708233356476,5
/home/grva-mintcave/Projects/Facies/Dataset/facies/tiles/images/img_02588.npy,/home/grva-mintcave/Projects/Facies/Dataset/facies/tiles/masks/img_02588.npy,"(4, 512, 512)",0.0,1.0,0.5011197328567505,0.13001343607902527,5
/home/grva-mintcave/Projects/Facies/Dataset/facies/tiles/images/img_02589.npy,/home/grva-mintcave/Projects/Facies/Dataset/facies/tiles/masks/img_02589.npy,"(4, 512, 512)",0.0,1.0,0.5011328458786011,0.1293977051973343,4
/home/grva-mintcave/Projects/Facies/Dataset/facies/tiles/images/img_02590.npy,/home/grva-mintcave/Projects/Facies/Dataset/facies/tiles/masks/img_02590.npy,"(4, 512, 512)",0.0,1.0,0.5027196407318115,0.11797995120286942,5
/home/grva-mintcave/Projects/Facies/Dataset/facies/tiles/images/img_02591.npy,/home/grva-mintcave/Projects/Facies/Dataset/facies/tiles/masks/img_02591.npy,"(4, 512, 512)",0.0,1.0,0.4999898672103882,0.1583421528339386,5
/home/grva-mintcave/Projects/Facies/Dataset/facies/tiles/images/img_02592.npy,/home/grva-mintcave/Projects/Facies/Dataset/facies/tiles/masks/img_02592.npy,"(4, 512, 512)",0.0,1.0,0.5038226842880249,0.1333235502243042,5
/home/grva-mintcave/Projects/Facies/Dataset/facies/tiles/images/img_02593.npy,/home/grva-mintcave/Projects/Facies/Dataset/facies/tiles/masks/img_02593.npy,"(4, 512, 512)",0.0,1.0,0.5028508901596069,0.07793844491243362,5
/home/grva-mintcave/Projects/Facies/Dataset/facies/tiles/images/img_02594.npy,/home/grva-mintcave/Projects/Facies/Dataset/facies/tiles/masks/img_02594.npy,"(4, 512, 512)",0.0,1.0,0.5028542280197144,0.07765151560306549,0
/home/grva-mintcave/Projects/Facies/Dataset/facies/tiles/images/img_02595.npy,/home/grva-mintcave/Projects/Facies/Dataset/facies/tiles/masks/img_02595.npy,"(4, 512, 512)",0.0,1.0,0.5031508207321167,0.12711147964000702,5
/home/grva-mintcave/Projects/Facies/Dataset/facies/tiles/images/img_02596.npy,/home/grva-mintcave/Projects/Facies/Dataset/facies/tiles/masks/img_02596.npy,"(4, 512, 512)",0.0,1.0,0.49972638487815857,0.17006203532218933,5
/home/grva-mintcave/Projects/Facies/Dataset/facies/tiles/images/img_02597.npy,/home/grva-mintcave/Projects/Facies/Dataset/facies/tiles/masks/img_02597.npy,"(4, 512, 512)",0.0,1.0,0.5001341700553894,0.19183038175106049,5
/home/grva-mintcave/Projects/Facies/Dataset/facies/tiles/images/img_02598.npy,/home/grva-mintcave/Projects/Facies/Dataset/facies/tiles/masks/img_02598.npy,"(4, 512, 512)",0.0,1.0,0.5026583075523376,0.13302665948867798,5
/home/grva-mintcave/Projects/Facies/Dataset/facies/tiles/images/img_02599.npy,/home/grva-mintcave/Projects/Facies/Dataset/facies/tiles/masks/img_02599.npy,"(4, 512, 512)",0.0,1.0,0.5026575326919556,0.13236674666404724,4
/home/grva-mintcave/Projects/Facies/Dataset/facies/tiles/images/img_02600.npy,/home/grva-mintcave/Projects/Facies/Dataset/facies/tiles/masks/img_02600.npy,"(4, 512, 512)",0.0,1.0,0.5021182894706726,0.11948371678590775,5
/home/grva-mintcave/Projects/Facies/Dataset/facies/tiles/images/img_02601.npy,/home/grva-mintcave/Projects/Facies/Dataset/facies/tiles/masks/img_02601.npy,"(4, 512, 512)",0.0,1.0,0.5005480051040649,0.16730549931526184,5
/home/grva-mintcave/Projects/Facies/Dataset/facies/tiles/images/img_02602.npy,/home/grva-mintcave/Projects/Facies/Dataset/facies/tiles/masks/img_02602.npy,"(4, 512, 512)",0.0,1.0,0.5031733512878418,0.13625648617744446,5
/home/grva-mintcave/Projects/Facies/Dataset/facies/tiles/images/img_02603.npy,/home/grva-mintcave/Projects/Facies/Dataset/facies/tiles/masks/img_02603.npy,"(4, 512, 512)",0.0,1.0,0.5034061670303345,0.08338850736618042,5
/home/grva-mintcave/Projects/Facies/Dataset/facies/tiles/images/img_02604.npy,/home/grva-mintcave/Projects/Facies/Dataset/facies/tiles/masks/img_02604.npy,"(4, 512, 512)",0.0,1.0,0.5034006237983704,0.08315616846084595,0
/home/grva-mintcave/Projects/Facies/Dataset/facies/tiles/images/img_02605.npy,/home/grva-mintcave/Projects/Facies/Dataset/facies/tiles/masks/img_02605.npy,"(4, 512, 512)",0.0,1.0,0.5031898617744446,0.12839744985103607,5
/home/grva-mintcave/Projects/Facies/Dataset/facies/tiles/images/img_02606.npy,/home/grva-mintcave/Projects/Facies/Dataset/facies/tiles/masks/img_02606.npy,"(4, 512, 512)",0.0,1.0,0.5004473924636841,0.17806734144687653,5
/home/grva-mintcave/Projects/Facies/Dataset/facies/tiles/images/img_02607.npy,/home/grva-mintcave/Projects/Facies/Dataset/facies/tiles/masks/img_02607.npy,"(4, 512, 512)",0.0,1.0,0.49929067492485046,0.1929652988910675,5
/home/grva-mintcave/Projects/Facies/Dataset/facies/tiles/images/img_02608.npy,/home/grva-mintcave/Projects/Facies/Dataset/facies/tiles/masks/img_02608.npy,"(4, 512, 512)",0.0,1.0,0.5027082562446594,0.13355660438537598,5
/home/grva-mintcave/Projects/Facies/Dataset/facies/tiles/images/img_02609.npy,/home/grva-mintcave/Projects/Facies/Dataset/facies/tiles/masks/img_02609.npy,"(4, 512, 512)",0.0,1.0,0.5026893615722656,0.1328536719083786,4
/home/grva-mintcave/Projects/Facies/Dataset/facies/tiles/images/img_02610.npy,/home/grva-mintcave/Projects/Facies/Dataset/facies/tiles/masks/img_02610.npy,"(4, 512, 512)",0.0,1.0,0.5022302269935608,0.11492706090211868,5
/home/grva-mintcave/Projects/Facies/Dataset/facies/tiles/images/img_02611.npy,/home/grva-mintcave/Projects/Facies/Dataset/facies/tiles/masks/img_02611.npy,"(4, 512, 512)",0.0,1.0,0.5008658170700073,0.16674046218395233,5
/home/grva-mintcave/Projects/Facies/Dataset/facies/tiles/images/img_02612.npy,/home/grva-mintcave/Projects/Facies/Dataset/facies/tiles/masks/img_02612.npy,"(4, 512, 512)",0.0,1.0,0.5021989345550537,0.13006941974163055,5
/home/grva-mintcave/Projects/Facies/Dataset/facies/tiles/images/img_02613.npy,/home/grva-mintcave/Projects/Facies/Dataset/facies/tiles/masks/img_02613.npy,"(4, 512, 512)",0.0,1.0,0.5031078457832336,0.08684145659208298,5
/home/grva-mintcave/Projects/Facies/Dataset/facies/tiles/images/img_02614.npy,/home/grva-mintcave/Projects/Facies/Dataset/facies/tiles/masks/img_02614.npy,"(4, 512, 512)",0.0,1.0,0.503099799156189,0.08655039221048355,0
/home/grva-mintcave/Projects/Facies/Dataset/facies/tiles/images/img_02615.npy,/home/grva-mintcave/Projects/Facies/Dataset/facies/tiles/masks/img_02615.npy,"(4, 512, 512)",0.0,1.0,0.5030698776245117,0.12067928165197372,5
/home/grva-mintcave/Projects/Facies/Dataset/facies/tiles/images/img_02616.npy,/home/grva-mintcave/Projects/Facies/Dataset/facies/tiles/masks/img_02616.npy,"(4, 512, 512)",0.0,1.0,0.5010524988174438,0.18061544001102448,5
/home/grva-mintcave/Projects/Facies/Dataset/facies/tiles/images/img_02617.npy,/home/grva-mintcave/Projects/Facies/Dataset/facies/tiles/masks/img_02617.npy,"(4, 512, 512)",0.0,1.0,0.4984323978424072,0.18963240087032318,5
/home/grva-mintcave/Projects/Facies/Dataset/facies/tiles/images/img_02618.npy,/home/grva-mintcave/Projects/Facies/Dataset/facies/tiles/masks/img_02618.npy,"(4, 512, 512)",0.0,1.0,0.5012357234954834,0.12745611369609833,5
/home/grva-mintcave/Projects/Facies/Dataset/facies/tiles/images/img_02619.npy,/home/grva-mintcave/Projects/Facies/Dataset/facies/tiles/masks/img_02619.npy,"(4, 512, 512)",0.0,1.0,0.5012061595916748,0.1266404241323471,4
